ticker,category,bin,direction,p,y,gross_pnl,fee,net_pnl
KXTRUMPACT-26APR19-T1,Politics,"(0.9, 1.0]",-1,0.99,1.0,-0.04999999999999999,0.0033249999999999994,-0.05332499999999999
KXATPCHALLENGERMATCH-26APR26BRUROS-ROS,Sports,"(0.8, 0.9]",-1,0.85,0.0,0.44500000000000006,0.017288250000000005,0.42771175000000006
KXEPLMENTION-26APR25ARSNEW-SLID,Mentions,"(0.2, 0.3]",-1,0.235,0.0,-0.21500000000000008,0.0006930000000000006,-0.21569300000000008
KXEPLMENTION-26APR25ARSNEW-WORL,Mentions,"(0.8, 0.9]",-1,0.89,0.0,0.43999999999999995,0.017248,0.42275199999999996
KXKHANNAMENTION-26APR26-OIL,Mentions,"(0.8, 0.9]",-1,0.83,1.0,-0.6200000000000001,0.016492,-0.6364920000000001
KXKHANNAMENTION-26APR26-EPST,Mentions,"(0.5, 0.6]",-1,0.5283,1.0,-0.9217,0.005051837700000003,-0.9267518376999999
KXKHANNAMENTION-26APR26-NQE,Mentions,"(-0.001, 0.1]",1,0.01,0.0,-0.46,0.017388000000000004,-0.47738800000000003
KXATHLETEMENTION-26APR25-RUDY,Mentions,"(0.4, 0.5]",-1,0.5,1.0,-0.95,0.0033250000000000033,-0.953325
KXATHLETEMENTION-26APR25-TECH,Mentions,"(0.2, 0.3]",-1,0.22,0.0,-0.22999999999999998,0.0006930000000000006,-0.23069299999999998
KXATHLETEMENTION-26APR25-CHAM,Mentions,"(0.2, 0.3]",-1,0.23,0.0,-0.21999999999999997,0.0006930000000000006,-0.22069299999999997
KXFOXNEWSMENTION-26APR26-AFFO,Mentions,"(0.5, 0.6]",-1,0.6,1.0,-0.8500000000000001,0.008924999999999997,-0.858925
KXFOXNEWSMENTION-26APR26-NQE,Mentions,"(-0.001, 0.1]",1,0.0533,0.0,-0.5033,0.0174992377,-0.5207992376999999
KXFOXNEWSMENTION-26APR26-CORR,Mentions,"(0.2, 0.3]",-1,0.3,0.0,-0.1499999999999999,0.0006930000000000006,-0.1506929999999999
KXFOXNEWSMENTION-26APR26-FRAU,Mentions,"(0.3, 0.4]",-1,0.33,0.0,-0.11999999999999988,0.0006930000000000006,-0.12069299999999988
KXFOXNEWSMENTION-26APR26-REDI,Mentions,"(0.5, 0.6]",-1,0.6,0.0,0.1499999999999999,0.008924999999999997,0.14107499999999992
KXFOXNEWSMENTION-26APR26-OIL,Mentions,"(0.6, 0.7]",-1,0.69,0.0,0.24,0.012768,0.227232
KXNBAMENTION-26APR25NYKATL-WING,Mentions,"(0.3, 0.4]",-1,0.37,0.0,-0.08000000000000007,0.0006930000000000006,-0.08069300000000007
KXFACUP-26-CRY,Sports,"(0.8, 0.9]",-1,0.81,0.0,0.405,0.01686825,0.38813175
KXMLBMENTION-26APR25CLETOR-DOUB,Mentions,"(0.9, 1.0]",-1,0.91,1.0,-0.5349999999999999,0.017414250000000003,-0.5524142499999999
KXMLBMENTION-26APR25CLETOR-ROGE,Mentions,"(0.9, 1.0]",-1,0.91,1.0,-0.5349999999999999,0.017414250000000003,-0.5524142499999999
KXFOXNEWSMENTION-26APR26B-FRAU,Mentions,"(0.5, 0.6]",-1,0.6,1.0,-0.8500000000000001,0.008924999999999997,-0.858925
KXATPMATCH-26APR26NORTIR-NOR,Sports,"(0.5, 0.6]",-1,0.55,1.0,-0.84,0.009408000000000003,-0.8494079999999999
KXMLBHR-26APR261340COLNYMG1-NYMJSOTO22-2,Sports,"(0.9, 1.0]",-1,0.99,0.0,0.5,0.0175,0.4825
KXBESSENTMTPMENTION-26APR26-NQE,Mentions,"(0.2, 0.3]",-1,0.28,1.0,-1.17,0.0006930000000000006,-1.170693
KXBESSENTMTPMENTION-26APR26-ECON,Mentions,"(0.5, 0.6]",-1,0.5556,0.0,0.10559999999999992,0.0066114047999999955,0.09898859519999992
KXBESSENTMTPMENTION-26APR26-TARI,Mentions,"(0.5, 0.6]",-1,0.53,0.0,0.08000000000000007,0.005152000000000005,0.07484800000000007
KXBESSENTMTPMENTION-26APR26-CHIN,Mentions,"(0.6, 0.7]",-1,0.61,0.0,0.15999999999999992,0.009407999999999998,0.15059199999999992
KXBESSENTMTPMENTION-26APR26-KEVI,Mentions,"(0.6, 0.7]",-1,0.63,0.0,0.17999999999999994,0.010331999999999997,0.16966799999999993
KXBESSENTMTPMENTION-26APR26-FED,Mentions,"(0.6, 0.7]",-1,0.66,0.0,0.20999999999999996,0.011613,0.19838699999999995
KXFTNMENTION-26APR26-AFFO,Mentions,"(0.6, 0.7]",-1,0.6067,0.0,0.15670000000000006,0.009250157700000004,0.14744984230000005
KXFTNMENTION-26APR26-CHRO,Mentions,"(0.7, 0.8]",-1,0.72,0.0,0.27,0.013797000000000002,0.256203
KXFTNMENTION-26APR26-FRAU,Mentions,"(0.8, 0.9]",-1,0.8822,0.0,0.4321999999999999,0.0171782212,0.4150217787999999
KXFTNMENTION-26APR26-DEMO,Mentions,"(0.4, 0.5]",-1,0.464,0.0,0.014000000000000012,0.000966280000000001,0.01303372000000001
KXMLBTOTAL-26APR261410PITMIL-13,Sports,"(0.1, 0.2]",1,0.2,0.0,-0.6950000000000001,0.014838249999999999,-0.7098382500000001
KXMLBHR-26APR261337CLETOR-CLEDFRY6-1,Sports,"(0.1, 0.2]",1,0.17,0.0,-0.66,0.015708,-0.675708
KXMLBHIT-26APR261340COLNYMG1-COLETOVAR14-1,Sports,"(0.5, 0.6]",-1,0.55,0.0,0.26,0.013468000000000003,0.246532
KXMLBTB-26APR261410PITMIL-PITKGRIFFIN75-3,Sports,"(0.1, 0.2]",1,0.15,0.0,-0.625,0.01640625,-0.64140625
KXMLBHR-26APR261335PHIATL-PHIFREYES29-1,Sports,"(0.1, 0.2]",1,0.12,0.0,-0.61,0.016653,-0.626653
KXMLBHIT-26APR261415SEASTL-SEAJRODRGUEZ44-1,Sports,"(0.7, 0.8]",-1,0.72,1.0,-0.775,0.01220625,-0.78720625
KXMLBHRR-26APR261335PHIATL-ATLARILEY27-2,Sports,"(0.5, 0.6]",-1,0.52,0.0,0.18000000000000005,0.010332000000000003,0.16966800000000004
KXMLBHRR-26APR261340MINTB-TBJARANDA8-2,Sports,"(0.5, 0.6]",-1,0.54,1.0,-0.955,0.003008250000000003,-0.95800825
KXNBABLK-26APR26SASPOR-PORDCLINGAN23-2,Sports,"(0.2, 0.3]",-1,0.3,0.0,-0.18999999999999995,0.0006930000000000006,-0.19069299999999995
KXPGATOP10-ZUCONO26-REVE,Sports,"(0.2, 0.3]",-1,0.3,1.0,-0.8999999999999999,0.006300000000000005,-0.9062999999999999
KXBTC-26APR2620-B78250,Crypto,"(0.2, 0.3]",-1,0.3,0.0,-0.16999999999999993,0.0006930000000000006,-0.17069299999999993
KXMLBHR-26APR261605SDAZ-AZTTAWA13-1,Sports,"(0.1, 0.2]",1,0.15,1.0,0.355,0.01602825,0.33897174999999996
KXNBAMENTION-26APR25DENMIN-JORD,Mentions,"(0.5, 0.6]",-1,0.5088,0.0,0.05879999999999996,0.0038739791999999984,0.05492602079999997
KXNBAMENTION-26APR25DENMIN-MVP,Mentions,"(0.7, 0.8]",-1,0.78,1.0,-0.6699999999999999,0.015477000000000003,-0.6854769999999999
KXNBAMENTION-26APR25DENMIN-LEGA,Mentions,"(0.4, 0.5]",-1,0.4311,0.0,-0.018899999999999917,0.0006930000000000006,-0.019592999999999916
KXNBAMENTION-26APR25DENMIN-WING,Mentions,"(0.3, 0.4]",-1,0.37,0.0,-0.08000000000000007,0.0006930000000000006,-0.08069300000000007
KXNBAMENTION-26APR25DENMIN-LARR,Mentions,"(0.3, 0.4]",-1,0.3511,0.0,-0.09889999999999999,0.0006930000000000006,-0.09959299999999999
KXNBAMENTION-26APR25DENMIN-NQE,Mentions,"(-0.001, 0.1]",1,0.01,0.0,-0.46,0.017388000000000004,-0.47738800000000003
KXMLBMENTION-26APR26LAAKC-DOUB,Mentions,"(0.8, 0.9]",-1,0.9,1.0,-0.55,0.017325,-0.5673250000000001
KXMLBMENTION-26APR26LAAKC-KAUF,Mentions,"(0.9, 1.0]",-1,0.905,1.0,-0.5449999999999999,0.017358250000000002,-0.56235825
KXTRUMPMENTION-26APR26-DEMO,Mentions,"(0.3, 0.4]",-1,0.34,1.0,-1.145,0.0006930000000000006,-1.145693
KXTRUMPMENTION-26APR26-BIDE,Mentions,"(0.6, 0.7]",-1,0.69,0.0,0.20499999999999996,0.011408249999999998,0.19359174999999995
KXTRUMPMENTION-26APR26-BLOC,Mentions,"(0.8, 0.9]",-1,0.9,0.0,0.47,0.017437,0.452563
KXTRUMPMENTION-26APR26-ELEC,Mentions,"(0.6, 0.7]",-1,0.64,0.0,0.15500000000000003,0.009168250000000001,0.14583175000000004
KXTRUMPMENTION-26APR26-FREE,Mentions,"(0.5, 0.6]",-1,0.5197,0.0,0.1897000000000001,0.010759973700000005,0.17894002630000008
KXTRUMPMENTION-26APR26-SAVE,Mentions,"(0.3, 0.4]",-1,0.33,0.0,-0.1549999999999998,0.0006930000000000006,-0.1556929999999998
KXTRUMPMENTION-26APR26-OIL,Mentions,"(0.6, 0.7]",-1,0.6434,0.0,0.15839999999999999,0.0093316608,0.14906833919999998
KXTRUMPMENTION-26APR26-NQE,Mentions,"(-0.001, 0.1]",1,0.05,0.0,-0.535,0.01741425,-0.55241425
KXTRUMPMENTION-26APR26-ICE,Mentions,"(0.3, 0.4]",-1,0.35,0.0,-0.135,0.0006930000000000006,-0.135693
KXTRUMPMENTION-26APR26-FAKE,Mentions,"(0.7, 0.8]",-1,0.8,0.0,0.31500000000000006,0.015104250000000003,0.29989575000000007
KXTRUMPMENTION-26APR26-TDS,Mentions,"(0.8, 0.9]",-1,0.85,0.0,0.365,0.016224250000000003,0.34877575
KXTRUMPMENTION-26APR26-250,Mentions,"(0.3, 0.4]",-1,0.33,0.0,-0.1549999999999998,0.0006930000000000006,-0.1556929999999998
KXTRUMPMENTION-26APR26-CHAR,Mentions,"(0.3, 0.4]",-1,0.33,0.0,-0.1549999999999998,0.0006930000000000006,-0.1556929999999998
KXTRUMPMENTION-26APR26-CHIN,Mentions,"(0.2, 0.3]",-1,0.2215,0.0,-0.26350000000000007,0.0006930000000000006,-0.26419300000000007
KXMLBHRR-26APR261610LAAKC-LAATDARNAUD25-3,Sports,"(0.2, 0.3]",-1,0.23,0.0,0.19499999999999995,0.01098825,0.18401174999999995
KXTRUMPSAY-26APR27-CRYP,Mentions,"(0.2, 0.3]",-1,0.26,1.0,-0.895,0.00657825,-0.90157825
KXTRUMPSAY-26APR27-NEWS,Mentions,"(0.8, 0.9]",-1,0.85,1.0,-0.19,0.010773000000000001,-0.200773
KXTRUMPSAY-26APR27-WHO,Mentions,"(0.5, 0.6]",-1,0.5909,1.0,-0.4541,0.017352523300000002,-0.4714525233
KXNHLPTS-26APR26TBMTL-TBBHAGEL38-2,Sports,"(0.2, 0.3]",-1,0.25,1.0,-1.24,0.0006930000000000006,-1.240693
KXDOGE15M-26APR262330-30,Crypto,"(0.2, 0.3]",-1,0.2579,0.0,0.2379,0.012691251300000001,0.2252087487
KXDIMAYORGAME-26APR26INTCHI-CHI,Sports,"(0.1, 0.2]",1,0.2,0.0,-0.595,0.01686825,-0.61186825
KXAAAGASD-26APR27-4.065,Economics,"(0.9, 1.0]",-1,0.99,1.0,-0.5,0.0175,-0.5175
KXAAAGASD-26APR27-4.070,Economics,"(0.9, 1.0]",-1,0.99,1.0,-0.5,0.0175,-0.5175
KXAAAGASD-26APR27-4.075,Economics,"(0.9, 1.0]",-1,0.99,1.0,-0.5,0.0175,-0.5175
KXAAAGASD-26APR27-4.080,Economics,"(0.9, 1.0]",-1,0.99,1.0,-0.5,0.0175,-0.5175
KXAAAGASD-26APR27-4.085,Economics,"(0.9, 1.0]",-1,0.99,1.0,-0.5,0.0175,-0.5175
KXAAAGASD-26APR27-4.090,Economics,"(0.9, 1.0]",-1,0.99,1.0,-0.5,0.0175,-0.5175
KXTSAW-26APR26-A2.40,Economics,"(0.9, 1.0]",-1,0.93,1.0,-0.10999999999999993,0.006852999999999997,-0.11685299999999993
KXAAAGASD-26APR27-4.095,Economics,"(0.9, 1.0]",-1,0.99,1.0,-0.5,0.0175,-0.5175
KXAAAGASD-26APR27-4.105,Economics,"(0.8, 0.9]",-1,0.84,1.0,-0.65,0.015925,-0.665925
KXAAAGASW-26APR27-3.880,Economics,"(0.8, 0.9]",-1,0.82,1.0,-0.21500000000000002,0.01181425,-0.22681425000000002
KXTSAW-26APR26-A2.65,Economics,"(-0.001, 0.1]",1,0.02,0.0,-0.045,0.00300825,-0.048008249999999995
KXAAAGASW-26APR27-3.900,Economics,"(0.8, 0.9]",-1,0.8133,1.0,-0.2117,0.011681817700000001,-0.2233818177
KXAAAGASW-26APR27-4.110,Economics,"(0.8, 0.9]",-1,0.81,1.0,-0.59,0.016933000000000004,-0.606933
KXAAAGASD-26APR27-4.125,Economics,"(-0.001, 0.1]",1,0.07,0.0,-0.56,0.017248,-0.5772480000000001
KXAAAGASD-26APR27-4.130,Economics,"(-0.001, 0.1]",1,0.01,0.0,-0.5,0.0175,-0.5175
KXAAAGASW-26APR27-4.090,Economics,"(0.8, 0.9]",-1,0.81,1.0,-0.59,0.016933000000000004,-0.606933
KXAAAGASD-26APR27-4.135,Economics,"(-0.001, 0.1]",1,0.01,0.0,-0.5,0.0175,-0.5175
KXAAAGASW-26APR27-4.070,Economics,"(0.8, 0.9]",-1,0.81,1.0,-0.59,0.016933000000000004,-0.606933
KXAAAGASD-26APR27-4.140,Economics,"(-0.001, 0.1]",1,0.01,0.0,-0.5,0.0175,-0.5175
KXAAAGASD-26APR27-4.145,Economics,"(-0.001, 0.1]",1,0.01,0.0,-0.5,0.0175,-0.5175
KXTSAW-26APR26-A2.55,Economics,"(-0.001, 0.1]",1,0.0972,0.0,-0.12219999999999999,0.007508701200000001,-0.1297087012
KXTSAW-26APR26-A2.80,Economics,"(-0.001, 0.1]",1,0.03,0.0,-0.05,0.0033250000000000003,-0.053325000000000004
KXTSAW-26APR26-A2.60,Economics,"(-0.001, 0.1]",1,0.05,0.0,-0.07500000000000001,0.004856250000000001,-0.07985625000000002
KXAAAGASD-26APR27-4.120,Economics,"(-0.001, 0.1]",1,0.09,0.0,-0.58,0.017052000000000005,-0.5970519999999999
KXAAAGASW-26APR27-3.840,Economics,"(0.8, 0.9]",-1,0.82,1.0,-0.18500000000000005,0.010554250000000003,-0.19555425000000007
KXAAAGASD-26APR27-4.050,Economics,"(-0.001, 0.1]",1,0.01,1.0,0.505,0.01749825,0.48750175
KXAAAGASD-26APR27-4.055,Economics,"(0.9, 1.0]",-1,0.99,1.0,-0.5,0.0175,-0.5175
KXAAAGASD-26APR27-4.060,Economics,"(0.9, 1.0]",-1,0.99,1.0,-0.5,0.0175,-0.5175
KXAAAGASW-26APR27-4.180,Economics,"(-0.001, 0.1]",1,0.06,0.0,-0.07999999999999999,0.005152,-0.08515199999999999
KXAAAGASW-26APR27-4.160,Economics,"(-0.001, 0.1]",1,0.05,0.0,-0.07,0.004557,-0.07455700000000001
KXAAAGASW-26APR27-4.140,Economics,"(-0.001, 0.1]",1,0.05,0.0,-0.065,0.00425425,-0.06925425
KXAAAGASW-26APR27-3.860,Economics,"(0.8, 0.9]",-1,0.82,1.0,-0.645,0.01602825,-0.66102825
KXAAAGASW-26APR27-4.100,Economics,"(-0.001, 0.1]",1,0.08,1.0,0.905,0.006018250000000001,0.89898175
KXAAAGASW-26APR27-4.080,Economics,"(-0.001, 0.1]",1,0.09,1.0,0.905,0.006018250000000001,0.89898175
KXAAAGASW-26APR27-3.980,Economics,"(0.4, 0.5]",-1,0.41,1.0,-0.615,0.016574250000000002,-0.63157425
KXAAAGASW-26APR27-4.120,Economics,"(-0.001, 0.1]",1,0.05,0.0,-0.065,0.00425425,-0.06925425
KXNBA3PT-26APR26LALHOU-HOUATHOMPSON1-1,Sports,"(0.2, 0.3]",-1,0.25,0.0,-0.2450000000000001,0.0006930000000000006,-0.2456930000000001
KXNBAMENTION-26APR26CLETOR-INJU,Mentions,"(0.9, 1.0]",-1,0.91,1.0,-0.5599999999999999,0.017248000000000003,-0.577248
KXNBAMENTION-26APR26CLETOR-GOAT,Mentions,"(0.2, 0.3]",-1,0.22,0.0,-0.22999999999999998,0.0006930000000000006,-0.23069299999999998
KXNBAMENTION-26APR26LALHOU-CROW,Mentions,"(0.9, 1.0]",-1,0.9132,0.0,0.6981999999999999,0.014750173200000001,0.6834498267999999
KXNBAMENTION-26APR26LALHOU-RETI,Mentions,"(0.2, 0.3]",-1,0.265,0.0,-0.18500000000000005,0.0006930000000000006,-0.18569300000000005
KXNBAMENTION-26APR26LALHOU-LARR,Mentions,"(0.3, 0.4]",-1,0.3518,0.0,-0.09820000000000007,0.0006930000000000006,-0.09889300000000006
KXBTC15M-26APR270245-45,Crypto,"(0.2, 0.3]",-1,0.2995,0.0,0.2945,0.0145438825,0.2799561175
KXWTACHALLENGERMATCH-26APR27MIKLAN-LAN,Sports,"(0.5, 0.6]",-1,0.58,1.0,-0.86,0.008428000000000001,-0.868428
KXNBAMENTION-26APR26BOSPHI-ROOK,Mentions,"(0.9, 1.0]",-1,0.91,1.0,-0.27999999999999997,0.014112,-0.294112
KXNBAMENTION-26APR26BOSPHI-TECH,Mentions,"(0.6, 0.7]",-1,0.69,0.0,0.24,0.012768,0.227232
KXNBAMENTION-26APR26BOSPHI-DRAF,Mentions,"(0.6, 0.7]",-1,0.64,1.0,-0.81,0.010772999999999998,-0.8207730000000001
KXATPCHALLENGERMATCH-26APR27FORNIC-FOR,Sports,"(0.5, 0.6]",-1,0.57,1.0,-0.835,0.009644250000000002,-0.84464425
KXNBAMENTION-26APR26SASPOR-INJU,Mentions,"(0.9, 1.0]",-1,0.91,1.0,-0.5599999999999999,0.017248000000000003,-0.577248
KXNBAMENTION-26APR26SASPOR-ROOK,Mentions,"(0.9, 1.0]",-1,0.91,1.0,-0.54,0.017388,-0.557388
KXNBAMENTION-26APR26SASPOR-NQE,Mentions,"(-0.001, 0.1]",1,0.01,0.0,-0.46,0.017388000000000004,-0.47738800000000003
KXNBAMENTION-26APR26SASPOR-GOAT,Mentions,"(0.3, 0.4]",-1,0.318,0.0,-0.1319999999999999,0.0006930000000000006,-0.1326929999999999
KXATPCHALLENGERMATCH-26APR27ROCPOT-POT,Sports,"(0.9, 1.0]",-1,0.94,1.0,-0.52,0.017472,-0.5374720000000001
KXTRUMPSAY-26APR27-AUTO,Mentions,"(0.7, 0.8]",-1,0.8,1.0,-0.345,0.015818250000000002,-0.36081824999999995
KXTRUMPSAY-26APR27-COMM,Mentions,"(0.3, 0.4]",-1,0.4,0.0,0.21999999999999997,0.012012,0.20798799999999998
KXTRUMPSAY-26APR27-EPST,Mentions,"(0.3, 0.4]",-1,0.4,1.0,-0.775,0.01220625,-0.78720625
KXTRUMPSAY-26APR27-TDS,Mentions,"(0.8, 0.9]",-1,0.84,0.0,0.665,0.015594250000000002,0.64940575
KXTRUMPSAY-26APR27-MARI,Mentions,"(0.5, 0.6]",-1,0.6,1.0,-0.585,0.016994250000000002,-0.60199425
KXTRUMPSAY-26APR27-MOG,Mentions,"(-0.001, 0.1]",1,0.05,0.0,-0.06,0.003948,-0.063948
KXTRUMPSAY-26APR27-ALLA,Mentions,"(0.3, 0.4]",-1,0.3938,0.0,0.2487999999999999,0.013082899199999998,0.2357171007999999
KXMLBMENTION-26APR25DETCIN-GREA,Mentions,"(0.9, 1.0]",-1,0.91,1.0,-0.33499999999999996,0.01559425,-0.35059424999999994
KXATHLETEMENTION-26APR26-TURN,Mentions,"(0.5, 0.6]",-1,0.54,1.0,-0.9099999999999999,0.0057330000000000055,-0.9157329999999999
KXATHLETEMENTION-26APR26-NQE,Mentions,"(-0.001, 0.1]",1,0.0117,0.0,-0.4617,0.0173973177,-0.4790973177
KXATHLETEMENTION-26APR26-ELEV,Mentions,"(0.3, 0.4]",-1,0.31,0.0,-0.1399999999999999,0.0006930000000000006,-0.1406929999999999
KXATHLETEMENTION-26APR26-BRON,Mentions,"(0.7, 0.8]",-1,0.78,0.0,0.33000000000000007,0.015477000000000003,0.31452300000000005
KXEARNINGSMENTIONVZ-26APR27-RURA,Mentions,"(0.3, 0.4]",-1,0.32,0.0,0.25,0.013125000000000001,0.236875
KXEARNINGSMENTIONDPZ-26APR27-SAME,Mentions,"(0.9, 1.0]",-1,0.928,1.0,-0.12199999999999994,0.007498119999999999,-0.12949811999999994
KXEARNINGSMENTIONDPZ-26APR27-AI,Mentions,"(0.3, 0.4]",-1,0.38,1.0,-0.7,0.014700000000000003,-0.7147
KXEARNINGSMENTIONDPZ-26APR27-AUTO,Mentions,"(0.2, 0.3]",-1,0.25,0.0,0.15000000000000002,0.008925000000000002,0.141075
KXEARNINGSMENTIONDPZ-26APR27-EMER,Mentions,"(0.4, 0.5]",-1,0.46,0.0,0.38,0.016492,0.363508
KXMLBMENTION-26APR25DETCIN-PITC,Mentions,"(0.3, 0.4]",-1,0.31,0.0,-0.135,0.0006930000000000006,-0.135693
KXNBAMENTION-26APR26LALHOU-KOBE,Mentions,"(0.3, 0.4]",-1,0.4,0.0,-0.050000000000000044,0.0006930000000000006,-0.050693000000000044
KXFIGHTMENTION-26APR25GARHER-CHOK,Mentions,"(0.7, 0.8]",-1,0.71,0.0,0.26,0.013468000000000003,0.246532
KXFIGHTMENTION-26APR25GARHER-NQE,Mentions,"(-0.001, 0.1]",1,0.0101,0.0,-0.4601,0.017388559300000005,-0.4774885593
KXFIGHTMENTION-26APR25STEZAL-NQE,Mentions,"(-0.001, 0.1]",1,0.0101,0.0,-0.4601,0.017388559300000005,-0.4774885593
KXINXU-26APR27H1200-T7139.9999,Financials,"(0.9, 1.0]",-1,0.9114,1.0,-0.10859999999999997,0.006776422799999998,-0.11537642279999998
KXNBAMENTION-26APR26CLETOR-LEGA,Mentions,"(0.3, 0.4]",-1,0.3511,0.0,-0.09889999999999999,0.0006930000000000006,-0.09959299999999999
KXSECPRESSMENTION-26MAY07-GAS,Mentions,"(0.7, 0.8]",-1,0.78,0.0,0.3500000000000001,0.015925000000000005,0.33407500000000007
KXSECPRESSMENTION-26MAY07-ISRA,Mentions,"(0.4, 0.5]",-1,0.5,0.0,0.07000000000000006,0.004557000000000005,0.06544300000000006
KXSECPRESSMENTION-26MAY07-EPIC,Mentions,"(0.4, 0.5]",-1,0.4948,0.0,0.06479999999999997,0.004242067199999999,0.06055793279999997
KXSECPRESSMENTION-26MAY07-AMER,Mentions,"(0.3, 0.4]",-1,0.33,0.0,-0.09999999999999987,0.0006930000000000006,-0.10069299999999987
KXSECPRESSMENTION-26MAY07-CEAS,Mentions,"(0.4, 0.5]",-1,0.4889,0.0,0.05889999999999995,0.003880155299999997,0.05501984469999995
KXSECPRESSMENTION-26MAY07-CALI,Mentions,"(0.9, 1.0]",-1,0.98,0.0,0.495,0.017498250000000003,0.47750175
KXSECPRESSMENTION-26MAY07-SHUT,Mentions,"(0.4, 0.5]",-1,0.46,1.0,-0.9750000000000001,0.0017062499999999944,-0.9767062500000001
KXSECPRESSMENTION-26MAY07-KING,Mentions,"(0.8, 0.9]",-1,0.8933,1.0,-0.5917,0.0169113777,-0.6086113777
KXSECPRESSMENTION-26MAY07-HERO,Mentions,"(0.8, 0.9]",-1,0.87,1.0,-0.565,0.017204250000000004,-0.58220425
KXSECPRESSMENTION-26MAY07-PREG,Mentions,"(0.4, 0.5]",-1,0.5,0.0,0.015000000000000013,0.001034250000000001,0.013965750000000013
KXHOCHULMENTION-26APR22B-ECON,Mentions,"(0.5, 0.6]",-1,0.587,1.0,-0.603,0.016757370000000004,-0.61975737
KXHOCHULMENTION-26APR22B-BUFF,Mentions,"(0.7, 0.8]",-1,0.79,1.0,-0.4,0.016800000000000002,-0.4168
KXHOCHULMENTION-26APR22B-BILL,Mentions,"(0.3, 0.4]",-1,0.37,0.0,0.18999999999999995,0.010772999999999998,0.17922699999999994
KXHOCHULMENTION-26APR22B-MAYO,Mentions,"(0.7, 0.8]",-1,0.72,1.0,-0.4700000000000001,0.017437,-0.48743700000000006
KXHOCHULMENTION-26APR22B-IRAN,Mentions,"(0.3, 0.4]",-1,0.35,0.0,0.15999999999999992,0.009407999999999998,0.15059199999999992
KXBNB15M-26APR271415-15,Crypto,"(0.2, 0.3]",-1,0.27,0.0,0.10000000000000009,0.006300000000000005,0.09370000000000009
KXMAMDANIMENTION-26APR25-SAFE,Mentions,"(0.6, 0.7]",-1,0.62,1.0,-0.8300000000000001,0.009876999999999999,-0.8398770000000001
KXMAMDANIMENTION-26APR25-BILL,Mentions,"(0.4, 0.5]",-1,0.48,0.0,0.030000000000000027,0.002037000000000002,0.027963000000000026
KXMAMDANIMENTION-26APR25-ECON,Mentions,"(0.3, 0.4]",-1,0.4,1.0,-1.05,0.0006930000000000006,-1.050693
KXINXU-26APR27H1600-T6849.9999,Financials,"(0.9, 1.0]",-1,0.98,1.0,-0.03500000000000003,0.002364250000000002,-0.037364250000000036
KXINXU-26APR27H1600-T6874.9999,Financials,"(0.9, 1.0]",-1,0.9802,1.0,-0.03980000000000006,0.002675117200000004,-0.042475117200000065
KXINXU-26APR27H1600-T7024.9999,Financials,"(0.9, 1.0]",-1,0.96,1.0,-0.065,0.00425425,-0.06925425
KXINXU-26APR27H1600-T6999.9999,Financials,"(0.9, 1.0]",-1,0.9823,1.0,-0.042700000000000016,0.0028613697000000014,-0.04556136970000002
KXPOLITICSMENTION-26APR27-NQE,Mentions,"(-0.001, 0.1]",1,0.0133,0.0,-0.4633,0.0174057177,-0.4807057177
KXPOLITICSMENTION-26APR27-MANI,Mentions,"(0.8, 0.9]",-1,0.86,1.0,-0.5900000000000001,0.016933,-0.6069330000000001
KXPOLITICSMENTION-26APR27-TRUM,Mentions,"(0.6, 0.7]",-1,0.66,1.0,-0.79,0.011613,-0.801613
KXPOLITICSMENTION-26APR27-BUTL,Mentions,"(0.3, 0.4]",-1,0.4,0.0,-0.050000000000000044,0.0006930000000000006,-0.050693000000000044
KXPOLITICSMENTION-26APR27-SECR,Mentions,"(0.8, 0.9]",-1,0.86,1.0,-0.5900000000000001,0.016933,-0.6069330000000001
KXPOLITICSMENTION-26APR27-SHOT,Mentions,"(0.8, 0.9]",-1,0.86,1.0,-0.5900000000000001,0.016933,-0.6069330000000001
KXPOLITICSMENTION-26APR27-BIDE,Mentions,"(0.3, 0.4]",-1,0.3722,0.0,-0.07780000000000009,0.0006930000000000006,-0.07849300000000009
KXETH-26APR2717-B2400,Crypto,"(0.2, 0.3]",-1,0.21,0.0,0.08999999999999997,0.0057329999999999985,0.08426699999999997
KXMLBMENTION-26APR26LAAKC-WILD,Mentions,"(0.3, 0.4]",-1,0.3149,0.0,-0.1251,0.0006930000000000006,-0.125793
KXMLBMENTION-26APR26LAAKC-PINC,Mentions,"(0.9, 1.0]",-1,0.91,0.0,0.47,0.017437,0.452563
KXBNB15M-26APR271730-30,Crypto,"(0.2, 0.3]",-1,0.2528,1.0,-0.9471999999999999,0.0035008512000000045,-0.9507008511999999
KXHEARINGMENTION-26APR27B-AFFO,Mentions,"(0.3, 0.4]",-1,0.3411,1.0,-1.1089,0.0006930000000000006,-1.109593
KXHEARINGMENTION-26APR27-ELON,Mentions,"(0.3, 0.4]",-1,0.35,0.0,-0.10000000000000009,0.0006930000000000006,-0.10069300000000009
KXHEARINGMENTION-26APR27-SPAC,Mentions,"(0.5, 0.6]",-1,0.5444,1.0,-0.9056,0.005984204800000003,-0.9115842047999999
KXHEARINGMENTION-26APR27-AI,Mentions,"(0.4, 0.5]",-1,0.45,1.0,-1.0,0.0006930000000000006,-1.000693
KXHEARINGMENTION-26APR27-ARTE,Mentions,"(0.8, 0.9]",-1,0.893,1.0,-0.5569999999999999,0.01727257,-0.57427257
KXHEARINGMENTION-26APR27-MOON,Mentions,"(0.8, 0.9]",-1,0.85,1.0,-0.6000000000000001,0.0168,-0.6168000000000001
KXTRUEV-26APR27-T1157.24,Economics,"(0.9, 1.0]",-1,0.98,1.0,-0.51,0.017493,-0.527493
KXTRUFDEAD-26APR27-T403.95,Economics,"(0.9, 1.0]",-1,0.98,1.0,-0.51,0.017493,-0.527493
KXTRUFDEAD-26APR27-T406.45,Economics,"(0.9, 1.0]",-1,0.98,1.0,-0.51,0.017493,-0.527493
KXUE-JPN26APR-2.2,Economics,"(0.9, 1.0]",-1,0.94,1.0,-0.555,0.01728825,-0.57228825
KXUE-JPN26APR-2.1,Economics,"(0.9, 1.0]",-1,0.95,1.0,-0.55,0.017325,-0.5673250000000001
KXUE-JPN26APR-2.4,Economics,"(0.8, 0.9]",-1,0.85,1.0,-0.64,0.016128000000000003,-0.656128
KXUE-JPN26APR-2.7,Economics,"(-0.001, 0.1]",1,0.05,0.0,-0.54,0.017388,-0.557388
KXDOGE15M-26APR272030-30,Crypto,"(0.2, 0.3]",-1,0.2909,0.0,0.2508999999999999,0.013156443299999997,0.23774355669999991
KXTHEWEEKNIGHTMENTION-26APR27B-TRUM,Mentions,"(0.6, 0.7]",-1,0.69,0.0,0.24,0.012768,0.227232
KXTHEWEEKNIGHTMENTION-26APR27B-MANI,Mentions,"(0.6, 0.7]",-1,0.6168,0.0,0.16680000000000006,0.009728443200000004,0.15707155680000007
KXTHEWEEKNIGHTMENTION-26APR27B-AFFO,Mentions,"(0.4, 0.5]",-1,0.5,0.0,0.050000000000000044,0.0033250000000000033,0.04667500000000004
KXTHEWEEKNIGHTMENTION-26APR27B-OIL,Mentions,"(0.2, 0.3]",-1,0.22,0.0,-0.22999999999999998,0.0006930000000000006,-0.23069299999999998
KXMLBHIT-26APR271810TBCLE-CLEJRAMREZ11-2,Sports,"(0.2, 0.3]",-1,0.3,0.0,-0.19499999999999984,0.0006930000000000006,-0.19569299999999984
KXMLBHR-26APR271840STLPIT-STLJWALKER18-1,Sports,"(0.1, 0.2]",1,0.14,0.0,-0.63,0.016317,-0.646317
KXNHLPTS-26APR27PHIPIT-PITSCROSBY87-3,Sports,"(0.1, 0.2]",1,0.17,0.0,-0.66,0.015708,-0.675708
KXCBDECISIONJAPAN-26APR27-HOLD,Economics,"(0.8, 0.9]",-1,0.88,1.0,-0.61,0.016653,-0.626653
KXCBDECISIONJAPAN-26APR27-H25P,Economics,"(-0.001, 0.1]",1,0.01,0.0,-0.5,0.0175,-0.5175
KXCBDECISIONJAPAN-26APR27-H25,Economics,"(-0.001, 0.1]",1,0.05,0.0,-0.54,0.017388,-0.557388
KXCBDECISIONJAPAN-26APR27-C25P,Economics,"(-0.001, 0.1]",1,0.01,0.0,-0.5,0.0175,-0.5175
KXCBDECISIONJAPAN-26APR27-C25,Economics,"(-0.001, 0.1]",1,0.01,0.0,-0.5,0.0175,-0.5175
KXMLBTEAMTOTAL-26APR271940SEAMIN-MIN4,Sports,"(0.5, 0.6]",-1,0.541,1.0,-0.954,0.003071880000000003,-0.95707188
KXMLBHR-26APR271940SEAMIN-MINRJEFFERS27-1,Sports,"(0.1, 0.2]",1,0.11,0.0,-0.6,0.016800000000000002,-0.6168
KXAAAGASD-26APR28-4.135,Economics,"(0.4, 0.5]",-1,0.46,1.0,-1.03,0.0006930000000000006,-1.030693
KXAAAGASD-26APR28-4.065,Economics,"(0.9, 1.0]",-1,0.99,1.0,-0.5,0.0175,-0.5175
KXAAAGASD-26APR28-4.095,Economics,"(0.9, 1.0]",-1,0.99,1.0,-0.5,0.0175,-0.5175
KXAAAGASD-26APR28-4.100,Economics,"(0.9, 1.0]",-1,0.99,1.0,-0.5,0.0175,-0.5175
KXAAAGASD-26APR28-4.110,Economics,"(0.9, 1.0]",-1,0.9841,1.0,-0.5059,0.0174975633,-0.5233975633
KXAAAGASD-26APR28-4.070,Economics,"(0.9, 1.0]",-1,0.99,1.0,-0.5,0.0175,-0.5175
KXAAAGASD-26APR28-4.080,Economics,"(0.9, 1.0]",-1,0.99,1.0,-0.5,0.0175,-0.5175
KXAAAGASD-26APR28-4.090,Economics,"(0.9, 1.0]",-1,0.99,1.0,-0.5,0.0175,-0.5175
KXAAAGASD-26APR28-4.075,Economics,"(0.9, 1.0]",-1,0.99,1.0,-0.5,0.0175,-0.5175
KXAAAGASD-26APR28-4.105,Economics,"(0.9, 1.0]",-1,0.99,1.0,-0.5,0.0175,-0.5175
KXAAAGASD-26APR28-4.085,Economics,"(0.9, 1.0]",-1,0.99,1.0,-0.5,0.0175,-0.5175
KXAAAGASD-26APR28-4.120,Economics,"(0.8, 0.9]",-1,0.8387,1.0,-0.6513,0.015897581700000003,-0.6671975817
KXNBATOTAL-26APR27MINDEN-208,Sports,"(0.8, 0.9]",-1,0.81,1.0,-0.25,0.013125000000000001,-0.263125
KXMLBTB-26APR272210MIALAD-LADMMUNCY13-5,Sports,"(0.1, 0.2]",1,0.15,0.0,-0.625,0.01640625,-0.64140625
KXETHD-26APR2802-T2299.99,Crypto,"(0.2, 0.3]",-1,0.2033,0.0,0.043300000000000005,0.0028997577000000004,0.04040024230000001
KXNHLGOAL-26APR27VGKUTA-UTALCROUSE67-1,Sports,"(0.2, 0.3]",-1,0.23,0.0,0.11499999999999999,0.00712425,0.10787574999999999
KXNBAMENTION-26APR27DETORL-BUZZ,Mentions,"(0.4, 0.5]",-1,0.45,0.0,0.0,0.0006930000000000006,-0.0006930000000000006
KXNBAMENTION-26APR27DETORL-ANKL,Mentions,"(-0.001, 0.1]",1,0.02,0.0,-0.47000000000000003,0.017437000000000005,-0.487437
KXNBAMENTION-26APR27DETORL-INJU,Mentions,"(0.9, 1.0]",-1,0.91,1.0,-0.16499999999999992,0.009644249999999998,-0.17464424999999992
KXNBAMENTION-26APR27DETORL-AIRB,Mentions,"(0.3, 0.4]",-1,0.35,0.0,-0.10000000000000009,0.0006930000000000006,-0.10069300000000009
KXNBAMENTION-26APR27DETORL-TRAV,Mentions,"(0.9, 1.0]",-1,0.91,1.0,-0.365,0.016224250000000003,-0.38122425
KXNBAMENTION-26APR27OKCPHX-JORD,Mentions,"(0.9, 1.0]",-1,0.93,1.0,-0.5449999999999999,0.017358250000000002,-0.56235825
KXNBAMENTION-26APR27MINDEN-INJU,Mentions,"(0.9, 1.0]",-1,0.91,1.0,-0.5549999999999999,0.017288250000000005,-0.5722882499999999
KXNBAMENTION-26APR27MINDEN-TRIP,Mentions,"(0.9, 1.0]",-1,0.91,1.0,-0.5549999999999999,0.017288250000000005,-0.5722882499999999
KXNBAMENTION-26APR27MINDEN-DRAF,Mentions,"(0.6, 0.7]",-1,0.68,1.0,-0.7649999999999999,0.012584250000000005,-0.7775842499999999
KXNBAMENTION-26APR27MINDEN-LARR,Mentions,"(0.2, 0.3]",-1,0.26,0.0,-0.18500000000000005,0.0006930000000000006,-0.18569300000000005
KXBTC-26APR2808-B76750,Crypto,"(0.2, 0.3]",-1,0.2055,0.0,-0.26449999999999996,0.0006930000000000006,-0.26519299999999996
KXHORMUZWEEKLY-26APR26-T80,Politics,"(0.8, 0.9]",-1,0.8764,0.0,0.8064,0.010928332800000003,0.7954716672
KXHORMUZWEEKLY-26APR26-T30,Politics,"(0.8, 0.9]",-1,0.82,1.0,-0.19,0.010773000000000001,-0.200773
KXNASDAQ100U-26APR28H1000-T25309.99,Financials,"(0.9, 1.0]",-1,0.99,1.0,-0.025000000000000022,0.0017062500000000016,-0.026706250000000025
KXINXU-26APR28H1000-T7104.9999,Financials,"(0.9, 1.0]",-1,0.93,1.0,-0.08999999999999997,0.0057329999999999985,-0.09573299999999997
KXNBAMENTION-26APR27MINDEN-SWEE,Mentions,"(0.4, 0.5]",-1,0.44,0.0,-0.0050000000000001155,0.0006930000000000006,-0.005693000000000116
KXNBAMENTION-26APR27OKCPHX-WING,Mentions,"(0.3, 0.4]",-1,0.36,0.0,-0.08499999999999996,0.0006930000000000006,-0.08569299999999996
KXNBAMENTION-26APR27DETORL-WING,Mentions,"(0.3, 0.4]",-1,0.36,0.0,0.08499999999999996,0.005444249999999999,0.07955574999999997
KXEARNINGSMENTIONSPOT-26APR28-CHAT,Mentions,"(0.3, 0.4]",-1,0.35,1.0,-1.095,0.0006930000000000006,-1.095693
KXEARNINGSMENTIONSPOT-26APR28-NETF,Mentions,"(0.3, 0.4]",-1,0.3367,0.0,-0.10830000000000006,0.0006930000000000006,-0.10899300000000006
KXATHLETEMENTION-26APR27-ANT,Mentions,"(0.7, 0.8]",-1,0.78,1.0,-0.6699999999999999,0.015477000000000003,-0.6854769999999999
KXATHLETEMENTION-26APR27B-REBO,Mentions,"(0.6, 0.7]",-1,0.7,1.0,-0.75,0.013125000000000001,-0.763125
KXMLBMENTION-26APR27TBCLE-PROG,Mentions,"(0.9, 1.0]",-1,0.91,1.0,-0.285,0.014264250000000001,-0.29926424999999995
KXLASTWORDCOUNT-LAWR26APR24-85,Mentions,"(0.4, 0.5]",-1,0.4325,0.0,0.39749999999999996,0.0167645625,0.38073543749999994
KXLASTWORDCOUNT-LAWR26APR24-55,Mentions,"(0.8, 0.9]",-1,0.86,0.0,0.8200000000000001,0.010332000000000001,0.809668
KXLASTWORDCOUNT-LAWR26APR24-95,Mentions,"(0.2, 0.3]",-1,0.2534,0.0,0.21340000000000003,0.011750230800000002,0.20164976920000002
KXLASTWORDCOUNT-LAWR26APR24-80,Mentions,"(0.5, 0.6]",-1,0.5734,0.0,0.5334,0.017421910800000003,0.5159780892
KXLASTWORDCOUNT-LAWR26APR24-60,Mentions,"(0.7, 0.8]",-1,0.73,0.0,0.695,0.014838250000000002,0.6801617499999999
KXLASTWORDCOUNT-LAWR26APR24-35,Mentions,"(0.9, 1.0]",-1,0.99,1.0,-0.03500000000000003,0.002364250000000002,-0.037364250000000036
KXNASDAQ100U-26APR28H1100-T25299.99,Financials,"(0.9, 1.0]",-1,0.99,1.0,-0.025000000000000022,0.0017062500000000016,-0.026706250000000025
KXSPOTIFYMAU-26JUL-740,Financials,"(0.9, 1.0]",-1,0.99,1.0,-0.26,0.013468,-0.273468
KXINXU-26APR28H1400-T7114.9999,Financials,"(0.9, 1.0]",-1,0.95,1.0,-0.14500000000000002,0.008678250000000002,-0.15367825000000002
KXMADDOWMENTION-26APR27-BALL,Mentions,"(0.8, 0.9]",-1,0.9,1.0,-0.55,0.017325,-0.5673250000000001
KXMADDOWMENTION-26APR27-EPST,Mentions,"(0.3, 0.4]",-1,0.4,0.0,-0.050000000000000044,0.0006930000000000006,-0.050693000000000044
KXMADDOWMENTION-26APR27-CORR,Mentions,"(0.4, 0.5]",-1,0.45,0.0,0.0,0.0006930000000000006,-0.0006930000000000006
KXMADDOWMENTION-26APR27-RUSS,Mentions,"(0.6, 0.7]",-1,0.67,0.0,0.21999999999999997,0.012012,0.20798799999999998
KXMADDOWMENTION-26APR27-LINC,Mentions,"(0.3, 0.4]",-1,0.4,0.0,-0.050000000000000044,0.0006930000000000006,-0.050693000000000044
KXMADDOWMENTION-26APR27-SPLC,Mentions,"(0.7, 0.8]",-1,0.73,0.0,0.28,0.014112000000000001,0.265888
KXMADDOWMENTION-26APR27-POWE,Mentions,"(0.3, 0.4]",-1,0.36,0.0,-0.09000000000000008,0.0006930000000000006,-0.09069300000000008
KXMADDOWMENTION-26APR27-CRYP,Mentions,"(0.4, 0.5]",-1,0.4899,0.0,0.03990000000000005,0.002681559300000003,0.03721844070000004
KXMADWOMEN-26-ESVI,Sports,"(0.1, 0.2]",1,0.1311,0.0,-0.5811,0.0170395953,-0.5981395952999999
KXHEARINGMENTION-26APR28-ROCK,Mentions,"(0.8, 0.9]",-1,0.9,1.0,-0.5549999999999999,0.017288250000000005,-0.5722882499999999
KXHEARINGMENTION-26APR28-CHIN,Mentions,"(0.5, 0.6]",-1,0.51,1.0,-0.9450000000000001,0.0036382499999999965,-0.94863825
KXHEARINGMENTION-26APR28-ASTE,Mentions,"(0.6, 0.7]",-1,0.6933,0.0,0.23829999999999996,0.0127059177,0.22559408229999994
KXEARNINGSMENTIONKO-26APR28-DIVI,Mentions,"(0.6, 0.7]",-1,0.62,0.0,0.55,0.017325000000000007,0.532675
KXTRUMPMENTION-26APR28-CRYP,Mentions,"(-0.001, 0.1]",1,0.04,0.0,-0.26,0.013468,-0.273468
KXTRUMPMENTION-26APR28-UKRA,Mentions,"(0.2, 0.3]",-1,0.287,0.0,-0.04300000000000015,0.0006930000000000006,-0.04369300000000015
KXTRUMPMENTION-26APR28-TARI,Mentions,"(0.5, 0.6]",-1,0.59,0.0,0.26,0.013468000000000003,0.246532
KXTRUMPMENTION-26APR28-NQE,Mentions,"(-0.001, 0.1]",1,0.0451,0.0,-0.47509999999999997,0.017456599300000004,-0.49255659929999995
KXTRUMPMENTION-26APR28-NATO,Mentions,"(0.2, 0.3]",-1,0.22,0.0,-0.1299999999999999,0.0006930000000000006,-0.1306929999999999
KXTRUMPMENTION-26APR28-IRAN,Mentions,"(0.6, 0.7]",-1,0.68,0.0,0.33000000000000007,0.015477000000000003,0.31452300000000005
KXTRUMPMENTION-26APR28-OIL,Mentions,"(0.7, 0.8]",-1,0.7648,0.0,0.4348000000000001,0.017202427200000005,0.4175975728000001
KXTRUMPMENTION-26APR28-AMER,Mentions,"(0.5, 0.6]",-1,0.53,0.0,0.18000000000000005,0.010332000000000003,0.16966800000000004
KXTRUMPMENTION-26APR28-FAKE,Mentions,"(0.4, 0.5]",-1,0.5,0.0,0.15000000000000002,0.008925000000000002,0.141075
KXTRUMPMENTION-26APR28-PALA,Mentions,"(0.4, 0.5]",-1,0.4633,0.0,0.0383,0.0025783177000000003,0.0357216823
KXFEDERALCHARGE-27JAN01-JCOM,Politics,"(0.8, 0.9]",-1,0.88,1.0,-0.15000000000000002,0.008925000000000002,-0.15892500000000004
KXKINGMENTION-26APR28C-UKRA,Mentions,"(0.5, 0.6]",-1,0.55,1.0,-0.48499999999999993,0.017484250000000003,-0.50248425
KXKINGMENTION-26APR28C-BALL,Mentions,"(0.2, 0.3]",-1,0.25,0.0,0.20499999999999996,0.011408249999999998,0.19359174999999995
KXKINGMENTION-26APR28C-NATO,Mentions,"(0.6, 0.7]",-1,0.65,1.0,-0.39499999999999996,0.01672825,-0.41172824999999996
KXKINGMENTION-26APR28-REVO,Mentions,"(0.2, 0.3]",-1,0.21,1.0,-1.24,0.0006930000000000006,-1.240693
KXUCLTOTAL-26APR28PSGBMU-7,Sports,"(0.5, 0.6]",-1,0.5899,1.0,-0.9001,0.0062943993,-0.9063943993
KXEUROLEAGUEGAME-26APR281445PANVAL-PAN,Sports,"(0.5, 0.6]",-1,0.54,1.0,-0.655,0.015818250000000002,-0.6708182500000001
KXBNB15M-26APR281700-00,Crypto,"(0.2, 0.3]",-1,0.2721,1.0,-0.9178999999999999,0.005275171300000004,-0.9231751712999999
KXUCLTOTAL-26APR28PSGBMU-11,Sports,"(0.1, 0.2]",1,0.1015,0.0,-0.5915,0.0169139425,-0.6084139425
KXEARNINGSMENTIONHOOD-26APR28-BITC,Mentions,"(0.6, 0.7]",-1,0.63,1.0,-0.47000000000000003,0.017437000000000005,-0.487437
KXEARNINGSMENTIONSBUX-26APR28-CHIN,Mentions,"(0.8, 0.9]",-1,0.9,1.0,-0.14999999999999997,0.008925,-0.15892499999999996
KXEARNINGSMENTIONSBUX-26APR28-NON,Mentions,"(0.2, 0.3]",-1,0.2444,0.0,0.1644,0.0096160848,0.15478391519999998
KXUEFAMENTION-26APR28PSGBMU-PARC,Mentions,"(0.5, 0.6]",-1,0.58,1.0,-0.64,0.016128000000000003,-0.656128
KXUEFAMENTION-26APR28PSGBMU-WHAT,Mentions,"(0.3, 0.4]",-1,0.36,0.0,-0.135,0.0006930000000000006,-0.135693
KXBTC-26APR2819-B76250,Crypto,"(0.2, 0.3]",-1,0.2786,1.0,-0.9214,0.0050695428,-0.9264695428
KXEARNINGSMENTIONV-26APR28-REGU,Mentions,"(0.4, 0.5]",-1,0.47,1.0,-0.61,0.016653,-0.626653
KXTRUFEGGS-26APR28-T2.81,Economics,"(-0.001, 0.1]",1,0.03,1.0,0.48,0.017472,0.462528
KXTRUFTSA-26APR28-T3470000,Economics,"(-0.001, 0.1]",1,0.0134,0.0,-0.5034,0.0174991908,-0.5208991907999999
KXTRUFTSA-26APR28-T3270000,Economics,"(-0.001, 0.1]",1,0.01,0.0,-0.5,0.0175,-0.5175
KXTRUFTSA-26APR28-T2670000,Economics,"(0.9, 1.0]",-1,0.99,0.0,0.5,0.0175,0.4825
KXTRUFTSA-26APR28-T3070000,Economics,"(-0.001, 0.1]",1,0.02,0.0,-0.51,0.017493,-0.527493
KXHOOD-26APRGOLDSUBS-4200000,Financials,"(0.9, 1.0]",-1,0.95,1.0,-0.54,0.017388,-0.557388
KXMLBTOTAL-26APR281810TBCLE-7,Sports,"(0.5, 0.6]",-1,0.57,0.0,0.5049999999999999,0.01749825,0.4875017499999999
KXMLBTOTAL-26APR281840SFPHI-11,Sports,"(0.2, 0.3]",-1,0.2033,0.0,0.1433000000000001,0.008593557700000006,0.1347064423000001
KXMLBTB-26APR281810TBCLE-CLESKWAN38-3,Sports,"(0.1, 0.2]",1,0.2,0.0,-0.6950000000000001,0.014838249999999999,-0.7098382500000001
KXMLBHIT-26APR281810TBCLE-CLEDSCHNEEMANN10-2,Sports,"(0.2, 0.3]",-1,0.23,0.0,-0.24,0.0006930000000000006,-0.240693
KXMLBHRR-26APR281810TBCLE-TBCSIMPSON14-2,Sports,"(0.5, 0.6]",-1,0.52,0.0,0.025000000000000022,0.0017062500000000016,0.02329375000000002
KXMLBTOTAL-26APR281840STLPIT-18,Sports,"(0.7, 0.8]",-1,0.7356,1.0,-0.7544,0.012969644800000003,-0.7673696447999999
KXMLBTOTAL-26APR281907BOSTOR-6,Sports,"(0.7, 0.8]",-1,0.73,0.0,0.6699999999999999,0.015477,0.654523
KXMLBHR-26APR281907BOSTOR-TORDSCHNEIDER36-1,Sports,"(0.1, 0.2]",1,0.14,0.0,-0.23,0.012397000000000004,-0.242397
KXNBASPREAD-26APR28PHIBOS-BOS24,Sports,"(0.1, 0.2]",1,0.16,0.0,-0.53,0.017437,-0.5474370000000001
KXNBAPTS-26APR28PHIBOS-PHIJEMBIID21-35,Sports,"(0.1, 0.2]",1,0.2,0.0,-0.69,0.014973000000000004,-0.704973
KXMLBHIT-26APR281840STLPIT-PITBREYNOLDS10-2,Sports,"(0.2, 0.3]",-1,0.3,1.0,-1.17,0.0006930000000000006,-1.170693
KXMLBHIT-26APR281907BOSTOR-TORKOKAMOTO7-1,Sports,"(0.5, 0.6]",-1,0.55,1.0,-0.945,0.0036382500000000035,-0.9486382499999999
KXMLBHIT-26APR281840SFPHI-SFJLEE51-3,Sports,"(0.1, 0.2]",1,0.11,0.0,-0.58,0.017052000000000005,-0.5970519999999999
KXTRUMPMENTIONB-26APR28-BALL,Mentions,"(0.6, 0.7]",-1,0.6067,0.0,0.12170000000000003,0.007482237700000002,0.11421776230000003
KXTRUMPMENTIONB-26APR28-PALA,Mentions,"(0.4, 0.5]",-1,0.49,0.0,0.06000000000000005,0.003948000000000004,0.056052000000000046
KXTRUMPMENTIONB-26APR28-PEAC,Mentions,"(0.4, 0.5]",-1,0.4058,0.0,-0.0242,0.0006930000000000006,-0.024893
KXTRUMPMENTIONB-26APR28-UKRA,Mentions,"(0.2, 0.3]",-1,0.25,0.0,-0.17999999999999994,0.0006930000000000006,-0.18069299999999994
KXTRUMPMENTIONB-26APR28-CHUR,Mentions,"(0.4, 0.5]",-1,0.4067,0.0,-0.07830000000000004,0.0006930000000000006,-0.07899300000000004
KXTRUMPMENTIONB-26APR28B-OBLI,Mentions,"(0.3, 0.4]",-1,0.38,0.0,-0.050000000000000044,0.0006930000000000006,-0.050693000000000044
KXTRUMPMENTIONB-26APR28B-ELIZ,Mentions,"(0.5, 0.6]",-1,0.55,0.0,0.1200000000000001,0.007392000000000006,0.1126080000000001
KXTRUMPMENTIONB-26APR28-250,Mentions,"(0.7, 0.8]",-1,0.7067,1.0,-0.7783,0.012078437700000002,-0.7903784377
KXKINGMENTION-26APR28B-TRUM,Mentions,"(0.5, 0.6]",-1,0.53,1.0,-0.9199999999999999,0.005152000000000005,-0.925152
KXKINGMENTION-26APR28B-NQE,Mentions,"(-0.001, 0.1]",1,0.0488,0.0,-0.5337999999999999,0.0174200292,-0.5512200291999999
KXKINGMENTION-26APR28B-CLIM,Mentions,"(-0.001, 0.1]",1,0.05,0.0,-0.535,0.01741425,-0.55241425
KXKINGMENTION-26APR28B-SPEC,Mentions,"(0.2, 0.3]",-1,0.2456,0.0,-0.20439999999999992,0.0006930000000000006,-0.20509299999999991
KXAHLGAME-26APR281900CHITEX-CHI,Sports,"(0.9, 1.0]",-1,0.97,0.0,0.49,0.017493,0.472507
KXNHLGAME-26APR28MINDAL-DAL,Sports,"(0.5, 0.6]",-1,0.56,0.0,0.3450000000000001,0.015818250000000006,0.32918175000000005
KXMLBHR-26APR281940AZMIL-MILBTURANG2-1,Sports,"(0.1, 0.2]",1,0.17,0.0,-0.255,0.013298250000000001,-0.26829825
KXMLBHR-26APR282005NYYTEX-TEXBNIMMO24-1,Sports,"(0.1, 0.2]",1,0.11,0.0,-0.6,0.016800000000000002,-0.6168
KXMLBHR-26APR282005NYYTEX-NYYCBELLINGER35-1,Sports,"(0.1, 0.2]",1,0.17,0.0,-0.25,0.013125000000000001,-0.263125
KXMLBTB-26APR282005NYYTEX-NYYAJUDGE99-3,Sports,"(0.2, 0.3]",-1,0.26,1.0,-1.2349999999999999,0.0006930000000000006,-1.235693
KXAAAGASD-26APR29-4.165,Economics,"(0.9, 1.0]",-1,0.99,1.0,-0.5,0.0175,-0.5175
KXAAAGASD-26APR29-4.140,Economics,"(0.9, 1.0]",-1,0.99,1.0,-0.5,0.0175,-0.5175
KXAAAGASD-26APR29-4.135,Economics,"(0.9, 1.0]",-1,0.99,1.0,-0.5,0.0175,-0.5175
KXAAAGASD-26APR29-4.130,Economics,"(0.9, 1.0]",-1,0.99,1.0,-0.5,0.0175,-0.5175
KXAAAGASD-26APR29-4.160,Economics,"(0.9, 1.0]",-1,0.99,1.0,-0.5,0.0175,-0.5175
KXAAAGASD-26APR29-4.145,Economics,"(0.9, 1.0]",-1,0.99,1.0,-0.5,0.0175,-0.5175
KXAAAGASD-26APR29-4.250,Economics,"(-0.001, 0.1]",1,0.01,0.0,-0.5,0.0175,-0.5175
KXAAAGASD-26APR29-4.150,Economics,"(0.9, 1.0]",-1,0.99,1.0,-0.5,0.0175,-0.5175
KXAAAGASD-26APR29-4.155,Economics,"(0.9, 1.0]",-1,0.99,1.0,-0.5,0.0175,-0.5175
KXAAAGASD-26APR29-4.170,Economics,"(0.9, 1.0]",-1,0.99,1.0,-0.5,0.0175,-0.5175
KXAAAGASD-26APR29-4.215,Economics,"(0.8, 0.9]",-1,0.82,1.0,-0.67,0.015477,-0.685477
KXAAAGASD-26APR29-4.210,Economics,"(0.9, 1.0]",-1,0.92,1.0,-0.57,0.017157000000000002,-0.5871569999999999
KXAAAGASD-26APR29-4.205,Economics,"(0.8, 0.9]",-1,0.86,1.0,-0.63,0.016317,-0.646317
KXAAAGASD-26APR29-4.195,Economics,"(0.9, 1.0]",-1,0.9717,1.0,-0.5183,0.017476557700000003,-0.5357765577
KXAAAGASD-26APR29-4.190,Economics,"(0.9, 1.0]",-1,0.9635,1.0,-0.5265,0.0174508425,-0.5439508424999999
KXAAAGASD-26APR29-4.185,Economics,"(0.9, 1.0]",-1,0.95,1.0,-0.54,0.017388,-0.557388
KXAAAGASD-26APR29-4.175,Economics,"(0.9, 1.0]",-1,0.99,1.0,-0.5,0.0175,-0.5175
KXMLBSPREAD-26APR282140CHCSD-CHC5,Sports,"(0.1, 0.2]",1,0.2,1.0,0.365,0.016224250000000003,0.34877575
KXBTC-26APR2901-B77050,Crypto,"(0.2, 0.3]",-1,0.2015,0.0,0.0015000000000000568,0.0006930000000000006,0.0008070000000000563
KXMLBSPREAD-26APR282140KCATH-ATH3,Sports,"(0.2, 0.3]",-1,0.22,0.0,-0.20999999999999996,0.0006930000000000006,-0.21069299999999996
KXMLBHRR-26APR282140KCATH-ATHJWILSON5-4,Sports,"(0.1, 0.2]",1,0.16,0.0,-0.655,0.015818250000000002,-0.6708182500000001
KXMLBHR-26APR282140KCATH-ATHSLANGELIERS23-1,Sports,"(0.2, 0.3]",-1,0.23,0.0,0.11499999999999999,0.00712425,0.10787574999999999
KXNHLPTS-26APR28ANAEDM-EDMLDRAISAITL29-2,Sports,"(0.5, 0.6]",-1,0.53,1.0,-0.965,0.002364250000000002,-0.9673642499999999
KXNBAMENTION-26APR28ATLNYK-INJU,Mentions,"(0.9, 1.0]",-1,0.91,1.0,-0.58,0.017052000000000005,-0.5970519999999999
KXNBAMENTION-26APR28ATLNYK-NQE,Mentions,"(-0.001, 0.1]",1,0.0101,0.0,-0.4951,0.017498319300000002,-0.5125983193
KXNBAMENTION-26APR28PHIBOS-JORD,Mentions,"(0.9, 1.0]",-1,0.91,1.0,-0.58,0.017052000000000005,-0.5970519999999999
KXNBAMENTION-26APR28PORSAS-TECH,Mentions,"(0.9, 1.0]",-1,0.91,1.0,-0.575,0.017106250000000003,-0.59210625
KXNBAMENTION-26APR28PORSAS-ROOK,Mentions,"(0.9, 1.0]",-1,0.91,1.0,-0.575,0.017106250000000003,-0.59210625
KXNHLMENTION-26APR28BOSBUF-CROW,Mentions,"(0.5, 0.6]",-1,0.6,1.0,-0.855,0.008678250000000002,-0.86367825
KXNHLMENTION-26APR28BOSBUF-BUZZ,Mentions,"(0.3, 0.4]",-1,0.3871,0.0,-0.06790000000000007,0.0006930000000000006,-0.06859300000000007
KXNHLMENTION-26APR28BOSBUF-WHAT,Mentions,"(0.3, 0.4]",-1,0.36,1.0,-1.095,0.0006930000000000006,-1.095693
KXBTCD-26APR2907-T77899.99,Crypto,"(0.2, 0.3]",-1,0.2167,0.0,0.2117,0.011681817700000001,0.20001818229999999
KXATPCHALLENGERMATCH-26APR27TUNRIG-TUN,Sports,"(0.8, 0.9]",-1,0.84,1.0,-0.565,0.017204250000000004,-0.58220425
KXNYCMDEBMENTION-26APR28-OIL,Mentions,"(0.8, 0.9]",-1,0.8378,1.0,-0.6122000000000001,0.016618781200000002,-0.6288187812000001
KXNYCMDEBMENTION-26APR28-IMMI,Mentions,"(0.6, 0.7]",-1,0.65,1.0,-0.8,0.0112,-0.8112
KXNYCMDEBMENTION-26APR28-BIDE,Mentions,"(0.3, 0.4]",-1,0.382,1.0,-1.068,0.0006930000000000006,-1.0686930000000001
KXNYCMDEBMENTION-26APR28-NQE,Mentions,"(-0.001, 0.1]",1,0.01,0.0,-0.46,0.017388000000000004,-0.47738800000000003
KXNYCMDEBMENTION-26APR28-ORAN,Mentions,"(0.5, 0.6]",-1,0.5333,0.0,0.08329999999999993,0.005345277699999997,0.07795472229999993
KXNYCMDEBMENTION-26APR28-BORD,Mentions,"(0.4, 0.5]",-1,0.4975,0.0,0.0475000000000001,0.0031670625000000062,0.04433293750000009
KXATHLETEMENTION-26APR28C-TURN,Mentions,"(0.6, 0.7]",-1,0.7,1.0,-0.7550000000000001,0.012948249999999998,-0.7679482500000001
KXATHLETEMENTION-26APR28C-HOME,Mentions,"(0.7, 0.8]",-1,0.76,1.0,-0.6950000000000001,0.014838249999999999,-0.7098382500000001
KXATHLETEMENTION-26APR28C-REF,Mentions,"(0.4, 0.5]",-1,0.42,0.0,-0.03500000000000014,0.0006930000000000006,-0.03569300000000014
KXATHLETEMENTION-26APR28C-TECH,Mentions,"(0.2, 0.3]",-1,0.27,0.0,-0.18500000000000005,0.0006930000000000006,-0.18569300000000005
KXATHLETEMENTION-26APR28B-REST,Mentions,"(0.5, 0.6]",-1,0.584,0.0,0.129,0.007865130000000001,0.12113487
KXSTARMERMENTIONB-26APR29-IRAN,Mentions,"(0.6, 0.7]",-1,0.61,1.0,-0.635,0.016224250000000003,-0.6512242500000001
KXSTARMERMENTIONB-26APR29-DEFE,Mentions,"(0.7, 0.8]",-1,0.75,1.0,-0.61,0.016653,-0.626653
KXSTARMERMENTIONB-26APR29-EPST,Mentions,"(0.2, 0.3]",-1,0.2237,0.0,0.04370000000000007,0.002925321700000005,0.04077467830000007
KXSTARMERMENTIONB-26APR29-UKRA,Mentions,"(0.5, 0.6]",-1,0.55,0.0,0.125,0.007656250000000001,0.11734375
KXSTARMERMENTIONB-26APR29-NATO,Mentions,"(0.3, 0.4]",-1,0.35,0.0,-0.05500000000000016,0.0006930000000000006,-0.05569300000000016
KXHOUSINGSTART-26APR17-T1.400,Economics,"(0.4, 0.5]",-1,0.41,1.0,-0.6400000000000001,0.016128,-0.6561280000000002
KXHOUSINGSTART-26APR17-T1.375,Economics,"(0.4, 0.5]",-1,0.46,1.0,-0.5900000000000001,0.016933,-0.6069330000000001
KXBUILDPERMS-26APR17-T1.500,Economics,"(-0.001, 0.1]",1,0.07,0.0,-0.12000000000000001,0.007392000000000001,-0.127392
KXBUILDPERMS-26APR17-T1.250,Economics,"(0.9, 1.0]",-1,0.91,1.0,-0.12999999999999995,0.007916999999999999,-0.13791699999999996
KXBUILDPERMS-26APR17-T1.300,Economics,"(0.8, 0.9]",-1,0.89,1.0,-0.15999999999999998,0.009408000000000001,-0.16940799999999998
KXBUILDPERMS-26APR17-T1.350,Economics,"(0.8, 0.9]",-1,0.85,1.0,-0.2,0.011200000000000002,-0.2112
KXSCOTUSVRARELEASE-26JUN01,Politics,"(0.8, 0.9]",-1,0.85,1.0,-0.2,0.011200000000000002,-0.2112
KXSCOTUSVRA2,Politics,"(0.8, 0.9]",-1,0.84,1.0,-0.21000000000000002,0.011613000000000004,-0.22161300000000003
KXEARNINGSMENTIONCAR-26APR29-RECA,Mentions,"(0.7, 0.8]",-1,0.8,1.0,-0.2699999999999999,0.013796999999999999,-0.2837969999999999
KXEARNINGSMENTIONCAR-26APR29-INFL,Mentions,"(0.4, 0.5]",-1,0.431,1.0,-0.6389999999999999,0.016147530000000004,-0.6551475299999999
KXEARNINGSMENTIONCAR-26APR29-SYRA,Mentions,"(0.2, 0.3]",-1,0.3,0.0,0.19500000000000006,0.010988250000000005,0.18401175000000006
KXEARNINGSMENTIONCAR-26APR29-EV,Mentions,"(0.6, 0.7]",-1,0.652,0.0,0.5820000000000001,0.017029320000000004,0.5649706800000001
KXEARNINGSMENTIONWING-26APR29-PACK,Mentions,"(0.4, 0.5]",-1,0.44,1.0,-0.64,0.016128000000000003,-0.656128
KXEARNINGSMENTIONWING-26APR29-TEND,Mentions,"(0.8, 0.9]",-1,0.83,1.0,-0.25000000000000006,0.013125000000000005,-0.26312500000000005
KXEARNINGSMENTIONWING-26APR29-CITR,Mentions,"(0.4, 0.5]",-1,0.4333,1.0,-0.6416999999999999,0.016094477700000002,-0.6577944777
KXEARNINGSMENTIONWING-26APR29-HOT,Mentions,"(0.4, 0.5]",-1,0.4333,0.0,0.35830000000000006,0.016094477700000002,0.34220552230000006
KXUE-RUS26APR-1.6,Economics,"(0.9, 1.0]",-1,0.99,1.0,-0.030000000000000027,0.002037000000000002,-0.03203700000000003
KXUE-RUS26APR-1.8,Economics,"(0.9, 1.0]",-1,0.93,1.0,-0.09499999999999997,0.006018249999999999,-0.10101824999999998
KXNASDAQ100U-26APR29H1200-T26949.99,Financials,"(0.9, 1.0]",-1,0.99,1.0,-0.030000000000000027,0.002037000000000002,-0.03203700000000003
KXUE-RUS26APR-2.2,Economics,"(-0.001, 0.1]",1,0.08,0.0,-0.13,0.007917,-0.137917
KXETHD-26APR2912-T2309.99,Crypto,"(0.2, 0.3]",-1,0.2385,0.0,0.21849999999999992,0.011953042499999999,0.2065469574999999
KXINXU-26APR29H1200-T7109.9999,Financials,"(0.9, 1.0]",-1,0.92,1.0,-0.10499999999999993,0.006578249999999996,-0.11157824999999992
KXATPSETWINNER-26APR29SINJOD-2-JOD,Sports,"(0.2, 0.3]",-1,0.29,0.0,-0.18999999999999995,0.0006930000000000006,-0.19069299999999995
KXJETFUEL-26APR29-T3.90,Economics,"(0.4, 0.5]",-1,0.4395,1.0,-0.6055,0.0167208825,-0.6222208825000001
KXJETFUEL-26APR29-T3.40,Economics,"(0.8, 0.9]",-1,0.83,1.0,-0.22000000000000003,0.012012000000000004,-0.23201200000000002
KXJETFUEL-26APR29-T3.70,Economics,"(0.4, 0.5]",-1,0.49,1.0,-0.5549999999999999,0.017288250000000005,-0.5722882499999999
KXINXU-26APR29H1300-T7099.9999,Financials,"(0.9, 1.0]",-1,0.92,1.0,-0.09999999999999992,0.006299999999999997,-0.10629999999999992
KXFED-26APR-T3.50,Economics,"(0.4, 0.5]",-1,0.44,1.0,-0.5900000000000001,0.016933,-0.6069330000000001
KXFOMCDISSENTCOUNT-26APR-0,Economics,"(-0.001, 0.1]",1,0.07,0.0,-0.1,0.006300000000000001,-0.1063
KXFOMCDISSENTCOUNT-26APR-2,Economics,"(0.4, 0.5]",-1,0.41,0.0,-0.07500000000000018,0.0006930000000000006,-0.07569300000000018
KXFOMCDISSENTCOUNT-26APR-4,Economics,"(-0.001, 0.1]",1,0.08,1.0,0.88,0.007392000000000001,0.872608
KXFEDDECISION-26APR-C26,Economics,"(-0.001, 0.1]",1,0.08,0.0,-0.575,0.017106250000000003,-0.59210625
KXNASDAQ100U-26APR29H1400-T26909.99,Financials,"(0.9, 1.0]",-1,0.91,1.0,-0.11499999999999994,0.007124249999999997,-0.12212424999999993
KXSAUDIPLGAME-26APR29ALTITJ-ITJ,Sports,"(0.5, 0.6]",-1,0.53,1.0,-0.51,0.017493,-0.527493
KXNASDAQ100U-26APR29H1500-T26959.99,Financials,"(0.9, 1.0]",-1,0.95,1.0,-0.16000000000000003,0.009408000000000003,-0.16940800000000003
KXTRUMPMENTION-26APR29C-MARS,Mentions,"(0.8, 0.9]",-1,0.89,0.0,0.45999999999999996,0.017388,0.44261199999999995
KXTRUMPMENTION-26APR29C-250,Mentions,"(0.6, 0.7]",-1,0.65,0.0,0.21999999999999997,0.012012,0.20798799999999998
KXTRUMPMENTION-26APR29C-CHIN,Mentions,"(0.5, 0.6]",-1,0.53,1.0,-0.8999999999999999,0.006300000000000005,-0.9062999999999999
KXTRUMPMENTION-26APR29C-RUSS,Mentions,"(0.3, 0.4]",-1,0.4,0.0,-0.030000000000000027,0.0006930000000000006,-0.030693000000000026
KXTRUMPMENTION-26APR29C-HOTT,Mentions,"(0.5, 0.6]",-1,0.6,1.0,-0.8300000000000001,0.009876999999999999,-0.8398770000000001
KXTRUMPMENTION-26APR29C-NASA,Mentions,"(0.9, 1.0]",-1,0.9009,1.0,-0.5290999999999999,0.0174407233,-0.5465407232999999
KXTRUMPMENTION-26APR29C-GENI,Mentions,"(0.4, 0.5]",-1,0.5,1.0,-0.8300000000000001,0.009876999999999999,-0.8398770000000001
KXBTC15M-26APR291545-45,Crypto,"(0.2, 0.3]",-1,0.2925,0.0,0.2875,0.014339062500000001,0.2731609375
KXINXU-26APR29H1600-T6774.9999,Financials,"(0.9, 1.0]",-1,0.9809,1.0,-0.03410000000000002,0.0023056033000000012,-0.03640560330000002
KXINXU-26APR29H1600-T6849.9999,Financials,"(0.9, 1.0]",-1,0.9809,1.0,-0.03410000000000002,0.0023056033000000012,-0.03640560330000002
KXSAUDIPLGAME-26APR29ALNAAS-ALN,Sports,"(0.5, 0.6]",-1,0.5549,1.0,-0.49010000000000004,0.017493139300000002,-0.5075931393
KXFEDMENTION-26APR-VOLA,Mentions,"(0.2, 0.3]",-1,0.21,0.0,0.1399999999999999,0.008427999999999996,0.1315719999999999
KXFEDMENTION-26APR-RENO,Mentions,"(-0.001, 0.1]",1,0.09,0.0,-0.13999999999999999,0.008428,-0.14842799999999998
KXFEDMENTION-26APR-QT,Mentions,"(0.2, 0.3]",-1,0.25,0.0,0.17999999999999994,0.010331999999999997,0.16966799999999993
KXFEDMENTION-26APR-DOT,Mentions,"(0.2, 0.3]",-1,0.27,1.0,-0.7949999999999999,0.011408250000000003,-0.8064082499999999
KXFEDMENTION-26APR-BALA,Mentions,"(0.7, 0.8]",-1,0.76,0.0,0.6950000000000001,0.014838250000000002,0.68016175
KXFEDMENTION-26APR-TARI,Mentions,"(0.7, 0.8]",-1,0.72,0.0,0.6499999999999999,0.015925,0.6340749999999999
KXFEDMENTION-26APR-STAG,Mentions,"(0.2, 0.3]",-1,0.25,0.0,0.18999999999999995,0.010772999999999998,0.17922699999999994
KXFEDMENTION-26APR-OIL,Mentions,"(0.8, 0.9]",-1,0.87,1.0,-0.2,0.011200000000000002,-0.2112
KXFEDMENTION-26APR-LAYO,Mentions,"(0.7, 0.8]",-1,0.8,1.0,-0.25999999999999995,0.013467999999999997,-0.27346799999999993
KXFEDMENTION-26APR-GOODA,Mentions,"(0.9, 1.0]",-1,0.91,1.0,-0.10499999999999993,0.006578249999999996,-0.11157824999999992
KXFEDMENTION-26APR-GAS,Mentions,"(0.6, 0.7]",-1,0.62,1.0,-0.45,0.017325000000000007,-0.467325
KXFEDMENTION-26APR-CENT,Mentions,"(0.6, 0.7]",-1,0.64,1.0,-0.425,0.01710625,-0.44210625
KXFEDMENTION-26APR-AI,Mentions,"(0.8, 0.9]",-1,0.85,0.0,0.78,0.012012000000000004,0.767988
KXFEDMENTION-26APR-PROD,Mentions,"(0.7, 0.8]",-1,0.73,0.0,0.6599999999999999,0.015708000000000003,0.6442919999999999
KXETHD-26APR2917-T2329.99,Crypto,"(0.2, 0.3]",-1,0.25,0.0,0.14,0.008428000000000001,0.13157200000000002
KXATPCHALLENGERMATCH-26APR29ONCGIU-GIU,Sports,"(0.2, 0.3]",-1,0.21,0.0,-0.27,0.0006930000000000006,-0.270693
KXMLBHIT-26APR291310TBCLE-CLEDSCHNEEMANN10-1,Sports,"(0.5, 0.6]",-1,0.57,1.0,-0.46,0.017388000000000004,-0.47738800000000003
KXUEFAMENTION-26APR29ATMARS-YELL,Mentions,"(0.9, 1.0]",-1,0.91,1.0,-0.20499999999999996,0.01140825,-0.21640824999999997
KXMLBHIT-26APR291435NYYTEX-NYYAJUDGE99-2,Sports,"(0.2, 0.3]",-1,0.27,0.0,-0.21999999999999997,0.0006930000000000006,-0.22069299999999997
KXMLBSPREAD-26APR291507BOSTOR-TOR6,Sports,"(0.2, 0.3]",-1,0.23,1.0,-1.205,0.0006930000000000006,-1.2056930000000001
KXHEGSETHMENTION-26APR29-TRUM,Mentions,"(0.8, 0.9]",-1,0.89,1.0,-0.56,0.017248,-0.5772480000000001
KXMLBSPREAD-26APR291510MIALAD-MIA2,Sports,"(0.2, 0.3]",-1,0.25,0.0,-0.18500000000000005,0.0006930000000000006,-0.18569300000000005
KXHEGSETHMENTION-26APR29-FAKE,Mentions,"(0.3, 0.4]",-1,0.4,0.0,-0.08499999999999996,0.0006930000000000006,-0.08569299999999996
KXHEGSETHMENTION-26APR29-NATO,Mentions,"(0.5, 0.6]",-1,0.6,0.0,0.1499999999999999,0.008924999999999997,0.14107499999999992
KXHEGSETHMENTION-26APR29-UKRA,Mentions,"(0.3, 0.4]",-1,0.3525,1.0,-1.0975,0.0006930000000000006,-1.098193
KXHEGSETHMENTION-26APR29-AMER,Mentions,"(0.5, 0.6]",-1,0.594,0.0,0.10899999999999999,0.00679833,0.10220166999999998
KXHEGSETHMENTION-26APR29-AI,Mentions,"(0.6, 0.7]",-1,0.64,0.0,0.15500000000000003,0.009168250000000001,0.14583175000000004
KXHEGSETHMENTION-26APR29-OBLI,Mentions,"(0.7, 0.8]",-1,0.7175,1.0,-0.7324999999999999,0.013716062500000004,-0.7462160624999999
KXHEGSETHMENTION-26APR29B-VENE,Mentions,"(0.7, 0.8]",-1,0.76,1.0,-0.69,0.014973000000000004,-0.704973
KXVANCEMENTION-26APR29B-IRAN,Mentions,"(0.8, 0.9]",-1,0.88,0.0,0.42999999999999994,0.017157,0.41284299999999996
KXVANCEMENTION-26APR29B-FRAU,Mentions,"(0.5, 0.6]",-1,0.57,1.0,-0.8800000000000001,0.007391999999999995,-0.8873920000000001
KXVANCEMENTION-26APR29B-AI,Mentions,"(0.3, 0.4]",-1,0.31,0.0,-0.1399999999999999,0.0006930000000000006,-0.1406929999999999
KXVANCEMENTION-26APR29B-DEMO,Mentions,"(0.7, 0.8]",-1,0.77,0.0,0.32000000000000006,0.015232000000000004,0.30476800000000004
KXVANCEMENTION-26APR29B-PAKI,Mentions,"(0.4, 0.5]",-1,0.45,0.0,0.0,0.0006930000000000006,-0.0006930000000000006
KXVANCEMENTION-26APR29B-ISRA,Mentions,"(0.3, 0.4]",-1,0.35,0.0,-0.10000000000000009,0.0006930000000000006,-0.10069300000000009
KXVANCEMENTION-26APR29B-NUCL,Mentions,"(0.7, 0.8]",-1,0.8,0.0,0.3500000000000001,0.015925000000000005,0.33407500000000007
KXHEGSETHMENTION-26APR29-DEI,Mentions,"(0.5, 0.6]",-1,0.59,0.0,0.10499999999999998,0.00657825,0.09842174999999999
KXEARNINGSMENTIONGOOGL-26APR29-GEMI,Mentions,"(0.8, 0.9]",-1,0.89,1.0,-0.185,0.010554250000000001,-0.19555424999999999
KXEARNINGSMENTIONGOOGL-26APR29-HEAD,Mentions,"(0.5, 0.6]",-1,0.53,1.0,-0.55,0.017325,-0.5673250000000001
KXEARNINGSMENTIONGOOGL-26APR29-NANO,Mentions,"(0.5, 0.6]",-1,0.5039,1.0,-0.5761000000000001,0.0170946153,-0.5931946153000001
KXEARNINGSMENTIONGOOGL-26APR29-TAIL,Mentions,"(0.6, 0.7]",-1,0.69,1.0,-0.39000000000000007,0.016653,-0.40665300000000004
KXEARNINGSMENTIONGOOGL-26APR29-REGU,Mentions,"(0.3, 0.4]",-1,0.36,0.0,0.28,0.014112000000000001,0.265888
KXEARNINGSMENTIONGOOGL-26APR29-DEEP,Mentions,"(0.5, 0.6]",-1,0.5227,0.0,0.4427000000000001,0.0172701697,0.4254298303000001
KXMLBHR-26APR291510MIALAD-LADAPAGES44-1,Sports,"(0.1, 0.2]",1,0.16,0.0,-0.18,0.010332000000000001,-0.190332
KXCBDECISIONBRAZIL-26APR29-H50P,Economics,"(-0.001, 0.1]",1,0.07,0.0,-0.56,0.017248,-0.5772480000000001
KXCBDECISIONBRAZIL-26APR29-H50,Economics,"(-0.001, 0.1]",1,0.08,0.0,-0.57,0.017157000000000002,-0.5871569999999999
KXCBDECISIONBRAZIL-26APR29-H25P,Economics,"(-0.001, 0.1]",1,0.07,0.0,-0.56,0.017248,-0.5772480000000001
KXCBDECISIONBRAZIL-26APR29-C50P,Economics,"(-0.001, 0.1]",1,0.0926,0.0,-0.5826,0.0170224068,-0.5996224068
KXMLBHR-26APR291610CHCSD-SDFTATIS23-1,Sports,"(0.2, 0.3]",-1,0.2132,0.0,-0.2717999999999998,0.0006930000000000006,-0.2724929999999998
KXCANDACEMENTION-26APR23-PROP,Mentions,"(0.8, 0.9]",-1,0.85,1.0,-0.405,0.01686825,-0.42186825000000006
KXCANDACEMENTION-26APR23-LOOM,Mentions,"(0.7, 0.8]",-1,0.7523,1.0,-0.5677000000000001,0.0171791697,-0.5848791697000001
KXCANDACEMENTION-26APR23-ZION,Mentions,"(0.9, 1.0]",-1,0.99,1.0,-0.275,0.013956250000000002,-0.28895625
KXCANDACEMENTION-26APR23-BLOC,Mentions,"(0.3, 0.4]",-1,0.31,0.0,0.20500000000000007,0.011408250000000003,0.19359175000000006
KXCANDACEMENTION-26APR23-NEGO,Mentions,"(0.5, 0.6]",-1,0.53,0.0,0.10499999999999998,0.00657825,0.09842174999999999
KXEARNINGSMENTIONAMZN-26APR29-RUFU,Mentions,"(0.8, 0.9]",-1,0.81,1.0,-0.23999999999999994,0.012767999999999996,-0.25276799999999994
KXEARNINGSMENTIONAMZN-26APR29-LIVE,Mentions,"(0.7, 0.8]",-1,0.79,1.0,-0.26999999999999996,0.013797,-0.28379699999999997
KXEARNINGSMENTIONAMZN-26APR29-SILI,Mentions,"(0.7, 0.8]",-1,0.79,1.0,-0.26999999999999996,0.013797,-0.28379699999999997
KXEARNINGSMENTIONAMZN-26APR29-ALEX,Mentions,"(0.8, 0.9]",-1,0.84,1.0,-0.19500000000000006,0.010988250000000003,-0.20598825000000007
KXEARNINGSMENTIONAMZN-26APR29-SUPP,Mentions,"(0.3, 0.4]",-1,0.3665,1.0,-0.7135,0.0143092425,-0.7278092425
KXTRUEV-26APR29-T1165.06,Economics,"(0.9, 1.0]",-1,0.98,1.0,-0.51,0.017493,-0.527493
KXTRUFTSA-26APR29-T2340000,Economics,"(0.8, 0.9]",-1,0.8033,0.0,0.3133,0.015060017700000001,0.29823998230000004
KXTRUFTSA-26APR29-T2240000,Economics,"(0.9, 1.0]",-1,0.98,1.0,-0.51,0.017493,-0.527493
KXBTC-26APR2920-B75950,Crypto,"(0.2, 0.3]",-1,0.22,0.0,0.030000000000000027,0.002037000000000002,0.027963000000000026
KXBTC-26APR2920-B75850,Crypto,"(0.2, 0.3]",-1,0.23,0.0,0.06000000000000005,0.003948000000000004,0.056052000000000046
KXEARNINGSMENTIONCMG-26APR29-AL,Mentions,"(0.8, 0.9]",-1,0.83,1.0,-0.24500000000000005,0.012948250000000003,-0.25794825000000005
KXEARNINGSMENTIONCMG-26APR29-INFL,Mentions,"(0.8, 0.9]",-1,0.89,1.0,-0.18,0.010332000000000001,-0.190332
KXEARNINGSMENTIONCMG-26APR29-HONE,Mentions,"(0.3, 0.4]",-1,0.37,1.0,-0.7050000000000001,0.01455825,-0.7195582500000001
KXEARNINGSMENTIONCMG-26APR29-SHAR,Mentions,"(0.6, 0.7]",-1,0.69,0.0,0.6,0.016800000000000002,0.5831999999999999
KXEARNINGSMENTIONMSFT-26APR29-GAMI,Mentions,"(0.8, 0.9]",-1,0.9,1.0,-0.12,0.007392000000000001,-0.127392
KXEARNINGSMENTIONMSFT-26APR29-ANTH,Mentions,"(0.7, 0.8]",-1,0.73,1.0,-0.35500000000000004,0.016028250000000004,-0.37102825000000006
KXEARNINGSMENTIONMSFT-26APR29-FAIR,Mentions,"(0.7, 0.8]",-1,0.72,1.0,-0.37000000000000005,0.016317,-0.3863170000000001
KXEARNINGSMENTIONCVNA-26APR29-AUTO,Mentions,"(0.2, 0.3]",-1,0.3,1.0,-0.77,0.012397,-0.782397
KXEARNINGSMENTIONCVNA-26APR29-INSU,Mentions,"(0.2, 0.3]",-1,0.22,0.0,0.12,0.007392000000000001,0.112608
KXEARNINGSMENTIONMETA-26APR29-HYPE,Mentions,"(0.3, 0.4]",-1,0.31,0.0,0.22000000000000008,0.012012000000000005,0.2079880000000001
KXEARNINGSMENTIONMETA-26APR29-MUSE,Mentions,"(0.8, 0.9]",-1,0.89,1.0,-0.125,0.007656250000000001,-0.13265625
KXMLBSPREAD-26APR291910WSHNYM-WSH10,Sports,"(0.1, 0.2]",1,0.2,1.0,0.375,0.01640625,0.35859375
KXNBATEAMTOTAL-26APR29TORCLE-CLE119,Sports,"(0.2, 0.3]",-1,0.26,1.0,-1.2349999999999999,0.0006930000000000006,-1.235693
KXSURVIVORMENTION-26APR29-WATE,Mentions,"(0.5, 0.6]",-1,0.55,0.0,0.33499999999999996,0.01559425,0.31940575
KXSURVIVORMENTION-26APR29-HUNG,Mentions,"(0.4, 0.5]",-1,0.45,0.0,0.05999999999999994,0.003947999999999997,0.05605199999999995
KXSURVIVORMENTION-26APR29-MRBE,Mentions,"(0.9, 1.0]",-1,0.91,1.0,-0.14499999999999996,0.008678249999999998,-0.15367824999999996
KXSURVIVORMENTION-26APR29-SIT,Mentions,"(0.4, 0.5]",-1,0.41,0.0,0.20999999999999996,0.011613,0.19838699999999995
KXSURVIVORMENTION-26APR29-PUZZ,Mentions,"(0.3, 0.4]",-1,0.37,0.0,0.28,0.014112000000000001,0.265888
KXSURVIVORMENTION-26APR29-KEY,Mentions,"(0.3, 0.4]",-1,0.34,1.0,-0.82,0.010332000000000003,-0.830332
KXSURVIVORMENTION-26APR29-SAFE,Mentions,"(0.9, 1.0]",-1,0.9009,1.0,-0.16909999999999997,0.009835363299999999,-0.17893536329999998
KXSURVIVORMENTION-26APR30-DRAM,Mentions,"(0.4, 0.5]",-1,0.431,1.0,-0.7789999999999999,0.012051130000000005,-0.7910511299999999
KXSURVIVORMENTION-26APR30-THRE,Mentions,"(0.9, 1.0]",-1,0.9009,1.0,-0.5390999999999999,0.017392983300000005,-0.5564929833
KXNHLPTS-26APR29MTLTB-MTLCCAUFIELD13-2,Sports,"(0.2, 0.3]",-1,0.25,0.0,-0.24,0.0006930000000000006,-0.240693
KXNBAAST-26APR29TORCLE-TORRBARRETT9-6,Sports,"(0.1, 0.2]",1,0.17,0.0,-0.665,0.01559425,-0.6805942500000001
KXMLBKS-26APR291940AZMIL-MILBSPROAT23-4,Sports,"(0.5, 0.6]",-1,0.57,1.0,-0.465,0.01741425,-0.48241425000000004
KXMLBHIT-26APR291940AZMIL-AZGPERDOMO2-2,Sports,"(0.2, 0.3]",-1,0.26,0.0,0.22499999999999998,0.01220625,0.21279374999999998
KXMLBHR-26APR291940AZMIL-AZKMARTE4-1,Sports,"(0.2, 0.3]",-1,0.2009,1.0,-0.8291000000000001,0.009918523299999999,-0.8390185233
KXBTC-26APR2923-B76250,Crypto,"(0.2, 0.3]",-1,0.204,0.0,0.018999999999999906,0.0013047299999999938,0.017695269999999912
KXNHLGOAL-26APR29PITPHI-PITAMANTHA39-1,Sports,"(0.1, 0.2]",1,0.13,0.0,-0.53,0.017437,-0.5474370000000001
KXNHLGOAL-26APR29PITPHI-PITKLETANG58-1,Sports,"(0.1, 0.2]",1,0.12,0.0,-0.52,0.017472,-0.5374720000000001
KXNHLGOAL-26APR29PITPHI-PITKLETANG58-2,Sports,"(0.2, 0.3]",-1,0.26,0.0,-0.14000000000000012,0.0006930000000000006,-0.14069300000000012
KXMETAHEADCOUNT-26JUL-76500,Financials,"(0.9, 1.0]",-1,0.98,1.0,-0.465,0.01741425,-0.48241425000000004
KXWH-26APRROOMS-870000,Financials,"(0.9, 1.0]",-1,0.91,0.0,0.42000000000000004,0.017052000000000005,0.40294800000000003
KXUEFAMENTION-26APR29ATMARS-WHAT,Mentions,"(0.3, 0.4]",-1,0.36,0.0,-0.09000000000000008,0.0006930000000000006,-0.09069300000000008
KXBERNIEMENTION-26APR29B-CHAT,Mentions,"(0.4, 0.5]",-1,0.455,1.0,-0.9949999999999999,0.0006930000000000006,-0.9956929999999999
KXBERNIEMENTION-26APR29B-WATE,Mentions,"(0.8, 0.9]",-1,0.9,0.0,0.44999999999999996,0.017325,0.432675
KXBERNIEMENTION-26APR29B-BIPA,Mentions,"(0.2, 0.3]",-1,0.3,0.0,-0.1499999999999999,0.0006930000000000006,-0.1506929999999999
KXBERNIEMENTION-26APR29B-ROBO,Mentions,"(0.9, 1.0]",-1,0.9092,0.0,0.45920000000000005,0.0173834752,0.44181652480000005
KXBERNIEMENTION-26APR29B-IMMI,Mentions,"(0.2, 0.3]",-1,0.29,0.0,-0.15999999999999992,0.0006930000000000006,-0.16069299999999992
KXBERNIEMENTION-26APR29B-NUCL,Mentions,"(0.2, 0.3]",-1,0.3,1.0,-1.15,0.0006930000000000006,-1.150693
KXAAAGASM-26APR30-2.90,Economics,"(0.9, 1.0]",-1,0.985,1.0,-0.030000000000000027,0.002037000000000002,-0.03203700000000003
KXAAAGASM-26APR30-3.00,Economics,"(0.9, 1.0]",-1,0.99,1.0,-0.044999999999999984,0.003008249999999999,-0.04800824999999998
KXAAAGASM-26APR30-3.20,Economics,"(0.9, 1.0]",-1,0.99,1.0,-0.05499999999999999,0.00363825,-0.058638249999999996
KXAAAGASM-26APR30-3.30,Economics,"(0.9, 1.0]",-1,0.9439,1.0,-0.12610000000000005,0.007713915300000002,-0.13381391530000006
KXAAAGASM-26APR30-4.50,Economics,"(0.4, 0.5]",-1,0.5,0.0,0.29000000000000004,0.014413000000000002,0.275587
KXAAAGASM-26APR30-5.50,Economics,"(-0.001, 0.1]",1,0.08,0.0,-0.12,0.007392000000000001,-0.127392
KXAAAGASM-26APR30-5.40,Economics,"(-0.001, 0.1]",1,0.1,0.0,-0.15000000000000002,0.008925000000000002,-0.15892500000000004
KXAAAGASM-26APR30-3.85,Economics,"(0.8, 0.9]",-1,0.9,1.0,-0.58,0.017052000000000005,-0.5970519999999999
KXAAAGASM-26APR30-5.20,Economics,"(-0.001, 0.1]",1,0.02,0.0,-0.095,0.006018250000000001,-0.10101825
KXAAAGASM-26APR30-4.10,Economics,"(0.9, 1.0]",-1,0.99,1.0,-0.125,0.007656250000000001,-0.13265625
KXAAAGASM-26APR30-4.00,Economics,"(0.9, 1.0]",-1,0.99,1.0,-0.03500000000000003,0.002364250000000002,-0.037364250000000036
KXAAAGASM-26APR30-3.90,Economics,"(0.8, 0.9]",-1,0.82,1.0,-0.24000000000000005,0.012768000000000005,-0.25276800000000005
KXAAAGASM-26APR30-3.70,Economics,"(0.9, 1.0]",-1,0.95,1.0,-0.25000000000000006,0.013125000000000005,-0.26312500000000005
KXAAAGASM-26APR30-3.60,Economics,"(0.9, 1.0]",-1,0.98,1.0,-0.195,0.010988250000000001,-0.20598825
KXAAAGASM-26APR30-3.50,Economics,"(0.9, 1.0]",-1,0.9773,1.0,-0.14770000000000005,0.008811929700000004,-0.15651192970000005
KXAAAGASM-26APR30-3.40,Economics,"(0.8, 0.9]",-1,0.8962,1.0,-0.17880000000000001,0.010278139200000001,-0.18907813920000002
KXAAAGASM-26APR30-4.05,Economics,"(-0.001, 0.1]",1,0.05,1.0,0.47,0.017437,0.452563
KXAAAGASM-26APR30-3.95,Economics,"(0.9, 1.0]",-1,0.97,1.0,-0.51,0.017493,-0.527493
KXAAAGASM-26APR30-5.00,Economics,"(-0.001, 0.1]",1,0.01,0.0,-0.51,0.017493,-0.527493
KXAAAGASM-26APR30-4.70,Economics,"(-0.001, 0.1]",1,0.09,0.0,-0.28500000000000003,0.014264250000000001,-0.29926425
KXAAAGASD-26APR30-4.215,Economics,"(0.9, 1.0]",-1,0.99,1.0,-0.5,0.0175,-0.5175
KXAAAGASD-26APR30-4.220,Economics,"(0.9, 1.0]",-1,0.99,1.0,-0.5,0.0175,-0.5175
KXAAAGASD-26APR30-4.225,Economics,"(0.9, 1.0]",-1,0.99,1.0,-0.5,0.0175,-0.5175
KXAAAGASD-26APR30-4.230,Economics,"(0.9, 1.0]",-1,0.99,1.0,-0.5,0.0175,-0.5175
KXAAAGASD-26APR30-4.235,Economics,"(0.9, 1.0]",-1,0.9839,1.0,-0.5061,0.0174973953,-0.5235973953
KXAAAGASD-26APR30-4.175,Economics,"(0.9, 1.0]",-1,0.99,1.0,-0.5,0.0175,-0.5175
KXAAAGASD-26APR30-4.210,Economics,"(0.9, 1.0]",-1,0.99,1.0,-0.5,0.0175,-0.5175
KXAAAGASD-26APR30-4.240,Economics,"(0.9, 1.0]",-1,0.99,1.0,-0.5,0.0175,-0.5175
KXAAAGASM-26APR30-4.60,Economics,"(0.4, 0.5]",-1,0.45,0.0,0.24,0.012768,0.227232
KXAAAGASD-26APR30-4.255,Economics,"(0.8, 0.9]",-1,0.8736,1.0,-0.6164,0.0165515728,-0.6329515727999999
KXAAAGASD-26APR30-4.250,Economics,"(0.8, 0.9]",-1,0.8927,1.0,-0.5972999999999999,0.016837289700000004,-0.6141372896999999
KXAAAGASD-26APR30-4.205,Economics,"(0.9, 1.0]",-1,0.99,1.0,-0.5,0.0175,-0.5175
KXAAAGASD-26APR30-4.195,Economics,"(0.9, 1.0]",-1,0.99,1.0,-0.5,0.0175,-0.5175
KXAAAGASM-26APR30-4.29,Economics,"(-0.001, 0.1]",1,0.1,1.0,0.405,0.01686825,0.38813175
KXAAAGASD-26APR30-4.200,Economics,"(0.9, 1.0]",-1,0.99,1.0,-0.5,0.0175,-0.5175
KXAAAGASD-26APR30-4.180,Economics,"(0.9, 1.0]",-1,0.99,1.0,-0.5,0.0175,-0.5175
KXAAAGASD-26APR30-4.185,Economics,"(0.9, 1.0]",-1,0.99,1.0,-0.5,0.0175,-0.5175
KXAAAGASD-26APR30-4.190,Economics,"(0.9, 1.0]",-1,0.99,1.0,-0.5,0.0175,-0.5175
KXAAAGASM-26APR30-4.23,Economics,"(0.4, 0.5]",-1,0.4386,1.0,-1.0564,0.0006930000000000006,-1.057093
KXAAAGASM-26APR30-3.80,Economics,"(0.4, 0.5]",-1,0.5,1.0,-0.55,0.017325,-0.5673250000000001
KXAAAGASD-26APR30-4.280,Economics,"(-0.001, 0.1]",1,0.01,1.0,0.5,0.0175,0.4825
KXAAAGASD-26APR30-4.245,Economics,"(0.9, 1.0]",-1,0.99,1.0,-0.5,0.0175,-0.5175
KXAAAGASD-26APR30-4.170,Economics,"(0.9, 1.0]",-1,0.99,1.0,-0.5,0.0175,-0.5175
KXMLBHR-26APR292140KCATH-ATHCCORTES26-1,Sports,"(0.1, 0.2]",1,0.18,0.0,-0.6699999999999999,0.015477000000000003,-0.6854769999999999
KXFRGDPYOYP-26APR30-T0.8,Economics,"(0.4, 0.5]",-1,0.4773,1.0,-1.0177,0.0006930000000000006,-1.018393
KXFRGDPYOYP-26APR30-T0.4,Economics,"(0.8, 0.9]",-1,0.8394,1.0,-0.6556,0.015805204800000004,-0.6714052048
KXNBAPTS-26APR29HOULAL-LALRHACHIMURA28-20,Sports,"(0.2, 0.3]",-1,0.24,0.0,-0.2549999999999999,0.0006930000000000006,-0.2556929999999999
KXNBAMENTION-26APR29HOULAL-INJU,Mentions,"(0.9, 1.0]",-1,0.91,1.0,-0.5599999999999999,0.017248000000000003,-0.577248
KXNBAMENTION-26APR29HOULAL-MVP,Mentions,"(0.7, 0.8]",-1,0.75,0.0,0.30000000000000004,0.014700000000000003,0.28530000000000005
KXNBAMENTION-26APR29HOULAL-TRIP,Mentions,"(0.5, 0.6]",-1,0.55,0.0,0.10000000000000009,0.006300000000000005,0.09370000000000009
KXNBAMENTION-26APR29HOULAL-OVER,Mentions,"(0.5, 0.6]",-1,0.552,1.0,-0.8979999999999999,0.006411720000000005,-0.9044117199999999
KXNBAMENTION-26APR29HOULAL-SWEE,Mentions,"(0.4, 0.5]",-1,0.45,0.0,0.0,0.0006930000000000006,-0.0006930000000000006
KXNBAMENTION-26APR29HOULAL-GOAT,Mentions,"(0.2, 0.3]",-1,0.23,0.0,-0.21999999999999997,0.0006930000000000006,-0.22069299999999997
KXNBAMENTION-26APR29ORLDET-ALLE,Mentions,"(0.4, 0.5]",-1,0.48,0.0,0.030000000000000027,0.002037000000000002,0.027963000000000026
KXESGDPQOQF-26APR30-T0.3,Economics,"(0.8, 0.9]",-1,0.85,1.0,-0.645,0.01602825,-0.66102825
KXNBAMENTION-26APR29TORCLE-CROW,Mentions,"(0.9, 1.0]",-1,0.91,1.0,-0.54,0.017388,-0.557388
KXNBAMENTION-26APR29TORCLE-DRAF,Mentions,"(0.4, 0.5]",-1,0.454,1.0,-0.996,0.0006930000000000006,-0.996693
KXNBAMENTION-26APR29TORCLE-NQE,Mentions,"(-0.001, 0.1]",1,0.01,0.0,-0.46,0.017388000000000004,-0.47738800000000003
KXNBAMENTION-26APR29TORCLE-ROCK,Mentions,"(0.9, 1.0]",-1,0.91,1.0,-0.54,0.017388,-0.557388
KXDEGDPQOQF-26APR30-T-0.4,Economics,"(0.8, 0.9]",-1,0.85,1.0,-0.645,0.01602825,-0.66102825
KXUE-GER26APR-6.2,Economics,"(0.8, 0.9]",-1,0.85,1.0,-0.64,0.016128000000000003,-0.656128
KXCBDECISIONENGLAND-26APR30-HOLD,Economics,"(0.9, 1.0]",-1,0.99,1.0,-0.5,0.0175,-0.5175
KXUE-BR26APR-5.8,Economics,"(0.8, 0.9]",-1,0.85,1.0,-0.545,0.01735825,-0.5623582500000001
KXCBDECISIONEU-26APR30-H25P,Economics,"(-0.001, 0.1]",1,0.01,0.0,-0.5,0.0175,-0.5175
KXCBDECISIONEU-26APR30-C25P,Economics,"(-0.001, 0.1]",1,0.01,0.0,-0.5,0.0175,-0.5175
KXCBDECISIONEU-26APR30-H25,Economics,"(0.9, 1.0]",-1,0.97,0.0,0.48,0.017472,0.462528
KXCBDECISIONEU-26APR30-HOLD,Economics,"(0.8, 0.9]",-1,0.84,1.0,-0.65,0.015925,-0.665925
KXJOBLESSCLAIMS-26APR30-225000,Economics,"(-0.001, 0.1]",1,0.07,0.0,-0.12000000000000001,0.007392000000000001,-0.127392
KXJOBLESSCLAIMS-26APR30-200000,Economics,"(0.9, 1.0]",-1,0.94,0.0,0.8899999999999999,0.006853000000000002,0.8831469999999999
KXJOBLESSCLAIMS-26APR30-205000,Economics,"(0.8, 0.9]",-1,0.82,0.0,0.77,0.012397000000000004,0.757603
KXNGDPQ-26Q1-C7.0,Economics,"(-0.001, 0.1]",1,0.09,0.0,-0.58,0.017052000000000005,-0.5970519999999999
KXJOBLESSCLAIMS-26APR30-215000,Economics,"(0.4, 0.5]",-1,0.46,0.0,0.4099999999999999,0.016933,0.39306699999999994
KXNGDPQ-26Q1-C5.0,Economics,"(0.4, 0.5]",-1,0.45,0.0,-0.040000000000000036,0.0006930000000000006,-0.040693000000000035
KXJOBLESSCLAIMS-26APR30-230000,Economics,"(-0.001, 0.1]",1,0.1,0.0,-0.14,0.008428000000000001,-0.148428
KXEFFTARIFF-26APR30-T12.5,Economics,"(0.4, 0.5]",-1,0.41,0.0,0.3599999999999999,0.016128,0.3438719999999999
KXGDP-26APR30-T1.5,Economics,"(0.9, 1.0]",-1,0.96,1.0,-0.08500000000000002,0.005444250000000002,-0.09044425000000002
KXGDP-26APR30-T4.5,Economics,"(0.9, 1.0]",-1,0.97,0.0,0.48,0.017472,0.462528
KXEFFTARIFF-26APR30-T7.5,Economics,"(0.8, 0.9]",-1,0.86,1.0,-0.19,0.010773000000000001,-0.200773
KXEFFTARIFF-26APR30-T5,Economics,"(0.9, 1.0]",-1,0.94,1.0,-0.10500000000000004,0.006578250000000003,-0.11157825000000005
KXGDP-26APR30-T2.0,Economics,"(0.4, 0.5]",-1,0.46,0.0,0.4149999999999999,0.01699425,0.39800574999999994
KXUSPSPEND-26APR30-T0.1,Economics,"(0.8, 0.9]",-1,0.85,1.0,-0.64,0.016128000000000003,-0.656128
KXBTCD-26APR3009-T76199.99,Crypto,"(0.2, 0.3]",-1,0.2422,1.0,-0.7628,0.0126655312,-0.7754655312000001
KXUSDIRR-26APR30-T120,Economics,"(0.9, 1.0]",-1,0.91,1.0,-0.58,0.017052000000000005,-0.5970519999999999
KXUSDIRR-26APR30-T110,Economics,"(0.9, 1.0]",-1,0.94,1.0,-0.55,0.017325,-0.5673250000000001
KXUSDIRR-26APR30-T170,Economics,"(-0.001, 0.1]",1,0.05,0.0,-0.54,0.017388,-0.557388
KXINXU-26APR30H1000-T7149.9999,Financials,"(0.9, 1.0]",-1,0.93,0.0,0.905,0.006018249999999999,0.89898175
KXINXU-26APR30H1000-T7144.9999,Financials,"(0.9, 1.0]",-1,0.91,0.0,0.8900000000000001,0.006852999999999997,0.8831470000000001
KXHBUDGETRES-26APR-MAY12,Politics,"(0.8, 0.9]",-1,0.84,1.0,-0.2,0.011200000000000002,-0.2112
KXHYPE15M-26APR301045-45,Crypto,"(0.2, 0.3]",-1,0.3,0.0,0.17500000000000004,0.010106250000000002,0.16489375000000003
KXAAAGASMAX-26DEC31-4.20,Economics,"(0.9, 1.0]",-1,0.99,1.0,-0.505,0.017498250000000003,-0.52249825
KXBTCD-26APR3012-T76599.99,Crypto,"(0.2, 0.3]",-1,0.2333,0.0,0.22830000000000006,0.012332537700000003,0.21596746230000005
KXINXU-26APR30H1200-T7124.9999,Financials,"(0.9, 1.0]",-1,0.95,1.0,-0.07000000000000006,0.004557000000000005,-0.07455700000000007
KXEARNINGSMENTIONLLY-26APR30-CHIN,Mentions,"(0.8, 0.9]",-1,0.9,1.0,-0.14,0.008428000000000001,-0.148428
KXEARNINGSMENTIONLLY-26APR30-LILL,Mentions,"(0.8, 0.9]",-1,0.8231,1.0,-0.22689999999999994,0.0122791473,-0.23917914729999992
KXEARNINGSMENTIONLLY-26APR30-NVID,Mentions,"(0.5, 0.6]",-1,0.5633,0.0,0.47330000000000005,0.0174500977,0.45584990230000005
KXITFWMATCH-26APR30FITVID-VID,Sports,"(0.7, 0.8]",-1,0.74,0.0,0.28,0.014112000000000001,0.265888
KXINXU-26APR30H1300-T7144.9999,Financials,"(0.9, 1.0]",-1,0.95,1.0,-0.07500000000000001,0.004856250000000001,-0.07985625000000002
KXINXU-26APR30H1400-T7154.9999,Financials,"(0.9, 1.0]",-1,0.94,1.0,-0.08500000000000008,0.005444250000000005,-0.09044425000000009
KXMLBHRR-26APR301215DETATL-DETKMCGONIGLE85-1,Sports,"(0.7, 0.8]",-1,0.8,0.0,0.30500000000000005,0.014838250000000002,0.29016175000000005
KXMLBKS-26APR301235STLPIT-STLHDOBBINS40-4,Sports,"(0.5, 0.6]",-1,0.53,1.0,-0.96,0.002688000000000003,-0.962688
KXINXU-26APR30H1600-T7024.9999,Financials,"(0.9, 1.0]",-1,0.9198,1.0,-0.10520000000000007,0.006589307200000004,-0.11178930720000008
KXMLBHIT-26APR301310WSHNYM-NYMCBENGE93-2,Sports,"(0.1, 0.2]",1,0.17,0.0,-0.42000000000000004,0.017052,-0.43705200000000005
KXMLBHIT-26APR301235STLPIT-STLNCHURCH27-2,Sports,"(0.1, 0.2]",1,0.16,0.0,-0.655,0.015818250000000002,-0.6708182500000001
KXBTC15M-26APR301630-30,Crypto,"(0.2, 0.3]",-1,0.2844,1.0,-0.7206,0.014093494800000002,-0.7346934948
KXDHSFUND-26MAY01,Politics,"(0.9, 1.0]",-1,0.96,1.0,-0.13000000000000006,0.007917000000000004,-0.13791700000000007
KXDHSFUND-26JUN01,Politics,"(0.9, 1.0]",-1,0.94,1.0,-0.11000000000000004,0.006853000000000002,-0.11685300000000004
KXDHSFUND-26JUL01,Politics,"(0.8, 0.9]",-1,0.8853,1.0,-0.13970000000000005,0.008412873700000004,-0.14811287370000004
KXDHSFUND-27JAN01,Politics,"(0.9, 1.0]",-1,0.92,1.0,-0.10999999999999999,0.006853,-0.11685299999999998
KXSOLD-26APR3017-T83.9999,Crypto,"(0.2, 0.3]",-1,0.23,0.0,0.18500000000000005,0.010554250000000003,0.17444575000000004
KXBTCD-26APR3017-T76499.99,Crypto,"(0.2, 0.3]",-1,0.2882,0.0,0.2632,0.0135748032,0.24962519679999998
KXBTCD-26APR3017-T76749.99,Crypto,"(0.2, 0.3]",-1,0.23,0.0,0.20999999999999996,0.011613,0.19838699999999995
KXTRUMPMENTION-26APR30-AI,Mentions,"(0.4, 0.5]",-1,0.4067,1.0,-0.7882999999999999,0.011681817700000006,-0.7999818176999999
KXTRUMPMENTION-26APR30-BLOC,Mentions,"(0.7, 0.8]",-1,0.7469,1.0,-0.44809999999999994,0.0173114473,-0.46541144729999995
KXTRUMPMENTION-26APR30-RATI,Mentions,"(0.7, 0.8]",-1,0.71,1.0,-0.445,0.01728825,-0.46228825
KXTRUMPMENTION-26APR30-BALL,Mentions,"(0.7, 0.8]",-1,0.7695,1.0,-0.38050000000000006,0.0165003825,-0.3970003825000001
KXTRUMPMENTION-26APR30-HORM,Mentions,"(0.4, 0.5]",-1,0.45,0.0,0.2549999999999999,0.01329825,0.24170174999999988
KXTRUMPMENTION-26APR30-KING,Mentions,"(0.7, 0.8]",-1,0.71,0.0,0.605,0.016728250000000004,0.58827175
KXTRUMPMENTION-26APR30-AFFO,Mentions,"(0.3, 0.4]",-1,0.4,0.0,0.2450000000000001,0.012948250000000005,0.2320517500000001
KXMUSKNW-26APR30-T600,Economics,"(0.9, 1.0]",-1,0.99,1.0,-0.505,0.017498250000000003,-0.52249825
KXMLBHR-26APR301505KCATH-ATHCTHOMAS32-1,Sports,"(0.1, 0.2]",1,0.17,0.0,-0.665,0.01559425,-0.6805942500000001
KXEARNINGSMENTIONAAPL-26APR30-CREA,Mentions,"(0.5, 0.6]",-1,0.5933,0.0,0.5033000000000001,0.017499237700000003,0.4858007623000001
KXEARNINGSMENTIONAAPL-26APR30-TARI,Mentions,"(0.8, 0.9]",-1,0.8975,1.0,-0.18750000000000006,0.010664062500000003,-0.19816406250000007
KXEARNINGSMENTIONAAPL-26APR30-FOLD,Mentions,"(0.3, 0.4]",-1,0.32,0.0,0.2300000000000001,0.012397000000000004,0.2176030000000001
KXMLBHR-26APR291835HOUBAL-BALGHENDERSON2-1,Sports,"(0.1, 0.2]",1,0.18,0.0,-0.21,0.011613000000000002,-0.221613
KXTRUFTSA-26APR30-T1820000,Economics,"(0.9, 1.0]",-1,0.98,1.0,-0.51,0.017493,-0.527493
KXTRUFTSA-26APR30-T1420000,Economics,"(0.9, 1.0]",-1,0.99,1.0,-0.5,0.0175,-0.5175
KXTRUFTSA-26APR30-T1520000,Economics,"(0.9, 1.0]",-1,0.98,1.0,-0.51,0.017493,-0.527493
KXTRUFTSA-26APR30-T2120000,Economics,"(0.9, 1.0]",-1,0.98,1.0,-0.51,0.017493,-0.527493
KXTRUFTSA-26APR30-T1920000,Economics,"(0.9, 1.0]",-1,0.98,1.0,-0.51,0.017493,-0.527493
KXTRUFTSA-26APR30-T1320000,Economics,"(0.9, 1.0]",-1,0.9897,1.0,-0.5003,0.017499993700000004,-0.5177999937
KXTRUFTSA-26APR30-T1720000,Economics,"(0.9, 1.0]",-1,0.98,1.0,-0.51,0.017493,-0.527493
KXTRUFTSA-26APR30-T1620000,Economics,"(0.9, 1.0]",-1,0.98,1.0,-0.51,0.017493,-0.527493
KXTRUFTSA-26APR30-T2020000,Economics,"(0.9, 1.0]",-1,0.98,1.0,-0.51,0.017493,-0.527493
KXTRUEV-26APR30-T1295.42,Economics,"(0.4, 0.5]",-1,0.5,0.0,0.010000000000000009,0.0006930000000000006,0.009307000000000008
KXTRUEV-26APR30-T1285.42,Economics,"(0.4, 0.5]",-1,0.49,0.0,0.0,0.0006930000000000006,-0.0006930000000000006
KXBTC-26APR3021-B76450,Crypto,"(0.2, 0.3]",-1,0.26,0.0,-0.19500000000000006,0.0006930000000000006,-0.19569300000000006
KXNBAREB-26APR30BOSPHI-PHIJEMBIID21-6,Sports,"(0.8, 0.9]",-1,0.83,1.0,-0.20500000000000002,0.01140825,-0.21640825000000002
KXWNBAGAME-26APR30DALIND-IND,Sports,"(0.7, 0.8]",-1,0.75,0.0,0.38,0.016492,0.363508
KXNBASERIESSCORE-26ATLNYKR1-ATL43,Sports,"(0.2, 0.3]",-1,0.25,0.0,0.14,0.008428000000000001,0.13157200000000002
KXNBASPREAD-26APR30NYKATL-NYK32,Sports,"(0.5, 0.6]",-1,0.59,1.0,-0.6950000000000001,0.014838249999999999,-0.7098382500000001
KXEARNINGSMENTIONRIVN-26APR30-BATT,Mentions,"(0.7, 0.8]",-1,0.77,1.0,-0.335,0.015594250000000002,-0.35059425
KXEARNINGSMENTIONRIVN-26APR30-UBER,Mentions,"(0.8, 0.9]",-1,0.9,1.0,-0.16999999999999998,0.009877000000000002,-0.17987699999999998
KXEARNINGSMENTIONRIVN-26APR30-GEOR,Mentions,"(0.8, 0.9]",-1,0.9,1.0,-0.15499999999999997,0.00916825,-0.16416824999999996
KXEARNINGSMENTIONRIVN-26APR30-ROBO,Mentions,"(0.6, 0.7]",-1,0.63,1.0,-0.385,0.016574250000000002,-0.40157425
KXEARNINGSMENTIONRIVN-26APR30-TORN,Mentions,"(0.5, 0.6]",-1,0.52,1.0,-0.595,0.01686825,-0.61186825
KXEARNINGSMENTIONRIVN-26APR30-HEAD,Mentions,"(0.4, 0.5]",-1,0.47,0.0,0.35,0.015925,0.33407499999999996
KXEARNINGSMENTIONRDDT-26APR30-OPEN,Mentions,"(0.3, 0.4]",-1,0.33,1.0,-0.7599999999999999,0.012768000000000005,-0.7727679999999999
KXEARNINGSMENTIONRDDT-26APR30-HEAD,Mentions,"(0.2, 0.3]",-1,0.26,0.0,0.17000000000000004,0.009877000000000004,0.16012300000000004
KXEARNINGSMENTIONRDDT-26APR30-SMAR,Mentions,"(0.4, 0.5]",-1,0.472,0.0,0.3819999999999999,0.01652532,0.3654746799999999
KXMLBTOTAL-26APR301940TORMIN-4,Sports,"(0.9, 1.0]",-1,0.92,1.0,-0.57,0.017157000000000002,-0.5871569999999999
KXNHLSERIES-26MINDALR1-MIN,Sports,"(0.5, 0.6]",-1,0.51,1.0,-0.74,0.013468000000000003,-0.753468
KXNBAPTS-26APR30NYKATL-NYKKTOWNS32-15,Sports,"(0.7, 0.8]",-1,0.77,0.0,0.27,0.013797000000000002,0.256203
KXNBAREB-26APR30BOSPHI-BOSNVUCEVIC4-5,Sports,"(0.5, 0.6]",-1,0.54,0.0,0.5,0.017499999999999998,0.4825
KXFISALENGTH-26APR-FISA30D,Politics,"(0.8, 0.9]",-1,0.855,1.0,-0.185,0.010554250000000001,-0.19555424999999999
KXFISALENGTH-26APR-FISA90D,Politics,"(0.8, 0.9]",-1,0.8173,0.0,0.7773000000000001,0.0121173297,0.7651826703000001
KXBTCD-26APR3023-T76799.99,Crypto,"(0.2, 0.3]",-1,0.2031,0.0,0.19810000000000005,0.011119947300000004,0.18698005270000004
KXSTATEMENTCOUNTEARLE-26MAY01,Entertainment,"(-0.001, 0.1]",-1,0.02,0.0,-0.014999999999999902,0.0006930000000000006,-0.0156929999999999
KXAAAGASD-26MAY01-4.300,Economics,"(0.9, 1.0]",-1,0.99,1.0,-0.5,0.0175,-0.5175
KXTRUMPMEET-26APR-JTHU,Politics,"(0.9, 1.0]",-1,0.96,0.0,0.9199999999999999,0.005152000000000001,0.9148479999999999
KXJUDGECOUNT-26APR-0,Politics,"(0.9, 1.0]",-1,0.99,1.0,-0.04999999999999999,0.0033249999999999994,-0.05332499999999999
KXJUDGECOUNT-26APR-2,Politics,"(0.9, 1.0]",-1,0.99,1.0,-0.5,0.0175,-0.5175
KXAAAGASD-26MAY01-4.320,Economics,"(0.9, 1.0]",-1,0.95,1.0,-0.54,0.017388,-0.557388
KXAAAGASD-26MAY01-4.315,Economics,"(0.9, 1.0]",-1,0.95,1.0,-0.54,0.017388,-0.557388
KXAAAGASD-26MAY01-4.310,Economics,"(0.9, 1.0]",-1,0.99,1.0,-0.5,0.0175,-0.5175
KXAAAGASD-26MAY01-4.305,Economics,"(0.9, 1.0]",-1,0.99,1.0,-0.5,0.0175,-0.5175
KXAAAGASD-26MAY01-4.295,Economics,"(0.9, 1.0]",-1,0.99,1.0,-0.5,0.0175,-0.5175
KXAAAGASD-26MAY01-4.290,Economics,"(0.9, 1.0]",-1,0.99,1.0,-0.5,0.0175,-0.5175
KXAAAGASD-26MAY01-4.285,Economics,"(0.9, 1.0]",-1,0.99,1.0,-0.5,0.0175,-0.5175
KXAAAGASD-26MAY01-4.280,Economics,"(0.9, 1.0]",-1,0.99,1.0,-0.5,0.0175,-0.5175
KXAAAGASD-26MAY01-4.325,Economics,"(0.9, 1.0]",-1,0.95,1.0,-0.54,0.017388,-0.557388
KXAAAGASD-26MAY01-4.330,Economics,"(0.9, 1.0]",-1,0.94,1.0,-0.55,0.017325,-0.5673250000000001
KXAAAGASD-26MAY01-4.335,Economics,"(0.9, 1.0]",-1,0.9872,1.0,-0.5028,0.017499451200000002,-0.5202994512
KXAAAGASD-26MAY01-4.390,Economics,"(-0.001, 0.1]",1,0.02,1.0,0.49,0.017493,0.472507
KXAAAGASD-26MAY01-4.385,Economics,"(0.9, 1.0]",-1,0.95,1.0,-0.54,0.017388,-0.557388
KXAAAGASD-26MAY01-4.380,Economics,"(-0.001, 0.1]",1,0.0267,1.0,0.48330000000000006,0.017480477700000004,0.46581952230000007
KXAAAGASD-26MAY01-4.360,Economics,"(-0.001, 0.1]",1,0.0983,1.0,0.41169999999999995,0.016954217700000003,0.39474578229999996
KXAAAGASD-26MAY01-4.420,Economics,"(0.9, 1.0]",-1,0.99,0.0,0.49,0.017493,0.472507
KXMEDATACENTER-26MAY01,Politics,"(0.8, 0.9]",-1,0.89,0.0,0.8400000000000001,0.009408000000000001,0.8305920000000001
KXTEAMSINNBAF-26-DENNYK,Sports,"(0.1, 0.2]",1,0.12,0.0,-0.615,0.016574250000000002,-0.63157425
KXLOLMAP-26MAY010100FOXYHLE-1-FOXY,Sports,"(0.5, 0.6]",-1,0.519,1.0,-0.971,0.001971130000000002,-0.97297113
KXNBAMENTION-26APR30BOSPHI-BUZZ,Mentions,"(0.5, 0.6]",-1,0.5736,0.0,0.08360000000000001,0.005362772800000001,0.07823722720000001
KXNBAMENTION-26APR30BOSPHI-JORD,Mentions,"(0.9, 1.0]",-1,0.91,1.0,-0.58,0.017052000000000005,-0.5970519999999999
KXITFWMATCH-26MAY01KAIMES-KAI,Sports,"(0.5, 0.6]",-1,0.55,1.0,-0.9099999999999999,0.0057330000000000055,-0.9157329999999999
KXITFMATCH-26MAY01RAHCIA-RAH,Sports,"(0.9, 1.0]",-1,0.92,0.0,0.4600000000000001,0.017388000000000004,0.44261200000000006
KXNBAMENTION-26APR30DENMIN-BUZZ,Mentions,"(0.2, 0.3]",-1,0.26,0.0,-0.22999999999999998,0.0006930000000000006,-0.23069299999999998
KXNBAMENTION-26APR30DENMIN-TRAD,Mentions,"(0.9, 1.0]",-1,0.91,1.0,-0.58,0.017052000000000005,-0.5970519999999999
KXNBAMENTION-26APR30DENMIN-INJU,Mentions,"(0.9, 1.0]",-1,0.91,1.0,-0.58,0.017052000000000005,-0.5970519999999999
KXNBAMENTION-26APR30DENMIN-NQE,Mentions,"(-0.001, 0.1]",1,0.01,0.0,-0.5,0.0175,-0.5175
KXBTCD-26MAY0109-T77599.99,Crypto,"(0.2, 0.3]",-1,0.2073,1.0,-0.7977,0.011296229700000002,-0.8089962297
KXISMPMI-26APR-56,Economics,"(-0.001, 0.1]",1,0.07,0.0,-0.12000000000000001,0.007392000000000001,-0.127392
KXISMPMI-26APR-51,Economics,"(0.8, 0.9]",-1,0.85,1.0,-0.195,0.010988250000000001,-0.20598825
KXINXU-26MAY01H1000-T7204.9999,Financials,"(0.9, 1.0]",-1,0.9474,1.0,-0.06759999999999994,0.004412116799999997,-0.07201211679999993
KXTRUMPSAYMONTH-26MAY01-THIR,Mentions,"(0.4, 0.5]",-1,0.47,0.0,0.245,0.012948250000000001,0.23205175
KXTRUMPSAYMONTH-26MAY01-STIM,Mentions,"(0.4, 0.5]",-1,0.5,0.0,0.405,0.01686825,0.38813175
KXTRUMPSAYMONTH-26MAY01-DISC,Mentions,"(-0.001, 0.1]",1,0.1,0.0,-0.305,0.014838250000000002,-0.31983825
KXTRUMPSAYMONTH-26MAY01-EPSTI,Mentions,"(0.4, 0.5]",-1,0.4068,0.0,0.18180000000000007,0.010412413200000003,0.17138758680000007
KXTRUMPSAYMONTH-26MAY01-MAKE,Mentions,"(0.4, 0.5]",-1,0.5,0.0,0.20499999999999996,0.011408249999999998,0.19359174999999995
KXTRUMPSAYMONTH-26MAY01-PELO,Mentions,"(0.4, 0.5]",-1,0.5,0.0,0.21500000000000008,0.011814250000000004,0.20318575000000008
KXVISITVENEZUELA-26MAY01-EGUN,Politics,"(0.8, 0.9]",-1,0.85,0.0,0.845,0.009168250000000003,0.83583175
KXGOLDCARDS-26-B0.0,Politics,"(0.8, 0.9]",-1,0.805,1.0,-0.24,0.012768000000000002,-0.252768
KXSAVEAMERICACLOTURE-MAY26-BCAS,Politics,"(0.9, 1.0]",-1,0.9437,0.0,0.9037,0.0060918417,0.8976081583
KXSAVEAMERICACLOTURE-MAY26-MMCC,Politics,"(0.8, 0.9]",-1,0.852,0.0,0.812,0.010685920000000002,0.80131408
KXSAVEAMERICACLOTURE-MAY26-RPAU,Politics,"(0.8, 0.9]",-1,0.86,0.0,0.8200000000000001,0.010332000000000001,0.809668
KXSAVEAMERICACLOTURE-MAY26-TTIL,Politics,"(0.8, 0.9]",-1,0.86,0.0,0.8200000000000001,0.010332000000000001,0.809668
KXSAVEAMERICACLOTURE-MAY26-MMUL,Politics,"(0.8, 0.9]",-1,0.822,0.0,0.782,0.011933320000000002,0.77006668
KXVOTESAVEAMERICA-26MAR-MAY01,Politics,"(0.8, 0.9]",-1,0.8467,0.0,0.8067,0.010915457700000002,0.7957845423
KXWTACHALLENGERMATCH-26MAY01SORPRI-SOR,Sports,"(0.8, 0.9]",-1,0.8153,1.0,-0.5896999999999999,0.016936773700000005,-0.6066367736999999
KXNBAMENTION-26APR30BOSPHI-CROW,Mentions,"(0.9, 1.0]",-1,0.91,0.0,0.42000000000000004,0.017052000000000005,0.40294800000000003
KXDOGED-26MAY0111-T0.1099999,Crypto,"(0.2, 0.3]",-1,0.22,0.0,0.18499999999999994,0.01055425,0.17444574999999996
KXINXU-26MAY01H1100-T7239.9999,Financials,"(0.9, 1.0]",-1,0.96,1.0,-0.14,0.008428000000000001,-0.148428
KXATPCHALLENGERMATCH-26MAY01SVRSAI-SAI,Sports,"(0.8, 0.9]",-1,0.85,1.0,-0.2,0.011200000000000002,-0.2112
KXINXU-26MAY01H1300-T7234.9999,Financials,"(0.9, 1.0]",-1,0.9301,1.0,-0.09489999999999993,0.006012579299999996,-0.10091257929999993
KXNASDAQ100U-26MAY01H1300-T27649.99,Financials,"(0.9, 1.0]",-1,0.93,1.0,-0.08999999999999991,0.005732999999999996,-0.09573299999999992
KXINXU-26MAY01H1400-T7224.9999,Financials,"(0.9, 1.0]",-1,0.95,1.0,-0.07500000000000001,0.004856250000000001,-0.07985625000000002
KXINXU-26MAY01H1500-T7229.9999,Financials,"(0.9, 1.0]",-1,0.97,1.0,-0.050000000000000044,0.0033250000000000033,-0.053325000000000046
KXBTCD-26MAY0115-T78699.99,Crypto,"(0.2, 0.3]",-1,0.2746,0.0,0.25959999999999994,0.013454548799999999,0.24614545119999995
KXNASDAQ100U-26MAY01H1500-T27679.99,Financials,"(0.9, 1.0]",-1,0.92,1.0,-0.10499999999999993,0.006578249999999996,-0.11157824999999992
KXUSDEBTMON-26MAY01-T39.30,Economics,"(0.4, 0.5]",-1,0.45,0.0,0.3999999999999999,0.0168,0.38319999999999993
KXUSDEBTMON-26MAY01-T39.60,Economics,"(-0.001, 0.1]",1,0.09,0.0,-0.57,0.017157000000000002,-0.5871569999999999
KXUSDEBTMON-26MAY01-T39.80,Economics,"(-0.001, 0.1]",1,0.03,0.0,-0.07999999999999999,0.005152,-0.08515199999999999
KXUSDEBTMON-26MAY01-T40.00,Economics,"(-0.001, 0.1]",1,0.0532,0.0,-0.1032,0.0064784832,-0.1096784832
KXINXU-26MAY01H1600-T7124.9999,Financials,"(0.9, 1.0]",-1,0.95,1.0,-0.07,0.004557,-0.07455700000000001
KXINXU-26MAY01H1600-T7099.9999,Financials,"(0.9, 1.0]",-1,0.97,1.0,-0.05499999999999999,0.00363825,-0.058638249999999996
KXMLBTEAMTOTAL-26MAY011420AZCHC-AZ4,Sports,"(0.5, 0.6]",-1,0.5138,1.0,-0.5212,0.0174685392,-0.5386685392
KXTRUMPMENTION-26MAY01C-IRAN,Mentions,"(0.8, 0.9]",-1,0.9,1.0,-0.585,0.016994250000000002,-0.60199425
KXTRUMPMENTION-26MAY01C-BUTL,Mentions,"(0.6, 0.7]",-1,0.65,0.0,0.16500000000000004,0.009644250000000002,0.15535575000000004
KXTRUMPMENTION-26MAY01C-BIDE,Mentions,"(0.8, 0.9]",-1,0.89,1.0,-0.595,0.01686825,-0.61186825
KXTRUMPMENTION-26MAY01C-HEAL,Mentions,"(0.4, 0.5]",-1,0.4567,1.0,-1.0283,0.0006930000000000006,-1.028993
KXTRUMPMENTION-26MAY01C-GOLF,Mentions,"(0.6, 0.7]",-1,0.65,0.0,0.16500000000000004,0.009644250000000002,0.15535575000000004
KXTRUMPMENTION-26MAY01C-MARC,Mentions,"(0.6, 0.7]",-1,0.65,0.0,0.52,0.017472,0.502528
KXTRUMPMENTION-26MAY01C-KIMM,Mentions,"(0.6, 0.7]",-1,0.65,0.0,0.52,0.017472,0.502528
KXTRUMPMENTION-26MAY01C-MAHA,Mentions,"(0.4, 0.5]",-1,0.4127,0.0,0.2127000000000001,0.011722109700000006,0.2009778903000001
KXTRUMPMENTION-26MAY01C-250,Mentions,"(0.8, 0.9]",-1,0.9,1.0,-0.22999999999999998,0.012397,-0.24239699999999997
KXTRUMPMENTION-26MAY01C-NUCL,Mentions,"(0.8, 0.9]",-1,0.9,1.0,-0.585,0.016994250000000002,-0.60199425
KXTRUMPMENTION-26MAY01C-POWE,Mentions,"(-0.001, 0.1]",1,0.05,1.0,0.52,0.017472,0.502528
KXTRUMPMENTION-26MAY01C-AI,Mentions,"(0.2, 0.3]",-1,0.26,1.0,-0.94,0.003948000000000004,-0.9439479999999999
KXTRUMPMENTION-26MAY01C-AMER,Mentions,"(0.5, 0.6]",-1,0.55,0.0,0.3500000000000001,0.015925000000000005,0.33407500000000007
KXTRUMPMENTION-26MAY01-LAND,Mentions,"(0.5, 0.6]",-1,0.6,1.0,-0.805,0.01098825,-0.8159882500000001
KXTRUMPMENTION-26MAY01C-DELL,Mentions,"(0.3, 0.4]",-1,0.3566,1.0,-1.0734,0.0006930000000000006,-1.074093
KXTRUEV-26MAY01-T1257.10,Economics,"(0.4, 0.5]",-1,0.43,0.0,-0.05500000000000016,0.0006930000000000006,-0.05569300000000016
KXTRUEV-26MAY01-T1227.10,Economics,"(0.4, 0.5]",-1,0.5,1.0,-0.98,0.0013720000000000015,-0.981372
KXTRUEV-26MAY01-T1247.10,Economics,"(0.4, 0.5]",-1,0.48,0.0,-0.015000000000000124,0.0006930000000000006,-0.015693000000000124
KXBERNIEMENTION-26MAY01-OPEN,Mentions,"(0.3, 0.4]",-1,0.4,0.0,-0.050000000000000044,0.0006930000000000006,-0.050693000000000044
KXBERNIEMENTION-26MAY01-BERN,Mentions,"(0.9, 1.0]",-1,0.91,1.0,-0.54,0.017388,-0.557388
KXBERNIEMENTION-26MAY01-ROBO,Mentions,"(0.6, 0.7]",-1,0.6278,1.0,-0.8222,0.010233101199999999,-0.8324331012
KXBERNIEMENTION-26MAY01-IRAN,Mentions,"(0.5, 0.6]",-1,0.5925,1.0,-0.8574999999999999,0.008553562500000004,-0.8660535625
KXBERNIEMENTION-26MAY01-DEMO,Mentions,"(0.8, 0.9]",-1,0.9,1.0,-0.55,0.017325,-0.5673250000000001
KXBERNIEMENTION-26MAY01-PAYC,Mentions,"(0.8, 0.9]",-1,0.89,1.0,-0.56,0.017248,-0.5772480000000001
KXBERNIEMENTION-26MAY01-SOCI,Mentions,"(0.3, 0.4]",-1,0.3918,1.0,-0.7882,0.0116858532,-0.7998858532
KXMLBSPREAD-26MAY011910SFTB-TB4,Sports,"(0.1, 0.2]",1,0.18,0.0,-0.575,0.017106250000000003,-0.59210625
KXTRUMPMENTIONB-26MAY01-NQE,Mentions,"(-0.001, 0.1]",1,0.07,0.0,-0.5,0.0175,-0.5175
KXTRUMPMENTIONB-26MAY01-OIL,Mentions,"(0.8, 0.9]",-1,0.82,1.0,-0.6100000000000001,0.016652999999999998,-0.6266530000000001
KXTRUMPMENTIONB-26MAY01-DESA,Mentions,"(0.8, 0.9]",-1,0.81,0.0,0.3800000000000001,0.016492000000000003,0.3635080000000001
KXTRUMPMENTIONB-26MAY01-STOC,Mentions,"(0.8, 0.9]",-1,0.82,1.0,-0.6100000000000001,0.016652999999999998,-0.6266530000000001
KXMLBF5TOTAL-26MAY012040ATLCOL-4,Sports,"(0.7, 0.8]",-1,0.75,1.0,-0.29,0.014413,-0.304413
KXMLBHIT-26MAY011840TEXDET-DETRGREENE31-2,Sports,"(0.1, 0.2]",1,0.19,1.0,0.7849999999999999,0.01181425,0.7731857499999999
KXMLBTOTAL-26MAY012010TORMIN-8,Sports,"(0.5, 0.6]",-1,0.56,1.0,-0.475,0.017456250000000003,-0.49245625
KXMLBHR-26MAY011845CINPIT-CINEDELACRUZ44-1,Sports,"(0.2, 0.3]",-1,0.2483,0.0,-0.2366999999999999,0.0006930000000000006,-0.2373929999999999
KXMLBHR-26MAY011905BALNYY-BALARUTSCHMAN35-1,Sports,"(0.1, 0.2]",1,0.12,0.0,-0.195,0.010988250000000001,-0.20598825
KXMLBKS-26MAY011910SFTB-TBSMCCLANAHAN18-4,Sports,"(0.7, 0.8]",-1,0.74,1.0,-0.295,0.014558250000000003,-0.30955825
KXNHLMENTION-26MAY01BUFBOS-OVER,Mentions,"(0.8, 0.9]",-1,0.86,1.0,-0.595,0.01686825,-0.61186825
KXNHLMENTION-26MAY01BUFBOS-COME,Mentions,"(0.7, 0.8]",-1,0.79,1.0,-0.665,0.01559425,-0.6805942500000001
KXMLBTOTAL-26MAY012040ATLCOL-8,Sports,"(0.7, 0.8]",-1,0.78,1.0,-0.25,0.013125000000000001,-0.263125
KXMLBKS-26MAY012040ATLCOL-ATLGHOLMES66-8,Sports,"(0.1, 0.2]",1,0.13,0.0,-0.16,0.009408000000000001,-0.169408
KXAAAGASD-26MAY02-4.520,Economics,"(-0.001, 0.1]",1,0.0142,0.0,-0.4992,0.017499955200000004,-0.5166999552
KXAAAGASD-26MAY02-4.525,Economics,"(-0.001, 0.1]",1,0.0164,0.0,-0.5014,0.0174998628,-0.5188998628
KXAAAGASD-26MAY02-4.400,Economics,"(0.9, 1.0]",-1,0.98,1.0,-0.505,0.017498250000000003,-0.52249825
KXAAAGASD-26MAY02-4.390,Economics,"(0.9, 1.0]",-1,0.98,1.0,-0.505,0.017498250000000003,-0.52249825
KXAAAGASD-26MAY02-4.385,Economics,"(0.9, 1.0]",-1,0.97,1.0,-0.515,0.017484250000000003,-0.53248425
KXAAAGASD-26MAY02-4.490,Economics,"(-0.001, 0.1]",1,0.0154,0.0,-0.5054,0.0174979588,-0.5228979588
KXAAAGASD-26MAY02-4.530,Economics,"(-0.001, 0.1]",1,0.0127,0.0,-0.4977,0.0174996297,-0.5151996297
KXAAAGASD-26MAY02-4.395,Economics,"(0.9, 1.0]",-1,0.98,1.0,-0.515,0.017484250000000003,-0.53248425
KXAAAGASD-26MAY02-4.500,Economics,"(-0.001, 0.1]",1,0.03,0.0,-0.515,0.017484250000000003,-0.53248425
KXAAAGASD-26MAY02-4.405,Economics,"(0.9, 1.0]",-1,0.98,1.0,-0.505,0.017498250000000003,-0.52249825
KXAAAGASD-26MAY02-4.415,Economics,"(0.9, 1.0]",-1,0.95,1.0,-0.535,0.01741425,-0.55241425
KXAAAGASD-26MAY02-4.455,Economics,"(0.8, 0.9]",-1,0.81,0.0,0.32500000000000007,0.015356250000000004,0.30964375000000005
KXAAAGASD-26MAY02-4.450,Economics,"(0.8, 0.9]",-1,0.81,0.0,0.32500000000000007,0.015356250000000004,0.30964375000000005
KXAAAGASD-26MAY02-4.445,Economics,"(0.8, 0.9]",-1,0.8713,0.0,0.37629999999999997,0.0164288817,0.35987111829999996
KXAAAGASD-26MAY02-4.440,Economics,"(0.9, 1.0]",-1,0.92,0.0,0.43500000000000005,0.017204250000000004,0.41779575
KXAAAGASD-26MAY02-4.430,Economics,"(0.9, 1.0]",-1,0.97,1.0,-0.515,0.017484250000000003,-0.53248425
KXAAAGASD-26MAY02-4.435,Economics,"(0.9, 1.0]",-1,0.93,0.0,0.44000000000000006,0.017248000000000003,0.42275200000000007
KXAAAGASD-26MAY02-4.515,Economics,"(-0.001, 0.1]",1,0.0169,0.0,-0.5069,0.017496667300000004,-0.5243966673
KXAAAGASD-26MAY02-4.510,Economics,"(-0.001, 0.1]",1,0.0106,0.0,-0.4956,0.017498644799999998,-0.5130986448
KXAAAGASD-26MAY02-4.505,Economics,"(-0.001, 0.1]",1,0.0106,0.0,-0.5006,0.017499974800000002,-0.5180999748
KXAAAGASD-26MAY02-4.425,Economics,"(0.9, 1.0]",-1,0.97,1.0,-0.525,0.017456250000000003,-0.54245625
KXAAAGASD-26MAY02-4.410,Economics,"(0.9, 1.0]",-1,0.98,1.0,-0.515,0.017484250000000003,-0.53248425
KXNBASERIESPTSLEADER-26HOULALR1-HOUASEN,Sports,"(0.1, 0.2]",1,0.11,0.0,-0.2,0.011200000000000002,-0.2112
KXNASCARRACE-SPE26-CAHO,Sports,"(0.2, 0.3]",-1,0.27,1.0,-0.8049999999999999,0.010988250000000005,-0.81598825
KXMLBHRR-26MAY012145KCSEA-KCBWITT7-1,Sports,"(0.7, 0.8]",-1,0.72,1.0,-0.775,0.01220625,-0.78720625
KXBTCD-26MAY0201-T78499.99,Crypto,"(0.2, 0.3]",-1,0.2898,0.0,0.28480000000000005,0.014258227200000004,0.2705417728
KXMLBHRR-26MAY012140CWSSD-CWSMMURAKAMI5-5,Sports,"(0.1, 0.2]",1,0.14,1.0,0.83,0.009877000000000002,0.8201229999999999
KXMLBHIT-26MAY012145KCSEA-SEACJOE9-2,Sports,"(0.1, 0.2]",1,0.14,0.0,-0.625,0.01640625,-0.64140625
KXMLBHR-26MAY012145KCSEA-SEAJNAYLOR12-1,Sports,"(0.1, 0.2]",1,0.1375,0.0,-0.1675,0.0097610625,-0.1772610625
KXNBAMENTION-26MAY01CLETOR-INJU,Mentions,"(0.9, 1.0]",-1,0.91,1.0,-0.575,0.017106250000000003,-0.59210625
KXNBAMENTION-26MAY01CLETOR-ROOK,Mentions,"(0.9, 1.0]",-1,0.91,1.0,-0.54,0.017388,-0.557388
KXNBAMENTION-26MAY01CLETOR-SWEE,Mentions,"(0.8, 0.9]",-1,0.9,1.0,-0.55,0.017325,-0.5673250000000001
KXNBAMENTION-26MAY01CLETOR-SCOT,Mentions,"(0.8, 0.9]",-1,0.81,1.0,-0.6399999999999999,0.016128000000000003,-0.6561279999999999
KXNHLPTS-26MAY01VGKUTA-VGKIBARBASHEV49-1,Sports,"(0.5, 0.6]",-1,0.56,1.0,-0.9349999999999999,0.0042542500000000046,-0.93925425
KXBTC-26MAY0202-B78050,Crypto,"(0.2, 0.3]",-1,0.23,0.0,0.050000000000000044,0.0033250000000000033,0.04667500000000004
KXVANCEMENTION-26APR30-NQE,Mentions,"(0.2, 0.3]",-1,0.2415,1.0,-0.8885,0.006934742500000003,-0.8954347425
KXVANCEMENTION-26APR30-AFFO,Mentions,"(0.4, 0.5]",-1,0.5,0.0,0.32000000000000006,0.015232000000000004,0.30476800000000004
KXVANCEMENTION-26APR30-ISRA,Mentions,"(0.3, 0.4]",-1,0.3662,0.0,0.19620000000000004,0.011039389200000003,0.18516061080000004
KXVANCEMENTION-26APR30-AMERF,Mentions,"(0.3, 0.4]",-1,0.3035,0.0,0.13349999999999995,0.008097442499999998,0.12540255749999996
KXVANCEMENTION-26APR30-BIDE,Mentions,"(0.8, 0.9]",-1,0.8032,0.0,0.6232,0.0164375232,0.6067624768
KXVANCEMENTION-26APR30-EPIC,Mentions,"(0.2, 0.3]",-1,0.2525,0.0,0.16749999999999998,0.0097610625,0.15773893749999998
KXVANCEMENTION-26APR30-ID,Mentions,"(0.2, 0.3]",-1,0.22,0.0,0.03499999999999992,0.0023642499999999953,0.03263574999999992
KXVANCEMENTION-26APR30-MANU,Mentions,"(0.3, 0.4]",-1,0.35,0.0,0.19499999999999995,0.01098825,0.18401174999999995
KXVANCEMENTION-26APR30-SAVE,Mentions,"(0.3, 0.4]",-1,0.39,0.0,0.255,0.013298250000000001,0.24170175
KXVANCEMENTION-26APR30-SHUT,Mentions,"(0.2, 0.3]",-1,0.23,0.0,0.05999999999999994,0.003947999999999997,0.05605199999999995
KXVANCEMENTION-26APR30-AI,Mentions,"(0.3, 0.4]",-1,0.33,0.0,0.16000000000000003,0.009408000000000003,0.15059200000000003
KXBTC-26MAY0204-B78250,Crypto,"(0.2, 0.3]",-1,0.26,1.0,-0.94,0.003948000000000004,-0.9439479999999999
KXNBAMENTION-26MAY01DETORL-MVP,Mentions,"(0.5, 0.6]",-1,0.6,1.0,-0.885,0.00712425,-0.8921242500000001
KXNBAMENTION-26MAY01DETORL-NQE,Mentions,"(-0.001, 0.1]",1,0.01,0.0,-0.495,0.01749825,-0.51249825
KXJLEAGUEGAME-26MAY02URDJEF-URD,Sports,"(0.5, 0.6]",-1,0.58,1.0,-0.9,0.0063,-0.9063
KXBTC15M-26MAY020545-45,Crypto,"(0.2, 0.3]",-1,0.2153,1.0,-0.7897,0.011625173700000003,-0.8013251737
KXMLBMENTION-26MAY01CINPIT-TRAD,Mentions,"(0.8, 0.9]",-1,0.9,1.0,-0.55,0.017325,-0.5673250000000001
KXMLBMENTION-26MAY01CINPIT-NQE,Mentions,"(-0.001, 0.1]",1,0.01,0.0,-0.46,0.017388000000000004,-0.47738800000000003
KXMLBMENTION-26MAY01CINPIT-PNC,Mentions,"(0.9, 1.0]",-1,0.91,1.0,-0.54,0.017388,-0.557388
KXMLBMENTION-26MAY01KCSEA-MVP,Mentions,"(0.5, 0.6]",-1,0.54,1.0,-0.95,0.0033250000000000033,-0.953325
KXMLBMENTION-26MAY01KCSEA-BUNT,Mentions,"(0.9, 1.0]",-1,0.91,1.0,-0.58,0.017052000000000005,-0.5970519999999999
KXMLBMENTION-26MAY01KCSEA-WALK,Mentions,"(0.9, 1.0]",-1,0.91,1.0,-0.58,0.017052000000000005,-0.5970519999999999
KXMLBMENTION-26MAY01KCSEA-BULL,Mentions,"(0.9, 1.0]",-1,0.91,1.0,-0.58,0.017052000000000005,-0.5970519999999999
KXMLBMENTION-26MAY01KCSEA-NQE,Mentions,"(-0.001, 0.1]",1,0.01,0.0,-0.5,0.0175,-0.5175
KXMLBMENTION-26MAY01KCSEA-T-MOB,Mentions,"(0.9, 1.0]",-1,0.91,1.0,-0.13499999999999995,0.00817425,-0.14317424999999995
KXSOL15M-26MAY020715-15,Crypto,"(0.2, 0.3]",-1,0.276,0.0,0.261,0.013501530000000001,0.24749847
KXNBAMENTION-26MAY01LALHOU-INJU,Mentions,"(0.9, 1.0]",-1,0.91,1.0,-0.575,0.017106250000000003,-0.59210625
KXNBAMENTION-26MAY01LALHOU-LEGA,Mentions,"(0.4, 0.5]",-1,0.45,0.0,-0.03500000000000014,0.0006930000000000006,-0.03569300000000014
KXNBAMENTION-26MAY01LALHOU-NQE,Mentions,"(-0.001, 0.1]",1,0.01,0.0,-0.495,0.01749825,-0.51249825
KXUFCVICROUND-26MAY02TUISUT-OTHER,Sports,"(0.1, 0.2]",1,0.16,1.0,0.76,0.012768000000000002,0.747232
KXUFCFIGHT-26MAY02ELLERC-ERC,Sports,"(0.8, 0.9]",-1,0.81,1.0,-0.2099999999999999,0.011612999999999997,-0.2216129999999999
KXSERIEAGAME-26MAY02UDITOR-TOR,Sports,"(0.2, 0.3]",-1,0.29,0.0,0.245,0.012948250000000001,0.23205175
KXBTC-26MAY0213-B78450,Crypto,"(0.2, 0.3]",-1,0.25,1.0,-1.205,0.0006930000000000006,-1.2056930000000001
KXBTC-26MAY0213-B78550,Crypto,"(0.2, 0.3]",-1,0.2068,0.0,-0.24819999999999998,0.0006930000000000006,-0.24889299999999998
KXMLBMENTION-26MAY01KCSEA-DOUB,Mentions,"(0.9, 1.0]",-1,0.91,0.0,0.815,0.010554250000000001,0.80444575
KXMLBMENTION-26MAY01KCSEA-BASE,Mentions,"(0.9, 1.0]",-1,0.91,0.0,0.45999999999999996,0.017388,0.44261199999999995
KXMLBTOTAL-26MAY021420AZCHC-6,Sports,"(0.7, 0.8]",-1,0.7206,0.0,0.6806000000000001,0.015216854800000002,0.6653831452000001
KXMLBHR-26MAY021420AZCHC-CHCABREGMAN3-1,Sports,"(0.1, 0.2]",1,0.12,0.0,-0.61,0.016653,-0.626653
KXMRBEASTMENTION-26APR19-SUBS,Mentions,"(0.7, 0.8]",-1,0.78,1.0,-0.5700000000000001,0.017157,-0.587157
KXMRBEASTMENTION-26APR19-FEAS,Mentions,"(0.3, 0.4]",-1,0.37,0.0,0.08999999999999997,0.0057329999999999985,0.08426699999999997
KXMRBEASTMENTION-26APR19-SPON,Mentions,"(0.7, 0.8]",-1,0.78,0.0,0.44500000000000006,0.017288250000000005,0.42771175000000006
KXBOXING-26MAY02RYANHOPEWE-HOPEWE,Sports,"(0.1, 0.2]",1,0.17,0.0,-0.58,0.017052000000000005,-0.5970519999999999
KXMLBHR-26MAY021610PHIMIA-PHIBHARPER3-1,Sports,"(0.1, 0.2]",1,0.17,0.0,-0.25,0.013125000000000001,-0.263125
KXMLBGAME-26MAY021605MILWSH-MIL,Sports,"(0.5, 0.6]",-1,0.59,1.0,-0.69,0.014973000000000004,-0.704973
KXMLBTOTAL-26MAY021605CLEATH-14,Sports,"(0.2, 0.3]",-1,0.26,1.0,-1.135,0.0006930000000000006,-1.135693
KXMLBHIT-26MAY021610HOUBOS-BOSTSTORY10-2,Sports,"(0.1, 0.2]",1,0.19,0.0,-0.225,0.012206250000000004,-0.23720625
KXMLBHRR-26MAY021605CLEATH-ATHNKURTZ16-3,Sports,"(0.2, 0.3]",-1,0.29,1.0,-1.205,0.0006930000000000006,-1.2056930000000001
KXMLBHIT-26MAY021605CLEATH-CLERHOSKINS8-1,Sports,"(0.5, 0.6]",-1,0.57,0.0,0.52,0.017472,0.502528
KXBERNIEMENTION-26MAY02-AI,Mentions,"(0.8, 0.9]",-1,0.89,1.0,-0.56,0.017248,-0.5772480000000001
KXBERNIEMENTION-26MAY02-OPEN,Mentions,"(0.3, 0.4]",-1,0.3244,0.0,-0.12559999999999993,0.0006930000000000006,-0.12629299999999993
KXBERNIEMENTION-26MAY02-AMAZ,Mentions,"(0.8, 0.9]",-1,0.89,1.0,-0.56,0.017248,-0.5772480000000001
KXBERNIEMENTION-26MAY02-DATA,Mentions,"(0.4, 0.5]",-1,0.41,0.0,-0.040000000000000036,0.0006930000000000006,-0.040693000000000035
KXBERNIEMENTION-26MAY02-ISRA,Mentions,"(-0.001, 0.1]",1,0.09,1.0,0.45999999999999996,0.017388,0.44261199999999995
KXMLBHIT-26MAY021810SFTB-SFRDEVERS16-2,Sports,"(0.2, 0.3]",-1,0.21,0.0,-0.28500000000000014,0.0006930000000000006,-0.28569300000000014
KXMLBHR-26MAY021915TEXDET-DETRGREENE31-1,Sports,"(0.1, 0.2]",1,0.17,0.0,-0.45999999999999996,0.017388,-0.477388
KXMLBTOTAL-26MAY021915LADSTL-13,Sports,"(0.2, 0.3]",-1,0.22,0.0,0.18499999999999994,0.01055425,0.17444574999999996
KXNBASPREAD-26MAY02PHIBOS-BOS2,Sports,"(0.7, 0.8]",-1,0.7311,0.0,0.34109999999999996,0.0157325553,0.32536744469999995
KXMLBHIT-26MAY021915TEXDET-TEXECARTER32-1,Sports,"(0.5, 0.6]",-1,0.6,0.0,0.575,0.017106250000000003,0.55789375
KXMLBHIT-26MAY021915TEXDET-DETSTORKELSON20-2,Sports,"(0.1, 0.2]",1,0.19,0.0,-0.41000000000000003,0.016933,-0.426933
KXMLBTOTAL-26MAY022010ATLCOL-15,Sports,"(0.2, 0.3]",-1,0.22,0.0,-0.17500000000000004,0.0006930000000000006,-0.17569300000000004
KXLIGAMXTOTAL-26MAY02TIGCDG-4,Sports,"(0.1, 0.2]",1,0.13,0.0,-0.62,0.016492,-0.636492
KXMLBHR-26MAY022010ATLCOL-ATLMYASTRZEMSKI18-1,Sports,"(0.1, 0.2]",1,0.11,0.0,-0.605,0.016728250000000004,-0.62172825
KXTEAMSINNBAF-26-OKCBOS,Sports,"(0.9, 1.0]",-1,0.97,0.0,0.475,0.017456250000000003,0.45754374999999997
KXAAAGASD-26MAY03-4.435,Economics,"(0.9, 1.0]",-1,0.94,1.0,-0.08500000000000008,0.005444250000000005,-0.09044425000000009
KXAAAGASD-26MAY03-4.490,Economics,"(-0.001, 0.1]",1,0.03,0.0,-0.05499999999999999,0.00363825,-0.058638249999999996
KXAAAGASD-26MAY03-4.430,Economics,"(0.9, 1.0]",-1,0.94,1.0,-0.08500000000000008,0.005444250000000005,-0.09044425000000009
KXAAAGASD-26MAY03-4.485,Economics,"(-0.001, 0.1]",1,0.01,0.0,-0.034999999999999996,0.00236425,-0.037364249999999995
KXAAAGASD-26MAY03-4.470,Economics,"(-0.001, 0.1]",1,0.1,0.0,-0.125,0.007656250000000001,-0.13265625
KXAAAGASD-26MAY03-4.445,Economics,"(0.8, 0.9]",-1,0.8175,1.0,-0.23249999999999998,0.012491062500000002,-0.2449910625
KXAAAGASD-26MAY03-4.440,Economics,"(0.9, 1.0]",-1,0.92,1.0,-0.11499999999999994,0.007124249999999997,-0.12212424999999993
KXAAAGASD-26MAY03-4.500,Economics,"(-0.001, 0.1]",1,0.1,0.0,-0.12000000000000001,0.007392000000000001,-0.127392
KXAAAGASD-26MAY03-4.465,Economics,"(-0.001, 0.1]",1,0.06,0.0,-0.08499999999999999,0.00544425,-0.09044424999999999
KXAAAGASD-26MAY03-4.505,Economics,"(-0.001, 0.1]",1,0.04,0.0,-0.06,0.003948,-0.063948
KXBERNIEMENTION-26MAY02-CORR,Mentions,"(0.8, 0.9]",-1,0.84,0.0,0.3899999999999999,0.016652999999999998,0.37334699999999993
KXNBAMENTION-26MAY02PHIBOS-ANKL,Mentions,"(0.6, 0.7]",-1,0.65,0.0,0.19999999999999996,0.0112,0.18879999999999997
KXNBAMENTION-26MAY02PHIBOS-JORD,Mentions,"(0.8, 0.9]",-1,0.899,1.0,-0.5509999999999999,0.017317930000000002,-0.56831793
KXNBAMENTION-26MAY02PHIBOS-ELBO,Mentions,"(0.6, 0.7]",-1,0.7,1.0,-0.51,0.017493,-0.527493
KXNBAMENTION-26MAY02PHIBOS-TRIP,Mentions,"(0.5, 0.6]",-1,0.51,1.0,-0.94,0.003948000000000004,-0.9439479999999999
KXMLBMENTION-26MAY02CINPIT-BULL,Mentions,"(0.9, 1.0]",-1,0.91,1.0,-0.5549999999999999,0.017288250000000005,-0.5722882499999999
KXATPCHALLENGERMATCH-26MAY03DELAVE-AVE,Sports,"(0.5, 0.6]",-1,0.55,1.0,-0.855,0.008678250000000002,-0.86367825
KXMLBMENTION-26MAY02LADSTL-PITC,Mentions,"(0.4, 0.5]",-1,0.4469,0.0,-0.0030999999999998806,0.0006930000000000006,-0.003792999999999881
KXMLBMENTION-26MAY02LADSTL-BULL,Mentions,"(0.9, 1.0]",-1,0.91,1.0,-0.5599999999999999,0.017248000000000003,-0.577248
KXMLBMENTION-26MAY02TEXDET-DOUB,Mentions,"(0.9, 1.0]",-1,0.904,1.0,-0.546,0.01735188,-0.56335188
KXMLBMENTION-26MAY02TEXDET-BULL,Mentions,"(0.9, 1.0]",-1,0.91,1.0,-0.5599999999999999,0.017248000000000003,-0.577248
KXMLBMENTION-26MAY02TEXDET-NQE,Mentions,"(-0.001, 0.1]",1,0.0105,0.0,-0.4605,0.017390782500000004,-0.4778907825
KXITFMATCH-26MAY03SHOIAN-IAN,Sports,"(0.5, 0.6]",-1,0.5448,0.0,0.06479999999999997,0.004242067199999999,0.06055793279999997
KXAFLGAME-26MAY030115MELSYD-MEL,Sports,"(0.1, 0.2]",1,0.16,0.0,-0.255,0.013298250000000001,-0.26829825
KXITFMATCH-26MAY03ECHPOU-ECH,Sports,"(0.5, 0.6]",-1,0.53,0.0,0.050000000000000044,0.0033250000000000033,0.04667500000000004
KXTRUMPACT-26APR26-T2,Politics,"(0.8, 0.9]",-1,0.86,1.0,-0.175,0.01010625,-0.18510625
KXTRUMPACT-26APR26-T1,Politics,"(0.9, 1.0]",-1,0.95,1.0,-0.08500000000000002,0.005444250000000002,-0.09044425000000002
KXDPWORLDTOUR-TUAO26-BWIE,Sports,"(0.9, 1.0]",-1,0.98,0.0,0.815,0.010554250000000001,0.80444575
KXTRUMPSAY-26MAY04-MELA,Mentions,"(0.8, 0.9]",-1,0.8208,1.0,-0.22420000000000007,0.012175405200000005,-0.23637540520000008
KXTRUMPSAY-26MAY04-TDS,Mentions,"(0.8, 0.9]",-1,0.8019,1.0,-0.2831,0.014206807300000002,-0.29730680730000003
KXTRUMPSAY-26MAY04-THUG,Mentions,"(0.4, 0.5]",-1,0.5,1.0,-0.575,0.017106250000000003,-0.59210625
KXTRUMPSAYMONTH-26JUN01-NEWS,Mentions,"(0.8, 0.9]",-1,0.9,1.0,-0.53,0.017437,-0.5474370000000001
KXMLBSPREAD-26MAY031245TORMIN-MIN7,Sports,"(0.1, 0.2]",1,0.17,0.0,-0.595,0.01686825,-0.61186825
KXMLBHIT-26MAY031245TORMIN-MINBLEE22-2,Sports,"(0.1, 0.2]",1,0.19,0.0,-0.355,0.01602825,-0.37102825
KXMLBF5-26MAY031420AZCHC-CHC,Sports,"(0.5, 0.6]",-1,0.56,1.0,-0.475,0.017456250000000003,-0.49245625
KXBTC-26MAY0316-B78550,Crypto,"(0.2, 0.3]",-1,0.29,0.0,-0.18500000000000005,0.0006930000000000006,-0.18569300000000005
KXSNLMENTION-26MAY03-EPST,Mentions,"(0.8, 0.9]",-1,0.9,1.0,-0.55,0.017325,-0.5673250000000001
KXSNLMENTION-26MAY03-AI,Mentions,"(-0.001, 0.1]",1,0.1,1.0,0.44999999999999996,0.017325,0.432675
KXSNLMENTION-26MAY03-OIL,Mentions,"(-0.001, 0.1]",1,0.0957,0.0,-0.5457,0.017353805700000002,-0.5630538057
KXSNLMENTION-26MAY03-KIMM,Mentions,"(0.5, 0.6]",-1,0.5352,0.0,0.08519999999999994,0.005455867199999997,0.07974413279999995
KXSNLMENTION-26MAY03-VRAB,Mentions,"(0.3, 0.4]",-1,0.38,0.0,-0.07000000000000006,0.0006930000000000006,-0.07069300000000006
KXSNLMENTION-26MAY03-ICE,Mentions,"(0.8, 0.9]",-1,0.9,0.0,0.44999999999999996,0.017325,0.432675
KXSNLMENTION-26MAY02-DISN,Mentions,"(0.3, 0.4]",-1,0.3595,1.0,-1.0805,0.0006930000000000006,-1.081193
KXSNLMENTION-26MAY02-DOUB,Mentions,"(0.2, 0.3]",-1,0.25,0.0,-0.18999999999999995,0.0006930000000000006,-0.19069299999999995
KXSNLMENTION-26MAY02-DROP,Mentions,"(0.6, 0.7]",-1,0.64,0.0,0.19999999999999996,0.0112,0.18879999999999997
KXSNLMENTION-26MAY02-LOUI,Mentions,"(-0.001, 0.1]",1,0.04,0.0,-0.48,0.017472,-0.49747199999999997
KXSNLMENTION-26MAY02-BROO,Mentions,"(0.2, 0.3]",-1,0.22,0.0,-0.21999999999999997,0.0006930000000000006,-0.22069299999999997
KXSNLMENTION-26MAY02-NQE,Mentions,"(-0.001, 0.1]",1,0.01,0.0,-0.45,0.017325000000000007,-0.467325
KXFOXNEWSMENTION-26MAY03-TRUM,Mentions,"(0.7, 0.8]",-1,0.8,1.0,-0.645,0.01602825,-0.66102825
KXFOXNEWSMENTION-26MAY03-BORD,Mentions,"(0.7, 0.8]",-1,0.79,1.0,-0.655,0.015818250000000002,-0.6708182500000001
KXFOXNEWSMENTION-26MAY03-NATI,Mentions,"(0.4, 0.5]",-1,0.44,0.0,-0.010000000000000009,0.0006930000000000006,-0.01069300000000001
KXMLBHIT-26MAY031340SFTB-SFEHAASE18-1,Sports,"(0.5, 0.6]",-1,0.51,1.0,-0.77,0.012397,-0.782397
KXNCAABBGAME-26MAY031300JAGMSB-MSB,Sports,"(0.5, 0.6]",-1,0.58,0.0,0.09999999999999998,0.0063,0.09369999999999998
KXMLBTOTAL-26MAY031415LADSTL-4,Sports,"(0.9, 1.0]",-1,0.96,1.0,-0.53,0.017437,-0.5474370000000001
KXMLBTOTAL-26MAY031335BALNYY-16,Sports,"(0.2, 0.3]",-1,0.2032,0.0,-0.2467999999999999,0.0006930000000000006,-0.2474929999999999
KXTRUMPSAY-26MAY04-BARA,Mentions,"(0.8, 0.9]",-1,0.849,1.0,-0.20600000000000002,0.011449480000000003,-0.21744948000000003
KXMLBTOTAL-26MAY031335HOUBOS-13,Sports,"(0.2, 0.3]",-1,0.22,0.0,-0.27,0.0006930000000000006,-0.270693
KXMLBTOTAL-26MAY031420AZCHC-14,Sports,"(0.2, 0.3]",-1,0.3,0.0,0.10000000000000009,0.006300000000000005,0.09370000000000009
KXTRUMPSAY-26MAY04-AUTO,Mentions,"(0.7, 0.8]",-1,0.796,1.0,-0.299,0.014671930000000001,-0.31367193
KXPGATOP20-CAC26-CBLA,Sports,"(0.1, 0.2]",1,0.17,0.0,-0.23,0.012397000000000004,-0.242397
KXPGATOP20-CAC26-JDAY,Sports,"(0.2, 0.3]",-1,0.3,0.0,0.2300000000000001,0.012397000000000004,0.2176030000000001
KXPGATOP20-CAC26-WKIM,Sports,"(0.5, 0.6]",-1,0.52,1.0,-0.56,0.017248,-0.5772480000000001
KXPGATOP10-CAC26-STHE,Sports,"(0.1, 0.2]",1,0.17,0.0,-0.25,0.013125000000000001,-0.263125
KXPGATOP10-CAC26-SSTR,Sports,"(0.1, 0.2]",1,0.2,1.0,0.32499999999999996,0.01535625,0.30964374999999994
KXMLBTOTAL-26MAY031510ATLCOL-14,Sports,"(0.2, 0.3]",-1,0.26,1.0,-0.7999999999999999,0.011200000000000003,-0.8111999999999999
KXMLBKS-26MAY031610KCSEA-SEALCASTILLO58-5,Sports,"(0.5, 0.6]",-1,0.5203,1.0,-0.9697,0.0020567336999999996,-0.9717567337
KXMLBHIT-26MAY031510ATLCOL-COLETOVAR14-1,Sports,"(0.5, 0.6]",-1,0.6,1.0,-0.595,0.01686825,-0.61186825
KXBERNIEMENTION-26MAY03-NQE,Mentions,"(-0.001, 0.1]",1,0.05,0.0,-0.5,0.0175,-0.5175
KXBERNIEMENTION-26MAY03-TRUM,Mentions,"(0.7, 0.8]",-1,0.7225,1.0,-0.7275,0.013877062499999999,-0.7413770625
KXBERNIEMENTION-26MAY03-IRAN,Mentions,"(0.6, 0.7]",-1,0.67,1.0,-0.78,0.012012,-0.792012
KXBERNIEMENTION-26MAY03-PAYC,Mentions,"(0.6, 0.7]",-1,0.68,1.0,-0.77,0.012397,-0.782397
KXBERNIEMENTION-26MAY03-PRED,Mentions,"(0.3, 0.4]",-1,0.31,0.0,-0.1399999999999999,0.0006930000000000006,-0.1406929999999999
KXBERNIEMENTION-26MAY03-ZILL,Mentions,"(0.6, 0.7]",-1,0.6125,1.0,-0.8325,0.0097610625,-0.8422610625
KXMLBTEAMTOTAL-26MAY031920TEXDET-DET3,Sports,"(0.8, 0.9]",-1,0.85,1.0,-0.645,0.01602825,-0.66102825
KXMLBTOTAL-26MAY031920TEXDET-6,Sports,"(0.7, 0.8]",-1,0.77,1.0,-0.285,0.014264250000000001,-0.29926424999999995
KXMLBHR-26MAY031920TEXDET-TEXBNIMMO24-1,Sports,"(0.1, 0.2]",1,0.12,0.0,-0.185,0.010554250000000001,-0.19555424999999999
KXNBATEAMTOTAL-26MAY03TORCLE-CLE104,Sports,"(0.5, 0.6]",-1,0.54,1.0,-0.955,0.003008250000000003,-0.95800825
KXAAAGASD-26MAY04-4.450,Economics,"(0.8, 0.9]",-1,0.87,1.0,-0.48,0.017472,-0.49747199999999997
KXAAAGASD-26MAY04-4.435,Economics,"(0.9, 1.0]",-1,0.9871,1.0,-0.5079,0.0174956313,-0.5253956313
KXAAAGASW-26MAY04-4.520,Economics,"(0.4, 0.5]",-1,0.5,0.0,0.09000000000000008,0.0057330000000000055,0.08426700000000008
KXAAAGASD-26MAY04-4.430,Economics,"(0.9, 1.0]",-1,0.9871,1.0,-0.5079,0.0174956313,-0.5253956313
KXAAAGASW-26MAY04-4.320,Economics,"(0.8, 0.9]",-1,0.81,1.0,-0.43999999999999995,0.017248,-0.45724799999999993
KXAAAGASW-26MAY04-4.000,Economics,"(0.8, 0.9]",-1,0.82,1.0,-0.34,0.015708000000000003,-0.355708
KXAAAGASW-26MAY04-4.020,Economics,"(0.8, 0.9]",-1,0.81,1.0,-0.19499999999999995,0.010988249999999998,-0.20598824999999996
KXAAAGASD-26MAY04-4.445,Economics,"(0.9, 1.0]",-1,0.919,1.0,-0.33099999999999996,0.01550073,-0.34650073
KXAAAGASW-26MAY04-4.640,Economics,"(0.8, 0.9]",-1,0.82,0.0,0.4099999999999999,0.016933,0.39306699999999994
KXAAAGASD-26MAY04-4.440,Economics,"(0.9, 1.0]",-1,0.99,1.0,-0.505,0.017498250000000003,-0.52249825
KXAAAGASD-26MAY04-4.460,Economics,"(0.4, 0.5]",-1,0.48,0.0,0.05499999999999994,0.0036382499999999965,0.05136174999999994
KXAAAGASW-26MAY04-4.480,Economics,"(-0.001, 0.1]",1,0.07,0.0,-0.47,0.017437,-0.48743699999999995
KXAAAGASW-26MAY04-4.420,Economics,"(0.8, 0.9]",-1,0.82,1.0,-0.63,0.016317,-0.646317
KXAAAGASW-26MAY04-4.400,Economics,"(0.4, 0.5]",-1,0.46,1.0,-0.795,0.011408249999999998,-0.80640825
KXAAAGASD-26MAY04-4.485,Economics,"(-0.001, 0.1]",1,0.01,0.0,-0.505,0.017498250000000003,-0.52249825
KXAAAGASD-26MAY04-4.480,Economics,"(-0.001, 0.1]",1,0.01,0.0,-0.505,0.017498250000000003,-0.52249825
KXAAAGASD-26MAY04-4.475,Economics,"(-0.001, 0.1]",1,0.01,0.0,-0.505,0.017498250000000003,-0.52249825
KXAAAGASW-26MAY04-4.450,Economics,"(0.8, 0.9]",-1,0.81,1.0,-0.5999999999999999,0.016800000000000002,-0.6167999999999999
KXAAAGASD-26MAY04-4.470,Economics,"(-0.001, 0.1]",1,0.04,0.0,-0.535,0.01741425,-0.55241425
KXAAAGASW-26MAY04-4.620,Economics,"(-0.001, 0.1]",1,0.0883,0.0,-0.49829999999999997,0.017499797700000003,-0.5157997977
KXAAAGASW-26MAY04-4.340,Economics,"(0.8, 0.9]",-1,0.81,1.0,-0.585,0.016994250000000002,-0.60199425
KXAAAGASW-26MAY04-4.300,Economics,"(0.8, 0.9]",-1,0.81,1.0,-0.5199999999999999,0.017472,-0.537472
KXAAAGASW-26MAY04-4.600,Economics,"(0.8, 0.9]",-1,0.82,0.0,0.4099999999999999,0.016933,0.39306699999999994
KXAAAGASW-26MAY04-4.040,Economics,"(0.8, 0.9]",-1,0.81,1.0,-0.21999999999999997,0.012012,-0.23201199999999997
KXAAAGASD-26MAY04-4.510,Economics,"(-0.001, 0.1]",1,0.01,0.0,-0.505,0.017498250000000003,-0.52249825
KXAAAGASD-26MAY04-4.490,Economics,"(-0.001, 0.1]",1,0.01,0.0,-0.505,0.017498250000000003,-0.52249825
KXAAAGASW-26MAY04-4.580,Economics,"(0.8, 0.9]",-1,0.82,0.0,0.4099999999999999,0.016933,0.39306699999999994
KXAAAGASW-26MAY04-4.060,Economics,"(0.8, 0.9]",-1,0.81,1.0,-0.21999999999999992,0.012011999999999997,-0.2320119999999999
KXAAAGASW-26MAY04-4.260,Economics,"(0.4, 0.5]",-1,0.5,1.0,-0.74,0.013468000000000003,-0.753468
KXAAAGASW-26MAY04-4.240,Economics,"(0.8, 0.9]",-1,0.81,1.0,-0.575,0.017106250000000003,-0.59210625
KXAAAGASW-26MAY04-4.220,Economics,"(0.4, 0.5]",-1,0.5,1.0,-0.895,0.00657825,-0.90157825
KXTSAW-26MAY03-A2.40,Economics,"(0.9, 1.0]",-1,0.99,1.0,-0.04999999999999999,0.0033249999999999994,-0.05332499999999999
KXAAAGASW-26MAY04-4.200,Economics,"(0.4, 0.5]",-1,0.5,1.0,-0.8500000000000001,0.008924999999999997,-0.858925
KXAAAGASW-26MAY04-4.180,Economics,"(0.4, 0.5]",-1,0.5,1.0,-0.8600000000000001,0.008427999999999996,-0.8684280000000001
KXAAAGASW-26MAY04-4.140,Economics,"(0.4, 0.5]",-1,0.5,1.0,-0.87,0.007917,-0.877917
KXAAAGASW-26MAY04-4.080,Economics,"(0.8, 0.9]",-1,0.81,1.0,-0.605,0.016728250000000004,-0.62172825
KXAAAGASW-26MAY04-4.100,Economics,"(0.9, 1.0]",-1,0.98,1.0,-0.09499999999999997,0.006018249999999999,-0.10101824999999998
KXAAAGASW-26MAY04-4.120,Economics,"(0.4, 0.5]",-1,0.4525,1.0,-0.6275,0.016362062500000003,-0.6438620625
KXNBAMENTION-26MAY03ORLDET-ANKL,Mentions,"(0.5, 0.6]",-1,0.59,0.0,0.09999999999999998,0.0063,0.09369999999999998
KXNBAMENTION-26MAY03ORLDET-BUZZ,Mentions,"(0.5, 0.6]",-1,0.56,1.0,-0.9299999999999999,0.004557000000000005,-0.934557
KXNBAMENTION-26MAY03ORLDET-MVP,Mentions,"(0.6, 0.7]",-1,0.67,1.0,-0.82,0.010332000000000003,-0.830332
KXNBAMENTION-26MAY03ORLDET-AIRB,Mentions,"(0.6, 0.7]",-1,0.6301,1.0,-0.8599,0.0084330393,-0.8683330392999999
KXNBAMENTION-26MAY03ORLDET-WING,Mentions,"(0.2, 0.3]",-1,0.3,0.0,-0.18999999999999995,0.0006930000000000006,-0.19069299999999995
KXNBAMENTION-26MAY03ORLDET-NQE,Mentions,"(-0.001, 0.1]",1,0.01,0.0,-0.5,0.0175,-0.5175
KXNBAMENTION-26MAY03TORCLE-TRAD,Mentions,"(0.9, 1.0]",-1,0.93,1.0,-0.5599999999999999,0.017248000000000003,-0.577248
KXNBAMENTION-26MAY03TORCLE-TRIP,Mentions,"(0.5, 0.6]",-1,0.56,0.0,0.07000000000000006,0.004557000000000005,0.06544300000000006
KXNBAMENTION-26MAY03TORCLE-AIRB,Mentions,"(0.6, 0.7]",-1,0.66,1.0,-0.83,0.009877000000000004,-0.839877
KXNBAMENTION-26MAY03TORCLE-CROW,Mentions,"(0.8, 0.9]",-1,0.9,1.0,-0.59,0.016933000000000004,-0.606933
KXBTCD-26MAY0403-T80199.99,Crypto,"(0.2, 0.3]",-1,0.2251,0.0,0.21509999999999996,0.011818239299999998,0.20328176069999995
KXMLBMENTION-26MAY03TORMIN-DOUB,Mentions,"(0.9, 1.0]",-1,0.91,1.0,-0.5249999999999999,0.017456250000000003,-0.5424562499999999
KXMLBMENTION-26MAY03TEXDET-BULL,Mentions,"(0.9, 1.0]",-1,0.91,1.0,-0.5549999999999999,0.017288250000000005,-0.5722882499999999
KXMLBMENTION-26MAY03TEXDET-TRIP,Mentions,"(0.6, 0.7]",-1,0.64,1.0,-0.81,0.010772999999999998,-0.8207730000000001
KXMLBMENTION-26MAY03TEXDET-COME,Mentions,"(0.9, 1.0]",-1,0.91,1.0,-0.54,0.017388,-0.557388
KXATPMATCH-26MAY04MERMCD-MER,Sports,"(0.8, 0.9]",-1,0.85,1.0,-0.59,0.016933000000000004,-0.606933
KXBTC-26MAY0408-B78950,Crypto,"(0.2, 0.3]",-1,0.25,0.0,-0.2250000000000001,0.0006930000000000006,-0.2256930000000001
KXTRUMPSAY-26MAY04-POPE,Mentions,"(-0.001, 0.1]",1,0.01,0.0,-0.21500000000000002,0.01181425,-0.22681425000000002
KXTRUMPSAY-26MAY04-WHO,Mentions,"(0.4, 0.5]",-1,0.4506,0.0,0.26059999999999994,0.0134881348,0.24711186519999995
KXTRUMPSAY-26MAY04-WARS,Mentions,"(0.7, 0.8]",-1,0.78,1.0,-0.36,0.016128,-0.37612799999999996
KXTRUMPSAY-26MAY04-URAN,Mentions,"(0.7, 0.8]",-1,0.7485,0.0,0.6135,0.016598242500000002,0.5969017575000001
KXTRUMPSAY-26MAY04-COMM,Mentions,"(0.4, 0.5]",-1,0.5,1.0,-0.525,0.017456250000000003,-0.54245625
KXTRUMPSAY-26MAY04-GOLD,Mentions,"(0.2, 0.3]",-1,0.2017,0.0,0.11170000000000002,0.006945617700000002,0.10475438230000002
KXTRUMPSAY-26MAY04-EPST,Mentions,"(0.3, 0.4]",-1,0.3743,0.0,0.18930000000000002,0.010742585700000001,0.17855741430000002
KXWTAMATCH-26MAY04OSOKAL-OSO,Sports,"(0.5, 0.6]",-1,0.53,0.0,0.05500000000000005,0.0036382500000000035,0.051361750000000046
KXAAAGASMAX-26DEC31-4.40,Economics,"(0.8, 0.9]",-1,0.81,1.0,-0.6849999999999999,0.015104250000000003,-0.70010425
KXNBAMENTION-26MAY03TORCLE-BUZZ,Mentions,"(0.6, 0.7]",-1,0.67,0.0,0.18000000000000005,0.010332000000000003,0.16966800000000004
KXNBAMENTION-26MAY03TORCLE-GOAT,Mentions,"(0.2, 0.3]",-1,0.28,0.0,-0.20999999999999996,0.0006930000000000006,-0.21069299999999996
KXNBAMENTION-26MAY03ORLDET-ROOK,Mentions,"(0.6, 0.7]",-1,0.6579,0.0,0.16790000000000005,0.009779671300000002,0.15812032870000003
KXMAMDANIMENTION-26APR30-TRUM,Mentions,"(0.7, 0.8]",-1,0.77,1.0,-0.605,0.016728250000000004,-0.62172825
KXMAMDANIMENTION-26APR30-CHIL,Mentions,"(0.2, 0.3]",-1,0.25,0.0,-0.125,0.0006930000000000006,-0.125693
KXMAMDANIMENTION-26APR30-SAFE,Mentions,"(0.7, 0.8]",-1,0.77,1.0,-0.605,0.016728250000000004,-0.62172825
KXMAMDANIMENTION-26APR30-NYPD,Mentions,"(0.7, 0.8]",-1,0.77,1.0,-0.605,0.016728250000000004,-0.62172825
KXMAMDANIMENTION-26APR30-AFFO,Mentions,"(0.7, 0.8]",-1,0.77,1.0,-0.605,0.016728250000000004,-0.62172825
KXMAMDANIMENTION-26APR30-WORL,Mentions,"(0.7, 0.8]",-1,0.78,0.0,0.405,0.01686825,0.38813175
KXMAMDANIMENTION-26APR30-BUS,Mentions,"(0.7, 0.8]",-1,0.77,0.0,0.395,0.016728250000000004,0.37827175
KXMAMDANIMENTION-26APR30-ISRA,Mentions,"(0.8, 0.9]",-1,0.84,0.0,0.3899999999999999,0.016652999999999998,0.37334699999999993
KXINXU-26MAY04H1200-T7209.9999,Financials,"(0.9, 1.0]",-1,0.95,0.0,0.925,0.004856250000000001,0.92014375
KXINXU-26MAY04H1300-T7144.9999,Financials,"(0.9, 1.0]",-1,0.9648,1.0,-0.04520000000000002,0.0030209872000000015,-0.048220987200000016
KXWTAMATCH-26MAY04ZARURG-URG,Sports,"(0.1, 0.2]",1,0.17,1.0,0.355,0.01602825,0.33897174999999996
KXINXU-26MAY04H1400-T6269.9999,Financials,"(0.9, 1.0]",-1,0.99,1.0,-0.025000000000000022,0.0017062500000000016,-0.026706250000000025
KXINXU-26MAY04H1600-T7049.9999,Financials,"(0.9, 1.0]",-1,0.98,1.0,-0.040000000000000036,0.0026880000000000025,-0.04268800000000004
KXINXU-26MAY04H1600-T6899.9999,Financials,"(0.9, 1.0]",-1,0.9802,1.0,-0.03480000000000005,0.002351227200000004,-0.03715122720000006
KXTRUMPMENTIONB-26MAY04-NQE,Mentions,"(-0.001, 0.1]",1,0.01,0.0,-0.015,0.0010342500000000002,-0.01603425
KXTRUMPMENTIONB-26MAY04-OIL,Mentions,"(0.7, 0.8]",-1,0.74,1.0,-0.6699999999999999,0.015477000000000003,-0.6854769999999999
KXTRUMPMENTIONB-26MAY04-ISRA,Mentions,"(0.6, 0.7]",-1,0.67,0.0,0.26,0.013468000000000003,0.246532
KXTRUMPMENTIONB-26MAY04-IRAN,Mentions,"(0.8, 0.9]",-1,0.8159,1.0,-0.5941000000000001,0.0168801633,-0.6109801633
KXTRUMPMENTIONB-26MAY04-TRAN,Mentions,"(0.6, 0.7]",-1,0.64,0.0,0.22999999999999998,0.012397,0.217603
KXTRUMPMENTIONB-26MAY04-INVE,Mentions,"(0.8, 0.9]",-1,0.8118,1.0,-0.5982000000000001,0.0168249732,-0.6150249732
KXTRUMPMENTIONB-26MAY04-BALL,Mentions,"(0.7, 0.8]",-1,0.7092,1.0,-0.7007999999999999,0.014677555200000005,-0.7154775551999999
KXTRUMPMENTIONB-26MAY04-AI,Mentions,"(0.6, 0.7]",-1,0.6632,1.0,-0.7467999999999999,0.013236283200000004,-0.7600362831999999
KXTRUMPMENTIONB-26MAY04-DEMO,Mentions,"(0.8, 0.9]",-1,0.81,1.0,-0.5999999999999999,0.016800000000000002,-0.6167999999999999
KXTRUMPMENTIONB-26MAY04-AMER,Mentions,"(0.6, 0.7]",-1,0.65,0.0,0.24,0.012768,0.227232
KXTRUMPMENTIONB-26MAY04-FRAU,Mentions,"(0.5, 0.6]",-1,0.5054,0.0,0.09539999999999993,0.006040918799999997,0.08935908119999993
KXEARNINGSMENTIONPLTR-26MAY04-PART,Mentions,"(0.8, 0.9]",-1,0.84,1.0,-0.25,0.013125000000000001,-0.263125
KXEARNINGSMENTIONPLTR-26MAY04-HEAL,Mentions,"(0.6, 0.7]",-1,0.65,0.0,0.5650000000000001,0.01720425,0.54779575
KXEARNINGSMENTIONPLTR-26MAY04-NVID,Mentions,"(0.4, 0.5]",-1,0.47,0.0,0.385,0.016574250000000002,0.36842575
KXMLBF5-26MAY041740NYMCOL-NYM,Sports,"(0.5, 0.6]",-1,0.51,0.0,0.03500000000000003,0.002364250000000002,0.032635750000000026
KXPSKY-26JULPARSUBS-74000000.0,Financials,"(0.9, 1.0]",-1,0.92,1.0,-0.57,0.017157000000000002,-0.5871569999999999
KXJPYINT-26-SEP30,Economics,"(0.4, 0.5]",-1,0.45,1.0,-0.6000000000000001,0.0168,-0.6168000000000001
KXTRUEV-26MAY04-T1163.90,Economics,"(0.8, 0.9]",-1,0.8318,1.0,-0.6582,0.0157480932,-0.6739480932
KXTRUEV-26MAY04-T1203.90,Economics,"(0.4, 0.5]",-1,0.5,1.0,-0.99,0.0006930000000000006,-0.990693
KXCANDACEMENTION-26MAY01-LOOM,Mentions,"(0.8, 0.9]",-1,0.82,1.0,-0.6300000000000001,0.016317,-0.6463170000000001
KXCANDACEMENTION-26MAY01-ZION,Mentions,"(0.6, 0.7]",-1,0.65,1.0,-0.8,0.0112,-0.8112
KXCANDACEMENTION-26MAY01-IRAN,Mentions,"(0.7, 0.8]",-1,0.76,0.0,0.31000000000000005,0.014973000000000004,0.29502700000000004
KXCANDACEMENTION-26MAY01-NEGO,Mentions,"(0.2, 0.3]",-1,0.27,0.0,-0.17999999999999994,0.0006930000000000006,-0.18069299999999994
KXEARNINGSMENTIONON-26MAY04-EV,Mentions,"(0.8, 0.9]",-1,0.9,1.0,-0.14499999999999996,0.008678249999999998,-0.15367824999999996
KXEARNINGSMENTIONON-26MAY04-TARI,Mentions,"(0.4, 0.5]",-1,0.46,0.0,0.4099999999999999,0.016933,0.39306699999999994
KXEARNINGSMENTIONON-26MAY04-NIO,Mentions,"(0.2, 0.3]",-1,0.2823,1.0,-0.7577,0.0128513497,-0.7705513497
KXSOL15M-26MAY042030-30,Crypto,"(0.2, 0.3]",-1,0.2961,0.0,0.2711,0.013832335300000002,0.2572676647
KXMLBHIT-26MAY041740NYMCOL-NYMJSOTO22-1,Sports,"(0.7, 0.8]",-1,0.7454,0.0,0.25039999999999996,0.0131389888,0.23726101119999995
KXMETGALA-RIH,Politics,"(0.8, 0.9]",-1,0.89,1.0,-0.14,0.008428000000000001,-0.148428
KXMLBF5-26MAY042010LADHOU-TIE,Sports,"(0.1, 0.2]",1,0.2,0.0,-0.6799999999999999,0.015232000000000004,-0.695232
KXMETGALA-ASA,Politics,"(0.9, 1.0]",-1,0.99,1.0,-0.040000000000000036,0.0026880000000000025,-0.04268800000000004
KXMETGALA-KEN,Politics,"(0.9, 1.0]",-1,0.96,1.0,-0.07,0.004557,-0.07455700000000001
KXMETGALA-HAI,Politics,"(0.8, 0.9]",-1,0.81,1.0,-0.21999999999999992,0.012011999999999997,-0.2320119999999999
KXMETGALA-BAD,Politics,"(0.9, 1.0]",-1,0.96,1.0,-0.07,0.004557,-0.07455700000000001
KXMETGALA-SAB,Politics,"(0.9, 1.0]",-1,0.91,1.0,-0.12,0.007392000000000001,-0.127392
KXMETGALA-EMM,Politics,"(0.9, 1.0]",-1,0.92,1.0,-0.10999999999999993,0.006852999999999997,-0.11685299999999993
KXMETGALA-26-SAM,Politics,"(0.8, 0.9]",-1,0.83,1.0,-0.665,0.01559425,-0.6805942500000001
KXMETGALA-26-TEY,Politics,"(0.9, 1.0]",-1,0.99,1.0,-0.505,0.017498250000000003,-0.52249825
KXMETGALA-26-ANNE,Politics,"(0.8, 0.9]",-1,0.88,1.0,-0.19999999999999996,0.0112,-0.21119999999999994
KXMETGALA-26-CHA,Politics,"(0.9, 1.0]",-1,0.97,1.0,-0.135,0.008174250000000001,-0.14317425
KXMETGALA-DOJ,Politics,"(0.8, 0.9]",-1,0.88,1.0,-0.15000000000000002,0.008925000000000002,-0.15892500000000004
KXMLBHIT-26MAY041940CLEKC-CLEBNAYLOR23-2,Sports,"(0.1, 0.2]",1,0.16,0.0,-0.655,0.015818250000000002,-0.6708182500000001
KXNBATOTAL-26MAY04PHINYK-254,Sports,"(0.1, 0.2]",1,0.1372,0.0,-0.5022,0.017499661200000002,-0.5196996612
KXBTC-26MAY0423-B80450,Crypto,"(0.2, 0.3]",-1,0.2367,0.0,0.0867,0.0055428177,0.0811571823
KXMLBHR-26MAY041945MILSTL-STLNGORMAN16-1,Sports,"(0.1, 0.2]",1,0.15,0.0,-0.235,0.01258425,-0.24758424999999998
KXNHLGOAL-26MAY04PHICAR-PHITZEGRAS46-1,Sports,"(0.1, 0.2]",1,0.2,0.0,-0.305,0.014838250000000002,-0.31983825
KXAAAGASD-26MAY05-4.435,Economics,"(0.9, 1.0]",-1,0.9871,1.0,-0.5079,0.0174956313,-0.5253956313
KXAAAGASD-26MAY05-4.445,Economics,"(0.9, 1.0]",-1,0.98,1.0,-0.515,0.017484250000000003,-0.53248425
KXAAAGASD-26MAY05-4.450,Economics,"(0.9, 1.0]",-1,0.99,1.0,-0.505,0.017498250000000003,-0.52249825
KXAAAGASD-26MAY05-4.470,Economics,"(-0.001, 0.1]",1,0.06,1.0,0.44500000000000006,0.017288250000000005,0.42771175000000006
KXAAAGASD-26MAY05-4.455,Economics,"(0.9, 1.0]",-1,0.97,1.0,-0.48000000000000004,0.017472,-0.497472
KXAAAGASD-26MAY05-4.510,Economics,"(-0.001, 0.1]",1,0.01,0.0,-0.505,0.017498250000000003,-0.52249825
KXAAAGASD-26MAY05-4.515,Economics,"(-0.001, 0.1]",1,0.01,0.0,-0.505,0.017498250000000003,-0.52249825
KXAAAGASD-26MAY05-4.520,Economics,"(-0.001, 0.1]",1,0.01,0.0,-0.505,0.017498250000000003,-0.52249825
KXAAAGASD-26MAY05-4.530,Economics,"(-0.001, 0.1]",1,0.01,0.0,-0.505,0.017498250000000003,-0.52249825
KXMLBSPREAD-26MAY042145SDSF-SF3,Sports,"(0.2, 0.3]",-1,0.21,0.0,0.17999999999999994,0.010331999999999997,0.16966799999999993
KXMLBSPREAD-26MAY042138CWSLAA-CWS8,Sports,"(0.2, 0.3]",-1,0.2029,0.0,0.14789999999999992,0.008821791299999998,0.13907820869999993
KXMLBHRR-26MAY042138CWSLAA-LAANSCHANUEL18-2,Sports,"(0.5, 0.6]",-1,0.54,1.0,-0.95,0.0033250000000000033,-0.953325
KXMLBHR-26MAY042145SDSF-SDFTATIS23-1,Sports,"(0.2, 0.3]",-1,0.28,0.0,-0.08999999999999986,0.0006930000000000006,-0.09069299999999986
KXMLBTB-26MAY042140ATLSEA-ATLOALBIES1-4,Sports,"(0.1, 0.2]",1,0.18,1.0,0.63,0.016317,0.613683
KXNHLGOAL-26MAY04ANAVGK-ANAJLACOMBE2-1,Sports,"(0.1, 0.2]",1,0.12,0.0,-0.615,0.016574250000000002,-0.63157425
KXNBAMENTION-26MAY04MINSAS-INJU,Mentions,"(0.9, 1.0]",-1,0.99,1.0,-0.5,0.0175,-0.5175
KXNBAMENTION-26MAY04MINSAS-LARR,Mentions,"(0.4, 0.5]",-1,0.4406,0.0,-0.04939999999999989,0.0006930000000000006,-0.05009299999999989
KXNBAMENTION-26MAY04MINSAS-NQE,Mentions,"(-0.001, 0.1]",1,0.01,0.0,-0.015,0.0010342500000000002,-0.01603425
KXNBAMENTION-26MAY04PHINYK-INJU,Mentions,"(0.8, 0.9]",-1,0.9,1.0,-0.59,0.016933000000000004,-0.606933
KXNBAMENTION-26MAY04PHINYK-JORD,Mentions,"(0.8, 0.9]",-1,0.81,1.0,-0.6799999999999999,0.015232000000000004,-0.695232
KXNBAMENTION-26MAY04PHINYK-TECH,Mentions,"(0.8, 0.9]",-1,0.85,0.0,0.36,0.016128000000000003,0.34387199999999996
KXNBAMENTION-26MAY04PHINYK-TRAV,Mentions,"(0.6, 0.7]",-1,0.63,1.0,-0.86,0.008428000000000001,-0.868428
KXNBAMENTION-26MAY04PHINYK-NQE,Mentions,"(-0.001, 0.1]",1,0.01,0.0,-0.5,0.0175,-0.5175
KXMLBMENTION-26MAY04MILSTL-DOUB,Mentions,"(0.9, 1.0]",-1,0.91,1.0,-0.54,0.017388,-0.557388
KXMLBMENTION-26MAY04MILSTL-ERRO,Mentions,"(0.8, 0.9]",-1,0.9,1.0,-0.55,0.017325,-0.5673250000000001
KXMLBMENTION-26MAY04MILSTL-PITC,Mentions,"(0.3, 0.4]",-1,0.35,0.0,-0.10000000000000009,0.0006930000000000006,-0.10069300000000009
KXMLBMENTION-26MAY04MILSTL-BULL,Mentions,"(0.9, 1.0]",-1,0.93,1.0,-0.17499999999999993,0.010106249999999999,-0.18510624999999994
KXHORMUZWEEKLY-26MAY03-T30,Politics,"(0.9, 1.0]",-1,0.9069,1.0,-0.11809999999999993,0.007290667299999997,-0.12539066729999992
KXCHNSLGAME-26MAY05LITCHR-LIT,Sports,"(0.1, 0.2]",1,0.1996,0.0,-0.5746,0.0171104388,-0.5917104388
KXNHSALES-26APR23-T600,Economics,"(0.8, 0.9]",-1,0.87,1.0,-0.62,0.016492,-0.636492
KXNHSALES-26APR23-T680,Economics,"(0.4, 0.5]",-1,0.5,1.0,-0.99,0.0006930000000000006,-0.990693
KXNHSALES-26APR23-T700,Economics,"(0.4, 0.5]",-1,0.44,0.0,-0.050000000000000044,0.0006930000000000006,-0.050693000000000044
KXNHSALES-26APR23-T620,Economics,"(0.8, 0.9]",-1,0.81,1.0,-0.6799999999999999,0.015232000000000004,-0.695232
KXUSISMSERV-26MAY05-T54.0,Economics,"(0.4, 0.5]",-1,0.4153,0.0,-0.07469999999999999,0.0006930000000000006,-0.07539299999999999
KXINXU-26MAY05H1000-T7199.9999,Financials,"(0.9, 1.0]",-1,0.97,1.0,-0.04500000000000004,0.0030082500000000027,-0.048008250000000044
KXWTAMATCH-26MAY05BASSNI-SNI,Sports,"(0.8, 0.9]",-1,0.82,0.0,0.3949999999999999,0.01672825,0.3782717499999999
KXHEGSETHMENTION-26MAY05-ISRA,Mentions,"(0.8, 0.9]",-1,0.8724,1.0,-0.5776000000000001,0.0170784768,-0.5946784768000001
KXHEGSETHMENTION-26MAY05-HORM,Mentions,"(0.8, 0.9]",-1,0.9,1.0,-0.55,0.017325,-0.5673250000000001
KXHEGSETHMENTION-26MAY05-CEAS,Mentions,"(0.5, 0.6]",-1,0.6,1.0,-0.885,0.00712425,-0.8921242500000001
KXHEGSETHMENTION-26MAY05-PAKI,Mentions,"(0.4, 0.5]",-1,0.42,0.0,-0.030000000000000027,0.0006930000000000006,-0.030693000000000026
KXHEGSETHMENTION-26MAY05-MADU,Mentions,"(0.5, 0.6]",-1,0.51,0.0,0.06000000000000005,0.003948000000000004,0.056052000000000046
KXHEGSETHMENTION-26MAY05-LETH,Mentions,"(0.6, 0.7]",-1,0.67,0.0,0.21999999999999997,0.012012,0.20798799999999998
KXBTCD-26MAY0512-T81599.99,Crypto,"(0.2, 0.3]",-1,0.2365,0.0,0.22149999999999992,0.012070642499999997,0.2094293574999999
KXHOCHULMENTION-26APR29B-HEAL,Mentions,"(0.4, 0.5]",-1,0.41,1.0,-0.7750000000000001,0.012206249999999997,-0.7872062500000001
KXHOCHULMENTION-26APR29B-TRUM,Mentions,"(0.8, 0.9]",-1,0.8567,1.0,-0.31329999999999997,0.015060017700000001,-0.32836001769999995
KXHOCHULMENTION-26APR29B-AFFO,Mentions,"(0.8, 0.9]",-1,0.88,1.0,-0.315,0.015104250000000003,-0.33010425
KXHOCHULMENTION-26APR29B-ECON,Mentions,"(0.6, 0.7]",-1,0.67,1.0,-0.53,0.017437,-0.5474370000000001
KXHOCHULMENTION-26APR29B-OIL,Mentions,"(0.5, 0.6]",-1,0.55,1.0,-0.645,0.01602825,-0.66102825
KXEARNINGSMENTIONSHOP-26MAY05-REPU,Mentions,"(0.5, 0.6]",-1,0.5517,1.0,-0.5583,0.0172620777,-0.5755620777
KXEARNINGSMENTIONSHOP-26MAY05-AMAZ,Mentions,"(0.4, 0.5]",-1,0.43,1.0,-0.68,0.015232,-0.6952320000000001
KXMETGALA-ZEN,Politics,"(0.9, 1.0]",-1,0.93,0.0,0.9,0.006299999999999999,0.8937
KXMETGALA-TIM,Politics,"(0.9, 1.0]",-1,0.92,0.0,0.8900000000000001,0.006852999999999997,0.8831470000000001
KXHYPE15M-26MAY051230-30,Crypto,"(0.2, 0.3]",-1,0.28,0.0,0.22999999999999998,0.012397,0.217603
KXMETGALA-BIL,Politics,"(0.9, 1.0]",-1,0.91,0.0,0.88,0.007392000000000001,0.872608
KXMETGALA-CHA,Politics,"(0.8, 0.9]",-1,0.85,0.0,0.8200000000000001,0.010332000000000001,0.809668
KXMETGALA-26-MER,Politics,"(0.8, 0.9]",-1,0.88,0.0,0.385,0.016574250000000002,0.36842575
KXMETGALA-26-LEW,Politics,"(0.8, 0.9]",-1,0.8939,0.0,0.40390000000000004,0.0168535353,0.38704646470000004
KXEARNINGSMENTIONRACE-26MAY05-BACK,Mentions,"(0.3, 0.4]",-1,0.4,0.0,0.30500000000000005,0.014838250000000002,0.29016175000000005
KXEARNINGSMENTIONRACE-26MAY05-UNIT,Mentions,"(0.8, 0.9]",-1,0.87,1.0,-0.22999999999999998,0.012397,-0.24239699999999997
KXEARNINGSMENTIONRACE-26MAY05-BATT,Mentions,"(0.8, 0.9]",-1,0.85,1.0,-0.25,0.013125000000000001,-0.263125
KXEARNINGSMENTIONRACE-26MAY05-CURR,Mentions,"(0.8, 0.9]",-1,0.9,1.0,-0.14999999999999997,0.008925,-0.15892499999999996
KXEARNINGSMENTIONRACE-26MAY05-TARI,Mentions,"(0.6, 0.7]",-1,0.66,1.0,-0.43499999999999994,0.01720425,-0.4522042499999999
KXMETGALA-JAC,Politics,"(0.8, 0.9]",-1,0.83,0.0,0.7999999999999999,0.011200000000000003,0.7888
KXEARNINGSMENTIONPYPL-26MAY05-BIOM,Mentions,"(0.8, 0.9]",-1,0.83,1.0,-0.6200000000000001,0.016492,-0.6364920000000001
KXEARNINGSMENTIONPYPL-26MAY05-UNPR,Mentions,"(0.3, 0.4]",-1,0.3649,0.0,-0.08509999999999995,0.0006930000000000006,-0.08579299999999995
KXEARNINGSMENTIONPYPL-26MAY05-BLOC,Mentions,"(0.3, 0.4]",-1,0.3367,0.0,-0.11329999999999996,0.0006930000000000006,-0.11399299999999996
KXEARNINGSMENTIONPYPL-26MAY05-CASH,Mentions,"(0.7, 0.8]",-1,0.72,0.0,0.27,0.013797000000000002,0.256203
KXEARNINGSMENTIONPYPL-26MAY05-REGU,Mentions,"(0.3, 0.4]",-1,0.38,0.0,-0.07000000000000006,0.0006930000000000006,-0.07069300000000006
KXEARNINGSMENTIONPYPL-26MAY05-GOOG,Mentions,"(0.4, 0.5]",-1,0.45,0.0,0.0,0.0006930000000000006,-0.0006930000000000006
KXEARNINGSMENTIONPYPL-26MAY05-BLUE,Mentions,"(0.3, 0.4]",-1,0.35,0.0,0.255,0.013298250000000001,0.24170175
KXEARNINGSMENTIONPYPL-26MAY05-ADS,Mentions,"(0.5, 0.6]",-1,0.55,0.0,0.10000000000000009,0.006300000000000005,0.09370000000000009
KXNBAMENTION-26MAY04MINSAS-LEGA,Mentions,"(0.4, 0.5]",-1,0.4497,0.0,-0.0403,0.0006930000000000006,-0.040993
KXTRUMPMENTION-26MAY05-NQE,Mentions,"(-0.001, 0.1]",1,0.05,0.0,-0.16999999999999998,0.009877000000000002,-0.17987699999999998
KXTRUMPMENTION-26MAY05-AUTO,Mentions,"(0.5, 0.6]",-1,0.52,0.0,0.33000000000000007,0.015477000000000003,0.31452300000000005
KXTRUMPMENTION-26MAY05-HOTT,Mentions,"(0.6, 0.7]",-1,0.65,1.0,-0.5499999999999999,0.017325000000000004,-0.567325
KXTRUMPMENTION-26MAY05-TRAN,Mentions,"(0.2, 0.3]",-1,0.247,1.0,-0.9430000000000001,0.0037625699999999968,-0.9467625700000001
KXTRUMPMENTION-26MAY05-SHAB,Mentions,"(0.3, 0.4]",-1,0.37,0.0,0.17999999999999994,0.010331999999999997,0.16966799999999993
KXTRUMPMENTION-26MAY05-TERR,Mentions,"(0.3, 0.4]",-1,0.3134,0.0,0.12339999999999995,0.007572070799999998,0.11582792919999996
KXTRUMPMENTION-26MAY05-HAMA,Mentions,"(0.4, 0.5]",-1,0.4076,0.0,0.21760000000000002,0.011917516800000002,0.20568248320000002
KXTRUMPMENTION-26MAY05-BALL,Mentions,"(0.4, 0.5]",-1,0.49,0.0,0.29000000000000004,0.014413000000000002,0.275587
KXTRUMPMENTION-26MAY05-NUCL,Mentions,"(0.6, 0.7]",-1,0.65,1.0,-0.5499999999999999,0.017325000000000004,-0.567325
KXTRUMPMENTION-26MAY05-MARC,Mentions,"(0.5, 0.6]",-1,0.5933,0.0,0.4033,0.016845437700000004,0.38645456229999997
KXTRUMPMENTION-26MAY05-MOON,Mentions,"(0.2, 0.3]",-1,0.29,0.0,0.10000000000000009,0.006300000000000005,0.09370000000000009
KXTRUMPMENTION-26MAY05-FAKE,Mentions,"(0.5, 0.6]",-1,0.56,1.0,-0.6399999999999999,0.016128000000000003,-0.6561279999999999
KXTRUMPMENTION-26MAY05-FRAU,Mentions,"(0.3, 0.4]",-1,0.394,0.0,0.20399999999999996,0.01136688,0.19263311999999996
KXINXU-26MAY05H1600-T7124.9999,Financials,"(0.9, 1.0]",-1,0.95,1.0,-0.09500000000000003,0.006018250000000002,-0.10101825000000003
KXINXU-26MAY05H1600-T6974.9999,Financials,"(0.9, 1.0]",-1,0.9802,1.0,-0.19480000000000003,0.010979707200000003,-0.20577970720000002
KXINXU-26MAY05H1600-T6924.9999,Financials,"(0.9, 1.0]",-1,0.9802,1.0,-0.24980000000000002,0.0131179972,-0.26291799720000003
KXNASDAQ100U-26MAY05H1600-T26199.99,Financials,"(0.9, 1.0]",-1,0.9802,1.0,-0.03980000000000006,0.002675117200000004,-0.042475117200000065
KXRUBIOMENTION-26MAY05-TARI,Mentions,"(0.6, 0.7]",-1,0.6044,0.0,0.11440000000000006,0.007091884800000003,0.10730811520000005
KXRUBIOMENTION-26MAY05-BIDE,Mentions,"(0.2, 0.3]",-1,0.22,0.0,-0.27,0.0006930000000000006,-0.270693
KXRUBIOMENTION-26MAY05-DJ,Mentions,"(0.3, 0.4]",-1,0.3858,1.0,-1.1042,0.0006930000000000006,-1.1048930000000001
KXMADDOWMENTION-26MAY04-KASH,Mentions,"(0.4, 0.5]",-1,0.4114,0.0,-0.0786,0.0006930000000000006,-0.079293
KXMADDOWMENTION-26MAY04-KIMM,Mentions,"(0.3, 0.4]",-1,0.3519,0.0,-0.1381000000000001,0.0006930000000000006,-0.1387930000000001
KXMADDOWMENTION-26MAY04-CEAS,Mentions,"(0.6, 0.7]",-1,0.6294,0.0,0.13939999999999997,0.008397734799999999,0.13100226519999997
KXMAMDANIMENTION-26MAY05-GOVE,Mentions,"(0.5, 0.6]",-1,0.5581,0.0,0.10810000000000008,0.006749007300000005,0.10135099270000009
KXUCLGOAL-26MAY05ARSATM-ARSGMAGAL6-1,Sports,"(0.1, 0.2]",1,0.14,0.0,-0.34,0.015708000000000003,-0.355708
KXUEFAMENTION-26MAY05ARSATM-SLID,Mentions,"(0.3, 0.4]",-1,0.3577,1.0,-1.0973,0.0006930000000000006,-1.097993
KXUEFAMENTION-26MAY05ARSATM-MCI,Mentions,"(0.4, 0.5]",-1,0.5,1.0,-0.9550000000000001,0.0030082499999999957,-0.9580082500000001
KXUEFAMENTION-26MAY05ARSATM-BUDA,Mentions,"(0.5, 0.6]",-1,0.6,1.0,-0.8500000000000001,0.008924999999999997,-0.858925
KXSOL15M-26MAY051845-45,Crypto,"(0.2, 0.3]",-1,0.2838,0.0,0.27380000000000004,0.013918349200000003,0.25988165080000003
KXTRUFTSA-26MAY05-T2040000,Economics,"(0.9, 1.0]",-1,0.94,1.0,-0.51,0.017493,-0.527493
KXMLBTOTAL-26MAY051840ATHPHI-5,Sports,"(0.8, 0.9]",-1,0.89,1.0,-0.505,0.017498250000000003,-0.52249825
KXMLBKS-26MAY051840ATHPHI-PHICSANCHEZ61-6,Sports,"(0.7, 0.8]",-1,0.8,1.0,-0.695,0.014838250000000002,-0.70983825
KXMLBHIT-26MAY051840BOSDET-BOSCRAFAELA3-2,Sports,"(0.2, 0.3]",-1,0.23,1.0,-1.255,0.0006930000000000006,-1.255693
KXVANCEMENTION-26MAY05-URAN,Mentions,"(0.3, 0.4]",-1,0.3924,0.0,-0.057599999999999874,0.0006930000000000006,-0.05829299999999987
KXVANCEMENTION-26MAY05-NQE,Mentions,"(0.7, 0.8]",-1,0.79,0.0,0.3400000000000001,0.015708000000000003,0.3242920000000001
KXVANCEMENTION-26MAY05-ILLE,Mentions,"(0.8, 0.9]",-1,0.9,1.0,-0.55,0.017325,-0.5673250000000001
KXVANCEMENTION-26MAY05-TRAN,Mentions,"(0.3, 0.4]",-1,0.3919,0.0,-0.05810000000000004,0.0006930000000000006,-0.05879300000000004
KXVANCEMENTION-26MAY05-AFFO,Mentions,"(0.8, 0.9]",-1,0.85,1.0,-0.6000000000000001,0.0168,-0.6168000000000001
KXVANCEMENTION-26MAY05-CHIN,Mentions,"(0.6, 0.7]",-1,0.6374,1.0,-0.8126,0.010659686800000002,-0.8232596868
KXMLBTOTAL-26MAY051840BOSDET-11,Sports,"(0.2, 0.3]",-1,0.28,1.0,-1.21,0.0006930000000000006,-1.210693
KXMLBTOTAL-26MAY051905TEXNYY-6,Sports,"(0.7, 0.8]",-1,0.79,1.0,-0.7,0.014700000000000003,-0.7147
KXMLBTOTAL-26MAY051905TEXNYY-13,Sports,"(0.2, 0.3]",-1,0.21,0.0,-0.2749999999999999,0.0006930000000000006,-0.2756929999999999
KXMLBHR-26MAY051905TEXNYY-TEXJPEDERSON3-1,Sports,"(0.1, 0.2]",1,0.17,0.0,-0.45999999999999996,0.017388,-0.477388
KXMLBMENTION-26MAY05LADHOU-TRAD,Mentions,"(0.3, 0.4]",-1,0.4,1.0,-1.0899999999999999,0.0006930000000000006,-1.090693
KXMLBMENTION-26MAY05LADHOU-PINC,Mentions,"(0.6, 0.7]",-1,0.7,1.0,-0.79,0.011613,-0.801613
KXMLBMENTION-26MAY05LADHOU-GRAN,Mentions,"(0.5, 0.6]",-1,0.53,1.0,-0.96,0.002688000000000003,-0.962688
KXMLBSPREAD-26MAY051940CINCHC-CHC4,Sports,"(0.8, 0.9]",-1,0.86,0.0,0.42999999999999994,0.017157,0.41284299999999996
KXITFWMATCH-26MAY05DITSAT-SAT,Sports,"(0.8, 0.9]",-1,0.9,1.0,-0.58,0.017052000000000005,-0.5970519999999999
KXNHLGOAL-26MAY05MINCOL-COLPKELLY17-1,Sports,"(0.1, 0.2]",1,0.1376,0.0,-0.6126,0.0166124868,-0.6292124868000001
KXNCAABBGAME-26MAY051930UTSTEL-UTS,Sports,"(0.5, 0.6]",-1,0.55,0.0,0.4600000000000001,0.017388000000000004,0.44261200000000006
KXAAAGASD-26MAY06-4.530,Economics,"(-0.001, 0.1]",1,0.08,1.0,0.42000000000000004,0.017052000000000005,0.40294800000000003
KXAAAGASD-26MAY06-4.485,Economics,"(0.9, 1.0]",-1,0.99,1.0,-0.505,0.017498250000000003,-0.52249825
KXAAAGASD-26MAY06-4.480,Economics,"(0.9, 1.0]",-1,0.99,1.0,-0.435,0.01720425,-0.45220425
KXAAAGASD-26MAY06-4.525,Economics,"(-0.001, 0.1]",1,0.08,1.0,0.5249999999999999,0.017456250000000003,0.50754375
KXAAAGASD-26MAY06-4.535,Economics,"(-0.001, 0.1]",1,0.0214,1.0,0.4786,0.017467942800000004,0.4611320572
KXAAAGASD-26MAY06-4.540,Economics,"(-0.001, 0.1]",1,0.0103,0.0,-0.5103,0.017492573700000003,-0.5277925737
KXBTCD-26MAY0600-T81499.99,Crypto,"(0.2, 0.3]",-1,0.2791,1.0,-0.7259,0.013927843300000001,-0.7398278433
KXMLBTOTAL-26MAY052140ATLSEA-12,Sports,"(0.2, 0.3]",-1,0.22,0.0,-0.27,0.0006930000000000006,-0.270693
KXMLBKS-26MAY052140ATLSEA-SEAGKIRBY68-3,Sports,"(0.9, 1.0]",-1,0.96,1.0,-0.53,0.017437,-0.5474370000000001
KXMLBHIT-26MAY052140ATLSEA-ATLOALBIES1-2,Sports,"(0.2, 0.3]",-1,0.29,0.0,-0.010000000000000009,0.0006930000000000006,-0.01069300000000001
KXMLBKS-26MAY052140PITAZ-PITBCHANDLER36-6,Sports,"(0.2, 0.3]",-1,0.28,0.0,-0.21499999999999986,0.0006930000000000006,-0.21569299999999986
KXNBAMENTION-26MAY05LALOKC-TRAD,Mentions,"(-0.001, 0.1]",1,0.04,1.0,0.47,0.017437,0.452563
KXNBAMENTION-26MAY05LALOKC-ALLE,Mentions,"(-0.001, 0.1]",1,0.04,1.0,0.47,0.017437,0.452563
KXNBAMENTION-26MAY05LALOKC-AIRB,Mentions,"(-0.001, 0.1]",1,0.04,0.0,-0.53,0.017437,-0.5474370000000001
KXNBAMENTION-26MAY05LALOKC-INJU,Mentions,"(0.8, 0.9]",-1,0.9,1.0,-0.59,0.016933000000000004,-0.606933
KXNBAMENTION-26MAY05LALOKC-JORD,Mentions,"(-0.001, 0.1]",1,0.04,0.0,-0.53,0.017437,-0.5474370000000001
KXNBAMENTION-26MAY05LALOKC-TRIP,Mentions,"(-0.001, 0.1]",1,0.04,1.0,0.47,0.017437,0.452563
KXNBAMENTION-26MAY05LALOKC-ELBO,Mentions,"(-0.001, 0.1]",1,0.04,1.0,0.47,0.017437,0.452563
KXNBAMENTION-26MAY05LALOKC-WING,Mentions,"(-0.001, 0.1]",1,0.04,0.0,-0.53,0.017437,-0.5474370000000001
KXNBAMENTION-26MAY05LALOKC-KOBE,Mentions,"(-0.001, 0.1]",1,0.04,0.0,-0.53,0.017437,-0.5474370000000001
KXNBAMENTION-26MAY05LALOKC-NQE,Mentions,"(-0.001, 0.1]",1,0.01,0.0,-0.5,0.0175,-0.5175
KXNBAMENTION-26MAY05LALOKC-PAYC,Mentions,"(-0.001, 0.1]",1,0.04,1.0,0.47,0.017437,0.452563
KXNBAMENTION-26MAY05CLEDET-BUZZ,Mentions,"(0.4, 0.5]",-1,0.42,1.0,-1.0150000000000001,0.0006930000000000006,-1.0156930000000002
KXNBAMENTION-26MAY05CLEDET-JORD,Mentions,"(0.4, 0.5]",-1,0.43,1.0,-1.06,0.0006930000000000006,-1.060693
KXNBAMENTION-26MAY05CLEDET-NQE,Mentions,"(-0.001, 0.1]",1,0.01,0.0,-0.5,0.0175,-0.5175
KXBTC-26MAY0604-B81550,Crypto,"(0.2, 0.3]",-1,0.2631,0.0,-0.18189999999999995,0.0006930000000000006,-0.18259299999999995
KXITFMATCH-26MAY06MURBUK-MUR,Sports,"(0.7, 0.8]",-1,0.71,1.0,-0.78,0.012012,-0.792012
KXBTC-26MAY0605-B81450,Crypto,"(0.2, 0.3]",-1,0.2177,0.0,0.03770000000000007,0.0025395097000000047,0.03516049030000006
KXHYPE15M-26MAY060515-15,Crypto,"(0.2, 0.3]",-1,0.2305,0.0,0.08550000000000002,0.005473282500000002,0.08002671750000002
KXCS2GAME-26MAY060400LAVTNC-TNC,Sports,"(0.9, 1.0]",-1,0.96,1.0,-0.51,0.017493,-0.527493
KXBNB15M-26MAY060915-15,Crypto,"(0.2, 0.3]",-1,0.2457,0.0,0.17070000000000007,0.009909305700000004,0.16079069430000006
KXITFWMATCH-26MAY05WOLZEL-ZEL,Sports,"(0.1, 0.2]",1,0.2,0.0,-0.6799999999999999,0.015232000000000004,-0.695232
KXWTAMATCH-26MAY05SIEBEJ-BEJ,Sports,"(0.5, 0.6]",-1,0.6,0.0,0.16000000000000003,0.009408000000000003,0.15059200000000003
KXWTACHALLENGERMATCH-26MAY06VEKCEN-CEN,Sports,"(0.1, 0.2]",1,0.18,0.0,-0.6399999999999999,0.016128000000000003,-0.6561279999999999
KXEARNINGSMENTIONDIS-26MAY06-FORT,Mentions,"(0.2, 0.3]",-1,0.25,1.0,-0.85,0.008925000000000002,-0.8589249999999999
KXEARNINGSMENTIONDIS-26MAY06-ACQU,Mentions,"(0.4, 0.5]",-1,0.48,1.0,-0.6200000000000001,0.016492,-0.6364920000000001
KXEARNINGSMENTIONDIS-26MAY06-SUBS,Mentions,"(0.8, 0.9]",-1,0.8561,1.0,-0.16890000000000005,0.009826095300000004,-0.17872609530000005
KXEARNINGSMENTIONDIS-26MAY06-WARN,Mentions,"(0.6, 0.7]",-1,0.65,0.0,0.55,0.017325,0.532675
KXEARNINGSMENTIONDIS-26MAY06-TRUM,Mentions,"(0.2, 0.3]",-1,0.25,0.0,0.15000000000000002,0.008925000000000002,0.141075
KXEARNINGSMENTIONUBER-26MAY06-EXPA,Mentions,"(0.7, 0.8]",-1,0.74,1.0,-0.34,0.015708000000000003,-0.355708
KXEARNINGSMENTIONUBER-26MAY06-LYFT,Mentions,"(0.2, 0.3]",-1,0.27,1.0,-0.85,0.008925000000000002,-0.8589249999999999
KXEARNINGSMENTIONUBER-26MAY06-REGU,Mentions,"(0.5, 0.6]",-1,0.57,1.0,-0.55,0.017325,-0.5673250000000001
KXEARNINGSMENTIONUBER-26MAY06-ELIT,Mentions,"(0.2, 0.3]",-1,0.22,0.0,0.09999999999999998,0.0063,0.09369999999999998
KXEARNINGSMENTIONUBER-26MAY06-MARK,Mentions,"(0.2, 0.3]",-1,0.28,0.0,0.16000000000000003,0.009408000000000003,0.15059200000000003
KXEARNINGSMENTIONUBER-26MAY06-DRVI,Mentions,"(0.2, 0.3]",-1,0.21,0.0,0.08999999999999997,0.0057329999999999985,0.08426699999999997
KXEARNINGSMENTIONUBER-26MAY06-AVRI,Mentions,"(0.6, 0.7]",-1,0.66,0.0,0.54,0.017388,0.5226120000000001
KXEARNINGSMENTIONUBER-26MAY06-OIL,Mentions,"(0.2, 0.3]",-1,0.22,0.0,0.11499999999999999,0.00712425,0.10787574999999999
KXEARNINGSMENTIONPGR-26APR15-HEAD,Mentions,"(0.6, 0.7]",-1,0.6736,1.0,-0.47640000000000005,0.017461012800000005,-0.49386101280000005
KXEARNINGSMENTIONPGR-26APR15-MA,Mentions,"(0.7, 0.8]",-1,0.7515,1.0,-0.3435000000000001,0.015785542500000003,-0.3592855425000001
KXEARNINGSMENTIONPGR-26APR15-HIPP,Mentions,"(0.6, 0.7]",-1,0.6635,0.0,0.5235,0.0174613425,0.5060386575
KXEARNINGSMENTIONPGR-26APR15-ROSE,Mentions,"(0.2, 0.3]",-1,0.2737,0.0,0.08370000000000011,0.005368601700000007,0.0783313983000001
KXINXU-26MAY06H1200-T7324.9999,Financials,"(0.9, 1.0]",-1,0.91,1.0,-0.11499999999999994,0.007124249999999997,-0.12212424999999993
KXNBAMENTION-26MAY05LALOKC-GOAT,Mentions,"(0.2, 0.3]",-1,0.2331,0.0,0.12309999999999999,0.0075562473,0.11554375269999999
KXMLBMENTION-26MAY05LADHOU-ERRO,Mentions,"(0.9, 1.0]",-1,0.9705,0.0,0.49050000000000005,0.017493682500000003,0.47300631750000005
KXMLBMENTION-26MAY05LADHOU-DAIK,Mentions,"(0.5, 0.6]",-1,0.56,0.0,0.08000000000000007,0.005152000000000005,0.07484800000000007
KXMLBMENTION-26MAY05LADHOU-MVP,Mentions,"(0.8, 0.9]",-1,0.89,0.0,0.41000000000000003,0.016933000000000004,0.39306700000000006
KXMLBMENTION-26MAY05LADHOU-WILD,Mentions,"(0.3, 0.4]",-1,0.4,0.0,-0.08000000000000007,0.0006930000000000006,-0.08069300000000007
KXUEFAMENTION-26MAY05ARSATM-HATT,Mentions,"(0.3, 0.4]",-1,0.4,0.0,-0.05499999999999994,0.0006930000000000006,-0.05569299999999994
KXUEFAMENTION-26MAY05ARSATM-BOTT,Mentions,"(0.2, 0.3]",-1,0.22,0.0,-0.2749999999999999,0.0006930000000000006,-0.2756929999999999
KXATPCHALLENGERMATCH-26MAY06ALVCAS-CAS,Sports,"(0.7, 0.8]",-1,0.75,1.0,-0.74,0.013468000000000003,-0.753468
KXJETFUEL-26MAY06-T4.30,Economics,"(-0.001, 0.1]",1,0.095,0.0,-0.135,0.008174250000000001,-0.14317425
KXJETFUEL-26MAY06-T4.10,Economics,"(0.4, 0.5]",-1,0.43,1.0,-0.6100000000000001,0.016652999999999998,-0.6266530000000001
KXJETFUEL-26MAY06-T3.85,Economics,"(0.9, 1.0]",-1,0.96,1.0,-0.08000000000000002,0.005152000000000001,-0.08515200000000002
KXJETFUEL-26MAY06-T4.15,Economics,"(0.4, 0.5]",-1,0.48,1.0,-0.555,0.01728825,-0.57228825
KXAAAGASMAXTX-26DEC31-4.00,Economics,"(0.4, 0.5]",-1,0.47,1.0,-0.5800000000000001,0.017052,-0.597052
KXITFMATCH-26MAY06TORGAR-TOR,Sports,"(0.8, 0.9]",-1,0.89,1.0,-0.6,0.016800000000000002,-0.6168
KXTRUMPMENTION-26MAY06-NUCL,Mentions,"(0.7, 0.8]",-1,0.79,1.0,-0.6399999999999999,0.016128000000000003,-0.6561279999999999
KXTRUMPMENTION-26MAY06-HEGS,Mentions,"(0.9, 1.0]",-1,0.91,1.0,-0.515,0.017484250000000003,-0.53248425
KXTRUMPMENTION-26MAY06-BALL,Mentions,"(0.6, 0.7]",-1,0.619,1.0,-0.8109999999999999,0.010729530000000003,-0.8217295299999999
KXTRUMPMENTION-26MAY06-ELEC,Mentions,"(0.5, 0.6]",-1,0.5886,1.0,-0.8413999999999999,0.009341222800000003,-0.8507412228
KXTRUMPMENTION-26MAY06-BIDE,Mentions,"(0.4, 0.5]",-1,0.4057,0.0,-0.02429999999999999,0.0006930000000000006,-0.024992999999999987
KXTRUMPMENTION-26MAY06-DEMO,Mentions,"(0.5, 0.6]",-1,0.6,0.0,0.16999999999999993,0.009876999999999999,0.16012299999999993
KXTRUMPMENTION-26MAY06-OIL,Mentions,"(0.6, 0.7]",-1,0.7,0.0,0.27,0.013797000000000002,0.256203
KXNASDAQ100U-26MAY06H1600-T27199.99,Financials,"(0.9, 1.0]",-1,0.94,1.0,-0.08000000000000007,0.005152000000000005,-0.08515200000000007
KXINXU-26MAY06H1600-T7149.9999,Financials,"(0.9, 1.0]",-1,0.91,1.0,-0.10999999999999999,0.006853,-0.11685299999999998
KXMLBF5-26MAY061410LADHOU-LAD,Sports,"(0.5, 0.6]",-1,0.6,1.0,-0.88,0.007392000000000001,-0.887392
KXMLBSPREAD-26MAY061410LADHOU-HOU2,Sports,"(0.2, 0.3]",-1,0.25,0.0,0.20499999999999996,0.011408249999999998,0.19359174999999995
KXMLBHR-26MAY061410LADHOU-LADSOHTANI17-1,Sports,"(0.2, 0.3]",-1,0.25,0.0,0.125,0.007656250000000001,0.11734375
KXMLBKS-26MAY061410LADHOU-LADTGLASNOW31-5,Sports,"(0.9, 1.0]",-1,0.91,0.0,0.41500000000000004,0.016994250000000002,0.39800575000000005
KXMLBHIT-26MAY061410LADHOU-LADKTUCKER23-2,Sports,"(0.2, 0.3]",-1,0.26,1.0,-1.2349999999999999,0.0006930000000000006,-1.235693
KXMLBHIT-26MAY061310TORTB-TORECLEMENT22-1,Sports,"(0.7, 0.8]",-1,0.73,0.0,0.245,0.012948250000000001,0.23205175
KXUEFAMENTION-26MAY06BMUPSG-CROS,Mentions,"(0.8, 0.9]",-1,0.85,1.0,-0.605,0.016728250000000004,-0.62172825
KXUEFAMENTION-26MAY06BMUPSG-RECO,Mentions,"(0.4, 0.5]",-1,0.47,1.0,-0.9850000000000001,0.0010342499999999935,-0.9860342500000001
KXMLBTOTAL-26MAY061545SDSF-12,Sports,"(0.2, 0.3]",-1,0.26,0.0,-0.22999999999999998,0.0006930000000000006,-0.23069299999999998
KXMLBHR-26MAY061545SDSF-SFRDEVERS16-1,Sports,"(0.1, 0.2]",1,0.17,1.0,0.74,0.013468,0.726532
KXMLBTOTAL-26MAY061610ATLSEA-12,Sports,"(0.2, 0.3]",-1,0.22,0.0,-0.27,0.0006930000000000006,-0.270693
KXMLBKS-26MAY061610ATLSEA-SEABWOO22-8,Sports,"(0.1, 0.2]",1,0.16,1.0,0.345,0.015818250000000002,0.32918175
KXMLBTOTAL-26MAY061607CWSLAA-16,Sports,"(0.1, 0.2]",1,0.2,0.0,-0.615,0.016574250000000002,-0.63157425
KXNBAATTEND-26-76RSVSKNICKSG2-TIM,Politics,"(0.9, 1.0]",-1,0.9405,1.0,-0.5495,0.017328482500000002,-0.5668284825
KXNBAATTEND-26-76RSVSKNICKSG2-KYL,Politics,"(0.9, 1.0]",-1,0.911,1.0,-0.579,0.017063130000000003,-0.59606313
KXNBAATTEND-26-76RSVSKNICKSG2-BEN,Politics,"(0.9, 1.0]",-1,0.9005,1.0,-0.5895,0.0169392825,-0.6064392825
KXNBAATTEND-26-76RSVSKNICKSG2-TRA,Politics,"(0.8, 0.9]",-1,0.9,1.0,-0.59,0.016933000000000004,-0.606933
KXNBAATTEND-26-76RSVSKNICKSG2-SPI,Politics,"(0.9, 1.0]",-1,0.911,1.0,-0.579,0.017063130000000003,-0.59606313
KXMLBSPREAD-26MAY061845MINWSH-WSH4,Sports,"(0.1, 0.2]",1,0.14,1.0,0.43999999999999995,0.017248,0.42275199999999996
KXMLBKS-26MAY061840ATHPHI-PHIZWHEELER45-10,Sports,"(0.1, 0.2]",1,0.14,0.0,-0.635,0.016224250000000003,-0.6512242500000001
KXMLBHR-26MAY061845MINWSH-MINBBUXTON25-1,Sports,"(0.2, 0.3]",-1,0.29,0.0,0.04500000000000004,0.003008250000000003,0.041991750000000036
KXPOLITICSMENTION-26MAY05-CONS,Mentions,"(0.6, 0.7]",-1,0.608,1.0,-0.8420000000000001,0.009312519999999998,-0.8513125200000001
KXPOLITICSMENTION-26MAY05-CORR,Mentions,"(0.3, 0.4]",-1,0.4,1.0,-1.05,0.0006930000000000006,-1.050693
KXPOLITICSMENTION-26MAY05-TRUM,Mentions,"(0.7, 0.8]",-1,0.8,1.0,-0.6499999999999999,0.015925000000000005,-0.6659249999999999
KXPOLITICSMENTION-26MAY05-NQE,Mentions,"(-0.001, 0.1]",1,0.02,0.0,-0.47000000000000003,0.017437000000000005,-0.487437
KXCANDACEMENTION-26MAY06-TUCK,Mentions,"(0.3, 0.4]",-1,0.3989,1.0,-1.0511,0.0006930000000000006,-1.051793
KXCANDACEMENTION-26MAY06-CAND,Mentions,"(0.9, 1.0]",-1,0.9292,1.0,-0.5558,0.017282045200000002,-0.5730820452
KXCANDACEMENTION-26MAY06-FRAU,Mentions,"(0.4, 0.5]",-1,0.45,1.0,-1.0350000000000001,0.0006930000000000006,-1.0356930000000002
KXCANDACEMENTION-26MAY06-OIL,Mentions,"(0.6, 0.7]",-1,0.63,1.0,-0.8200000000000001,0.010331999999999997,-0.8303320000000001
KXCANDACEMENTION-26MAY06-AFFO,Mentions,"(0.3, 0.4]",-1,0.37,0.0,-0.11499999999999999,0.0006930000000000006,-0.11569299999999999
KXCANDACEMENTION-26MAY06-AI,Mentions,"(0.4, 0.5]",-1,0.48,0.0,0.0,0.0006930000000000006,-0.0006930000000000006
KXAHLGAME-26MAY061900MANGRA-GRA,Sports,"(0.7, 0.8]",-1,0.72,1.0,-0.76,0.012768,-0.772768
KXBTC-26MAY0622-B81250,Crypto,"(0.2, 0.3]",-1,0.222,0.0,0.09699999999999998,0.006131369999999999,0.09086862999999998
KXHYPE15M-26MAY062230-30,Crypto,"(0.2, 0.3]",-1,0.25,1.0,-0.8999999999999999,0.006300000000000005,-0.9062999999999999
KXMLBTOTAL-26MAY061940CLEKC-5,Sports,"(0.8, 0.9]",-1,0.84,0.0,0.35,0.015925,0.33407499999999996
KXMLBKS-26MAY061940CLEKC-CLEJCANTILLO54-7,Sports,"(0.1, 0.2]",1,0.19,0.0,-0.38,0.016492,-0.396492
KXMLBHIT-26MAY061840BALMIA-MIACMOREL5-1,Sports,"(0.5, 0.6]",-1,0.59,0.0,0.09499999999999997,0.006018249999999998,0.08898174999999997
KXUEFAMENTION-26MAY06BMUPSG-SUSP,Mentions,"(0.9, 1.0]",-1,0.91,0.0,0.45500000000000007,0.017358250000000002,0.43764175000000005
KXAAAGASD-26MAY07-4.535,Economics,"(0.9, 1.0]",-1,0.93,1.0,-0.565,0.017204250000000004,-0.58220425
KXAAAGASD-26MAY07-4.555,Economics,"(0.8, 0.9]",-1,0.83,1.0,-0.665,0.01559425,-0.6805942500000001
KXAAAGASD-26MAY07-4.540,Economics,"(0.9, 1.0]",-1,0.934,1.0,-0.5609999999999999,0.017239530000000003,-0.57823953
KXAAAGASD-26MAY07-4.545,Economics,"(0.9, 1.0]",-1,0.96,1.0,-0.535,0.01741425,-0.55241425
KXAAAGASD-26MAY07-4.585,Economics,"(-0.001, 0.1]",1,0.0925,0.0,-0.5875,0.0169640625,-0.6044640625000001
KXAAAGASD-26MAY07-4.595,Economics,"(-0.001, 0.1]",1,0.074,0.0,-0.569,0.01716673,-0.58616673
KXAAAGASD-26MAY07-4.600,Economics,"(-0.001, 0.1]",1,0.03,0.0,-0.525,0.017456250000000003,-0.54245625
KXAAAGASD-26MAY07-4.605,Economics,"(-0.001, 0.1]",1,0.048,0.0,-0.543,0.017370570000000002,-0.56037057
KXAAAGASD-26MAY07-4.610,Economics,"(-0.001, 0.1]",1,0.08,0.0,-0.575,0.017106250000000003,-0.59210625
KXAAAGASD-26MAY07-4.550,Economics,"(0.8, 0.9]",-1,0.8933,1.0,-0.6017,0.0167759977,-0.6184759977000001
KXNBAMENTION-26MAY06PHINYK-TRAV,Mentions,"(0.6, 0.7]",-1,0.62,1.0,-0.56,0.017248,-0.5772480000000001
KXNBAMENTION-26MAY06PHINYK-JORD,Mentions,"(0.7, 0.8]",-1,0.75,1.0,-0.365,0.016224250000000003,-0.38122425
KXNBAMENTION-26MAY06PHINYK-CROW,Mentions,"(0.7, 0.8]",-1,0.8,1.0,-0.2899999999999999,0.014412999999999999,-0.30441299999999993
KXNBAMENTION-26MAY06MINSAS-BUZZ,Mentions,"(0.2, 0.3]",-1,0.23,1.0,-1.25,0.0006930000000000006,-1.250693
KXSURVIVORMENTION-26MAY06-DROP,Mentions,"(0.8, 0.9]",-1,0.88,0.0,0.69,0.014972999999999998,0.6750269999999999
KXSURVIVORMENTION-26MAY06-TRUS,Mentions,"(0.5, 0.6]",-1,0.54,1.0,-0.615,0.016574250000000002,-0.63157425
KXSURVIVORMENTION-26MAY06-WATE,Mentions,"(0.9, 1.0]",-1,0.9024,1.0,-0.2826,0.014191606800000004,-0.2967916068
KXSURVIVORMENTION-26MAY06-RECO,Mentions,"(0.5, 0.6]",-1,0.587,0.0,0.502,0.017499720000000003,0.48450028
KXSURVIVORMENTION-26MAY07-BETR,Mentions,"(0.8, 0.9]",-1,0.9,0.0,0.51,0.017493,0.49250700000000003
KXSURVIVORMENTION-26MAY07-STRA,Mentions,"(0.3, 0.4]",-1,0.39,1.0,-0.87,0.007917,-0.877917
KXSURVIVORMENTION-26MAY07-DRAM,Mentions,"(0.5, 0.6]",-1,0.6,1.0,-0.665,0.01559425,-0.6805942500000001
KXSURVIVORMENTION-26MAY07-MILL,Mentions,"(0.9, 1.0]",-1,0.9475,1.0,-0.0675,0.004406062500000001,-0.0719060625
KXLOLGAME-26MAY070500WEWB-WE,Sports,"(0.1, 0.2]",1,0.18,0.0,-0.21,0.011613000000000002,-0.221613
KXJOBLESSCLAIMS-26MAY07-210000,Economics,"(0.4, 0.5]",-1,0.5,0.0,0.44999999999999996,0.017325,0.432675
KXJOBLESSCLAIMS-26MAY07-190000,Economics,"(0.9, 1.0]",-1,0.95,1.0,-0.10000000000000003,0.006300000000000002,-0.10630000000000003
KXJOBLESSCLAIMS-26MAY07-180000,Economics,"(0.9, 1.0]",-1,0.97,1.0,-0.065,0.00425425,-0.06925425
KXJOBLESSCLAIMS-26MAY07-185000,Economics,"(0.9, 1.0]",-1,0.97,1.0,-0.08000000000000007,0.005152000000000005,-0.08515200000000007
KXBTCD-26MAY0709-T80999.99,Crypto,"(0.2, 0.3]",-1,0.264,1.0,-0.741,0.013434330000000001,-0.75443433
KXWTASETWINNER-26MAY07PAOJEA-2-PAO,Sports,"(0.9, 1.0]",-1,0.98,1.0,-0.51,0.017493,-0.527493
KXLEADERUCLGOALS-26-HKAN,Sports,"(0.1, 0.2]",1,0.13,0.0,-0.625,0.01640625,-0.64140625
KXWTASETWINNER-26MAY07SINKAL-2-KAL,Sports,"(0.5, 0.6]",-1,0.57,1.0,-0.92,0.005151999999999999,-0.9251520000000001
KXINXU-26MAY07H1200-T7359.9999,Financials,"(0.9, 1.0]",-1,0.92,1.0,-0.09999999999999992,0.006299999999999997,-0.10629999999999992
KXCS2GAME-26MAY071000LAVMOUZN-LAV,Sports,"(0.7, 0.8]",-1,0.71,1.0,-0.76,0.012768,-0.772768
KXNASDAQ100U-26MAY07H1300-T28539.99,Financials,"(0.9, 1.0]",-1,0.95,1.0,-0.07500000000000007,0.004856250000000005,-0.07985625000000007
KXBTCD-26MAY0713-T79999.99,Crypto,"(0.2, 0.3]",-1,0.2874,0.0,0.2774,0.014031446800000002,0.26336855319999997
KXMAMDANIMENTION-26MAY08-MENT,Mentions,"(0.7, 0.8]",-1,0.73,0.0,0.28,0.014112000000000001,0.265888
KXMAMDANIMENTION-26MAY08-SAFE,Mentions,"(0.7, 0.8]",-1,0.73,0.0,0.28,0.014112000000000001,0.265888
KXMAMDANIMENTION-26MAY08-RECO,Mentions,"(0.7, 0.8]",-1,0.78,1.0,-0.425,0.01710625,-0.44210625
KXMAMDANIMENTION-26MAY08-KENG,Mentions,"(0.7, 0.8]",-1,0.75,0.0,0.3500000000000001,0.015925000000000005,0.33407500000000007
KXSURVIVORMENTION-26MAY07-FALL,Mentions,"(0.3, 0.4]",-1,0.317,0.0,0.17199999999999993,0.009969119999999998,0.16203087999999993
KXEARNINGSMENTIONMCD-26MAY07-SUPP,Mentions,"(0.6, 0.7]",-1,0.64,1.0,-0.435,0.01720425,-0.45220425
KXSURVIVORMENTION-26MAY06-ALLI,Mentions,"(0.5, 0.6]",-1,0.52,1.0,-0.63,0.016317,-0.646317
KXEARNINGSMENTIONMCD-26MAY07-BIG,Mentions,"(0.8, 0.9]",-1,0.89,1.0,-0.175,0.01010625,-0.18510625
KXEARNINGSMENTIONMCD-26MAY07-DELI,Mentions,"(0.5, 0.6]",-1,0.5167,1.0,-0.5632999999999999,0.017219517700000003,-0.5805195176999999
KXEARNINGSMENTIONMCD-26MAY07-DIVI,Mentions,"(0.6, 0.7]",-1,0.6939,0.0,0.6389,0.016149475300000004,0.6227505247
KXEARNINGSMENTIONMCD-26MAY07-CAVI,Mentions,"(0.3, 0.4]",-1,0.31,0.0,0.21500000000000008,0.011814250000000004,0.20318575000000008
KXEARNINGSMENTIONMCD-26MAY07-TARI,Mentions,"(0.4, 0.5]",-1,0.49,0.0,0.4099999999999999,0.016933,0.39306699999999994
KXCBDECISIONMEXICO-26MAY07-H25P,Economics,"(-0.001, 0.1]",1,0.05,0.0,-0.07,0.004557,-0.07455700000000001
KXHILTONMENTION-26MAY05-CORR,Mentions,"(0.9, 1.0]",-1,0.91,1.0,-0.5249999999999999,0.017456250000000003,-0.5424562499999999
KXHILTONMENTION-26MAY05-ELEC,Mentions,"(0.5, 0.6]",-1,0.5869,1.0,-0.7331000000000001,0.013696507299999997,-0.7467965073000001
KXHILTONMENTION-26MAY05-FLAT,Mentions,"(0.3, 0.4]",-1,0.36,0.0,-0.07499999999999996,0.0006930000000000006,-0.07569299999999995
KXHILTONMENTION-26MAY05-NQE,Mentions,"(-0.001, 0.1]",1,0.05,0.0,-0.435,0.01720425,-0.45220425
KXHILTONMENTION-26MAY05-OIL,Mentions,"(0.9, 1.0]",-1,0.91,1.0,-0.38,0.016492,-0.396492
KXHILTONMENTION-26MAY05-FRAU,Mentions,"(0.6, 0.7]",-1,0.61,1.0,-0.585,0.016994250000000002,-0.60199425
KXHILTONMENTION-26MAY05-HEAL,Mentions,"(0.9, 1.0]",-1,0.91,1.0,-0.20499999999999996,0.01140825,-0.21640824999999997
KXTRUMPMENTION-26MAY07-IRAN,Mentions,"(0.7, 0.8]",-1,0.72,0.0,0.235,0.012584250000000002,0.22241575
KXTRUMPMENTION-26MAY07-GAS,Mentions,"(0.4, 0.5]",-1,0.4433,0.0,-0.04170000000000007,0.0006930000000000006,-0.04239300000000007
KXTRUMPMENTION-26MAY07-VENE,Mentions,"(0.7, 0.8]",-1,0.74,0.0,0.31000000000000005,0.014973000000000004,0.29502700000000004
KXTRUMPMENTION-26MAY07-WORL,Mentions,"(0.3, 0.4]",-1,0.31,0.0,-0.11999999999999988,0.0006930000000000006,-0.12069299999999988
KXTRUMPMENTION-26MAY07-AI,Mentions,"(0.2, 0.3]",-1,0.29,0.0,-0.19499999999999984,0.0006930000000000006,-0.19569299999999984
KXTRUMPMENTION-26MAY07-RARE,Mentions,"(0.4, 0.5]",-1,0.5,0.0,0.015000000000000013,0.001034250000000001,0.013965750000000013
KXTRUMPMENTION-26MAY07-CRYP,Mentions,"(-0.001, 0.1]",1,0.05,0.0,-0.535,0.01741425,-0.55241425
KXTRUMPMENTION-26MAY07-FIRS,Mentions,"(0.5, 0.6]",-1,0.5404,0.0,0.055400000000000005,0.0036631588000000004,0.0517368412
KXTRUMPMENTION-26MAY07-TRAN,Mentions,"(0.6, 0.7]",-1,0.63,0.0,0.19999999999999996,0.0112,0.18879999999999997
KXTRUMPMENTION-26MAY07-FENT,Mentions,"(0.6, 0.7]",-1,0.63,0.0,0.14500000000000002,0.008678250000000002,0.13632175000000002
KXTRUMPMENTION-26MAY07-ELEC,Mentions,"(0.8, 0.9]",-1,0.9,0.0,0.41500000000000004,0.016994250000000002,0.39800575000000005
KXTRUMPMENTION-26MAY07-CART,Mentions,"(0.7, 0.8]",-1,0.8,0.0,0.31500000000000006,0.015104250000000003,0.29989575000000007
KXINXU-26MAY07H1600-T7249.9999,Financials,"(0.9, 1.0]",-1,0.9402,1.0,-0.07979999999999993,0.005140237199999996,-0.08494023719999992
KXINXU-26MAY07H1600-T6999.9999,Financials,"(0.9, 1.0]",-1,0.99,1.0,-0.030000000000000027,0.002037000000000002,-0.03203700000000003
KXINXU-26MAY07H1600-T7024.9999,Financials,"(0.9, 1.0]",-1,0.99,1.0,-0.030000000000000027,0.002037000000000002,-0.03203700000000003
KXINXU-26MAY07H1600-T7224.9999,Financials,"(0.9, 1.0]",-1,0.9481,1.0,-0.07189999999999996,0.004671127299999998,-0.07657112729999996
KXSOLD-26MAY0716-T88.9999,Crypto,"(0.2, 0.3]",-1,0.28,0.0,0.14,0.008428000000000001,0.13157200000000002
KXMLBHIT-26MAY071305MINWSH-WSHDLILE4-1,Sports,"(0.7, 0.8]",-1,0.71,1.0,-0.35000000000000003,0.015925,-0.36592500000000006
KXMLBF5-26MAY052040NYMCOL-NYM,Sports,"(0.5, 0.6]",-1,0.52,1.0,-0.96,0.002688000000000003,-0.962688
KXBNB15M-26MAY071645-45,Crypto,"(0.2, 0.3]",-1,0.2539,0.0,0.07390000000000008,0.004790715300000005,0.06910928470000008
KXMLBHR-26MAY071420CINCHC-CINEDELACRUZ44-1,Sports,"(0.1, 0.2]",1,0.16,0.0,-0.405,0.01686825,-0.42186825000000006
KXMLBHRR-26MAY071305MINWSH-WSHJTENA8-2,Sports,"(0.5, 0.6]",-1,0.5153,0.0,0.24029999999999996,0.0127789137,0.22752108629999995
KXMLBTOTAL-26MAY052040NYMCOL-15,Sports,"(0.1, 0.2]",1,0.2,0.0,-0.69,0.014973000000000004,-0.704973
KXMLBTB-26MAY052040NYMCOL-NYMJSOTO22-2,Sports,"(0.5, 0.6]",-1,0.53,1.0,-0.965,0.002364250000000002,-0.9673642499999999
KXMLBHRR-26MAY071540PITAZ-AZGPERDOMO2-2,Sports,"(0.5, 0.6]",-1,0.57,0.0,0.07499999999999996,0.004856249999999999,0.07014374999999996
KXEARNINGSMENTIONABNB-26MAY07-HOME,Mentions,"(0.6, 0.7]",-1,0.67,1.0,-0.43999999999999995,0.017248,-0.45724799999999993
KXEARNINGSMENTIONABNB-26MAY07-SERV,Mentions,"(0.8, 0.9]",-1,0.81,0.0,0.7650000000000001,0.012584249999999998,0.7524157500000002
KXEARNINGSMENTIONABNB-26MAY07-HEAD,Mentions,"(0.6, 0.7]",-1,0.62,1.0,-0.49,0.017493,-0.507493
KXEARNINGSMENTIONABNB-26MAY07-TAIL,Mentions,"(0.5, 0.6]",-1,0.57,1.0,-0.54,0.017388,-0.557388
KXEARNINGSMENTIONABNB-26MAY07-DOME,Mentions,"(0.7, 0.8]",-1,0.74,0.0,0.665,0.015594250000000002,0.64940575
KXEARNINGSMENTIONLYFT-26MAY07-WAYM,Mentions,"(0.7, 0.8]",-1,0.8,1.0,-0.25499999999999995,0.013298250000000001,-0.26829824999999996
KXEARNINGSMENTIONLYFT-26MAY07-REVE,Mentions,"(0.6, 0.7]",-1,0.65,1.0,-0.45999999999999996,0.017388,-0.477388
KXEARNINGSMENTIONLYFT-26MAY07-MOBI,Mentions,"(0.6, 0.7]",-1,0.61,0.0,0.5,0.0175,0.4825
KXEARNINGSMENTIONLYFT-26MAY07-INNO,Mentions,"(0.8, 0.9]",-1,0.84,0.0,0.8099999999999999,0.010773000000000003,0.7992269999999999
KXCANDACEMENTION-26MAY07-TUCK,Mentions,"(0.7, 0.8]",-1,0.74,1.0,-0.71,0.014413000000000002,-0.724413
KXCANDACEMENTION-26MAY07-ERIK,Mentions,"(0.8, 0.9]",-1,0.89,1.0,-0.56,0.017248,-0.5772480000000001
KXCANDACEMENTION-26MAY07-AI,Mentions,"(0.6, 0.7]",-1,0.65,1.0,-0.8,0.0112,-0.8112
KXCANDACEMENTION-26MAY07-ZION,Mentions,"(0.5, 0.6]",-1,0.6,0.0,0.1499999999999999,0.008924999999999997,0.14107499999999992
KXTRUEV-26MAY07-T1254.04,Economics,"(0.4, 0.5]",-1,0.45,0.0,-0.040000000000000036,0.0006930000000000006,-0.040693000000000035
KXTRUFTSA-26MAY07-T2640000,Economics,"(0.9, 1.0]",-1,0.94,1.0,-0.43500000000000005,0.017204250000000004,-0.4522042500000001
KXTRUEV-26MAY07-T1284.04,Economics,"(0.4, 0.5]",-1,0.4717,0.0,-0.018299999999999983,0.0006930000000000006,-0.018992999999999982
KXTRUEV-26MAY07-T1294.04,Economics,"(0.4, 0.5]",-1,0.4617,0.0,-0.028299999999999992,0.0006930000000000006,-0.02899299999999999
KXTRUEV-26MAY07-T1274.04,Economics,"(0.4, 0.5]",-1,0.48,0.0,-0.010000000000000009,0.0006930000000000006,-0.01069300000000001
KXTRUEV-26MAY07-T1304.04,Economics,"(0.4, 0.5]",-1,0.4517,0.0,-0.0383,0.0006930000000000006,-0.038993
KXABNB-26APRNEB-130000000,Financials,"(0.9, 1.0]",-1,0.9891,1.0,-0.5009,0.0174999433,-0.5183999433
KXMLBHIT-26MAY071840ATHPHI-PHIBMARSH16-2,Sports,"(0.2, 0.3]",-1,0.28,0.0,0.2250000000000001,0.012206250000000005,0.2127937500000001
KXNBASTL-26MAY07CLEDET-DETATHOMPSON9-1,Sports,"(0.7, 0.8]",-1,0.79,1.0,-0.7,0.014700000000000003,-0.7147
KXNBATOTAL-26MAY07CLEDET-230,Sports,"(0.1, 0.2]",1,0.17,0.0,-0.59,0.016933000000000004,-0.606933
KXNBASPREAD-26MAY07CLEDET-CLE5,Sports,"(0.2, 0.3]",-1,0.25,0.0,-0.14000000000000012,0.0006930000000000006,-0.14069300000000012
KXMLBSPREAD-26MAY071910TBBOS-TB6,Sports,"(0.2, 0.3]",-1,0.2743,0.0,-0.15569999999999995,0.0006930000000000006,-0.15639299999999995
KXNHLGOAL-26MAY07CARPHI-PHISCOUTURIER14-1,Sports,"(0.1, 0.2]",1,0.18,0.0,-0.6599999999999999,0.015708000000000003,-0.675708
KXAAAGASD-26MAY08-4.535,Economics,"(0.9, 1.0]",-1,0.97,1.0,-0.04500000000000004,0.0030082500000000027,-0.048008250000000044
KXAAAGASD-26MAY08-4.565,Economics,"(0.4, 0.5]",-1,0.41,0.0,0.3899999999999999,0.016652999999999998,0.37334699999999993
KXAAAGASD-26MAY08-4.550,Economics,"(0.9, 1.0]",-1,0.93,0.0,0.9100000000000001,0.005732999999999996,0.9042670000000002
KXAAAGASD-26MAY08-4.545,Economics,"(0.9, 1.0]",-1,0.99,1.0,-0.025000000000000022,0.0017062500000000016,-0.026706250000000025
KXAAAGASD-26MAY08-4.540,Economics,"(0.9, 1.0]",-1,0.99,1.0,-0.025000000000000022,0.0017062500000000016,-0.026706250000000025
KXAAAGASD-26MAY08-4.590,Economics,"(-0.001, 0.1]",1,0.01,0.0,-0.025,0.0017062500000000003,-0.02670625
KXAAAGASD-26MAY08-4.575,Economics,"(-0.001, 0.1]",1,0.09,0.0,-0.10999999999999999,0.006853,-0.11685299999999998
KXAAAGASD-26MAY08-4.580,Economics,"(0.9, 1.0]",-1,0.9192,0.0,0.8992,0.0063447552,0.8928552448
KXAAAGASD-26MAY08-4.595,Economics,"(-0.001, 0.1]",1,0.01,0.0,-0.025,0.0017062500000000003,-0.02670625
KXAAAGASD-26MAY08-4.610,Economics,"(-0.001, 0.1]",1,0.0377,0.0,-0.0527,0.0034945897,-0.0561945897
KXAAAGASD-26MAY08-4.555,Economics,"(0.8, 0.9]",-1,0.85,0.0,0.83,0.009877000000000004,0.8201229999999999
KXNBATOTAL-26MAY07LALOKC-222,Sports,"(0.1, 0.2]",1,0.2,1.0,0.38,0.016492,0.363508
KXNBASPREAD-26MAY07LALOKC-OKC4,Sports,"(0.8, 0.9]",-1,0.81,1.0,-0.57,0.017157000000000002,-0.5871569999999999
KXMLBSPREAD-26MAY072210STLSD-SD3,Sports,"(0.2, 0.3]",-1,0.3,0.0,-0.125,0.0006930000000000006,-0.125693
KXMLBHR-26MAY072210STLSD-STLJWALKER18-1,Sports,"(0.1, 0.2]",1,0.1813,0.0,-0.2663,0.0136769017,-0.2799769017
KXNBAMENTION-26MAY07LALOKC-ALLE,Mentions,"(0.5, 0.6]",-1,0.51,0.0,0.030000000000000027,0.002037000000000002,0.027963000000000026
KXNBAMENTION-26MAY07LALOKC-GOAT,Mentions,"(0.2, 0.3]",-1,0.24,0.0,0.12,0.007392000000000001,0.112608
KXNBAMENTION-26MAY07LALOKC-NQE,Mentions,"(-0.001, 0.1]",1,0.01,0.0,-0.015,0.0010342500000000002,-0.01603425
KXMLBMENTION-26MAY07TBBOS-GRAN,Mentions,"(0.4, 0.5]",-1,0.45,0.0,-0.040000000000000036,0.0006930000000000006,-0.040693000000000035
KXMLBMENTION-26MAY07TBBOS-WHAT,Mentions,"(0.2, 0.3]",-1,0.27,0.0,-0.07499999999999996,0.0006930000000000006,-0.07569299999999995
KXMLBMENTION-26MAY07TBBOS-NQE,Mentions,"(-0.001, 0.1]",1,0.05,0.0,-0.54,0.017388,-0.557388
KXNBAMENTION-26MAY07CLEDET-ANKL,Mentions,"(0.5, 0.6]",-1,0.52,1.0,-0.96,0.002688000000000003,-0.962688
KXNBAMENTION-26MAY07CLEDET-MVP,Mentions,"(0.6, 0.7]",-1,0.6071,1.0,-0.8729,0.0077661913,-0.8806661913
KXNBAMENTION-26MAY07CLEDET-WING,Mentions,"(0.3, 0.4]",-1,0.39,0.0,-0.08999999999999986,0.0006930000000000006,-0.09069299999999986
KXNBAMENTION-26MAY07CLEDET-LITC,Mentions,"(0.7, 0.8]",-1,0.798,1.0,-0.31199999999999994,0.01502592,-0.32702591999999997
KXMLBMENTION-26MAY07STLSD-DOUB,Mentions,"(0.8, 0.9]",-1,0.82,1.0,-0.67,0.015477,-0.685477
KXMLBMENTION-26MAY07STLSD-BASE,Mentions,"(0.4, 0.5]",-1,0.5,0.0,0.010000000000000009,0.0006930000000000006,0.009307000000000008
KXMLBMENTION-26MAY07STLSD-PITC,Mentions,"(0.3, 0.4]",-1,0.4,0.0,-0.08999999999999986,0.0006930000000000006,-0.09069299999999986
KXMLBMENTION-26MAY07STLSD-WALK,Mentions,"(0.5, 0.6]",-1,0.52,1.0,-0.97,0.002037000000000002,-0.9720369999999999
KXMLBMENTION-26MAY07STLSD-NQE,Mentions,"(-0.001, 0.1]",1,0.01,0.0,-0.5,0.0175,-0.5175
KXATPMATCH-26MAY08KHASHE-SHE,Sports,"(0.2, 0.3]",-1,0.3,0.0,-0.1399999999999999,0.0006930000000000006,-0.1406929999999999
KXUE-CAN26APR-6.2,Economics,"(0.9, 1.0]",-1,0.92,1.0,-0.10499999999999993,0.006578249999999996,-0.11157824999999992
KXUE-CAN26APR-6.4,Economics,"(0.8, 0.9]",-1,0.9,1.0,-0.14999999999999997,0.008925,-0.15892499999999996
KXUE-CAN26APR-7.1,Economics,"(-0.001, 0.1]",1,0.07,0.0,-0.1,0.006300000000000001,-0.1063
KXPAYROLLS-26APR-T175000,Economics,"(-0.001, 0.1]",1,0.0866,0.0,-0.1016,0.0063894208,-0.1079894208
KXPAYROLLSREV-26MAY08-T100000,Economics,"(-0.001, 0.1]",1,0.1,0.0,-0.59,0.016933000000000004,-0.606933
KXPAYROLLS-26APR-T-75000,Economics,"(0.9, 1.0]",-1,0.98,1.0,-0.03500000000000003,0.002364250000000002,-0.037364250000000036
KXPAYROLLS-26APR-T-50000,Economics,"(0.8, 0.9]",-1,0.88,1.0,-0.13499999999999995,0.00817425,-0.14317424999999995
KXU3-26APR-T4.7,Economics,"(-0.001, 0.1]",1,0.01,0.0,-0.03,0.002037,-0.032036999999999996
KXU3-26APR-T4.8,Economics,"(-0.001, 0.1]",1,0.01,0.0,-0.03,0.002037,-0.032036999999999996
KXU3-26APR-T3.9,Economics,"(0.9, 1.0]",-1,0.99,1.0,-0.03999999999999998,0.0026879999999999986,-0.042687999999999976
KXU3-26APR-T4.6,Economics,"(-0.001, 0.1]",1,0.02,0.0,-0.05,0.0033250000000000003,-0.053325000000000004
KXU3-26APR-T4.0,Economics,"(0.9, 1.0]",-1,0.96,1.0,-0.09500000000000003,0.006018250000000002,-0.10101825000000003
KXU3-26APR-T4.3,Economics,"(0.4, 0.5]",-1,0.4821,0.0,0.43209999999999993,0.0171772713,0.4149227286999999
KXPAYROLLS-26APR-T150000,Economics,"(-0.001, 0.1]",1,0.06,0.0,-0.105,0.006578250000000001,-0.11157824999999999
KXU3-26APR-T4.1,Economics,"(0.8, 0.9]",-1,0.83,1.0,-0.22500000000000003,0.012206250000000002,-0.23720625000000004
KXPAYROLLS-26APR-T200000,Economics,"(-0.001, 0.1]",1,0.04,0.0,-0.055,0.0036382500000000004,-0.05863825
KXPAYROLLS-26APR-T-100000,Economics,"(0.9, 1.0]",-1,0.97,1.0,-0.040000000000000036,0.0026880000000000025,-0.04268800000000004
KXUSNFP-26MAY08-T240,Economics,"(-0.001, 0.1]",1,0.07,0.0,-0.1,0.006300000000000001,-0.1063
KXUSNFP-26MAY08-T220,Economics,"(-0.001, 0.1]",1,0.08,0.0,-0.11,0.0068530000000000015,-0.116853
KXUSNFP-26MAY08-T200,Economics,"(-0.001, 0.1]",1,0.09,0.0,-0.125,0.007656250000000001,-0.13265625
KXUSNFP-26MAY08-T100,Economics,"(0.4, 0.5]",-1,0.42,1.0,-0.625,0.01640625,-0.64140625
KXATPMATCH-26MAY08STRLEH-STR,Sports,"(0.1, 0.2]",1,0.1683,0.0,-0.6083,0.016678977700000003,-0.6249789777
KXATPMATCH-26MAY08RUUSVA-RUU,Sports,"(0.8, 0.9]",-1,0.9,1.0,-0.5399999999999999,0.017388000000000004,-0.5573879999999999
KXPRESSBRIEFINGCOUNT-26MAY-A1,Politics,"(0.8, 0.9]",-1,0.9,1.0,-0.12999999999999995,0.007916999999999999,-0.13791699999999996
KXXRP15M-26MAY081045-45,Crypto,"(0.2, 0.3]",-1,0.2268,1.0,-0.7782,0.012082333200000002,-0.7902823332
KXMLBMENTION-26MAY07STLSD-WHAT,Mentions,"(0.2, 0.3]",-1,0.26,0.0,0.025000000000000022,0.0017062500000000016,0.02329375000000002
KXMLBMENTION-26MAY07TBBOS-PITC,Mentions,"(0.3, 0.4]",-1,0.4,0.0,-0.08999999999999986,0.0006930000000000006,-0.09069299999999986
KXNASDAQ100U-26MAY08H1100-T28859.99,Financials,"(0.9, 1.0]",-1,0.92,1.0,-0.20999999999999996,0.011613,-0.22161299999999998
KXSOLD-26MAY0812-T88.9999,Crypto,"(0.2, 0.3]",-1,0.266,1.0,-1.009,0.0006930000000000006,-1.009693
KXINXU-26MAY08H1300-T7374.9999,Financials,"(0.9, 1.0]",-1,0.9101,1.0,-0.11489999999999995,0.007118859299999997,-0.12201885929999995
KXTRUMPMENTION-26MAY08-BLOC,Mentions,"(0.8, 0.9]",-1,0.88,0.0,0.44999999999999996,0.017325,0.432675
KXTRUMPMENTION-26MAY08-UKRA,Mentions,"(0.4, 0.5]",-1,0.4047,0.0,-0.025299999999999878,0.0006930000000000006,-0.025992999999999877
KXTRUMPMENTION-26MAY08-HANT,Mentions,"(0.9, 1.0]",-1,0.98,0.0,0.565,0.01720425,0.5477957499999999
KXTRUMPMENTION-26MAY08-NQE,Mentions,"(0.9, 1.0]",-1,0.91,0.0,0.48,0.017472,0.462528
KXTRUMPMENTION-26MAY08-HOTT,Mentions,"(0.7, 0.8]",-1,0.74,0.0,0.31000000000000005,0.014973000000000004,0.29502700000000004
KXINXU-26MAY08H1500-T7379.9999,Financials,"(0.9, 1.0]",-1,0.93,1.0,-0.08999999999999991,0.005732999999999996,-0.09573299999999992
KXCS2GAME-26MAY081500ISGMIBR.F-ISG,Sports,"(0.8, 0.9]",-1,0.82,1.0,-0.65,0.015925,-0.665925
KXWTASETWINNER-26MAY07SAKRYB-1-SAK,Sports,"(0.1, 0.2]",1,0.16,0.0,-0.65,0.015925,-0.665925
KXINXU-26MAY08H1600-T7174.9999,Financials,"(0.9, 1.0]",-1,0.99,1.0,-0.030000000000000027,0.002037000000000002,-0.03203700000000003
KXUSFLYCAN-26MAY08-T1900,Economics,"(0.8, 0.9]",-1,0.83,1.0,-0.655,0.015818250000000002,-0.6708182500000001
KXUSFLYCAN-26MAY08-T1600,Economics,"(0.9, 1.0]",-1,0.9189,1.0,-0.5660999999999999,0.017194155300000003,-0.5832941553
KXUSFLYCAN-26MAY08-T1700,Economics,"(0.9, 1.0]",-1,0.92,1.0,-0.565,0.017204250000000004,-0.58220425
KXUSFLYCAN-26MAY08-T1800,Economics,"(0.8, 0.9]",-1,0.8328,1.0,-0.6522,0.015878461200000003,-0.6680784612
KXUSFLYCAN-26MAY08-T2400,Economics,"(0.4, 0.5]",-1,0.4767,1.0,-1.0083,0.0006930000000000006,-1.008993
KXUSFLYCAN-26MAY08-T2800,Economics,"(0.8, 0.9]",-1,0.88,0.0,0.395,0.016728250000000004,0.37827175
KXDOTA2GAME-26MAY081400L1GAPARI-L1GA,Sports,"(0.1, 0.2]",1,0.14,0.0,-0.61,0.016653,-0.626653
KXTRUMPMENTION-26MAY07-NQE,Mentions,"(0.5, 0.6]",-1,0.6,1.0,-0.885,0.00712425,-0.8921242500000001
KXTRUFTSA-26MAY08-T2850000,Economics,"(-0.001, 0.1]",1,0.01,0.0,-0.46,0.017388000000000004,-0.47738800000000003
KXTRUFTSA-26MAY08-T2550000,Economics,"(0.9, 1.0]",-1,0.9556,1.0,-0.2444,0.012926804800000002,-0.25732680480000003
KXTRUFTSA-26MAY08-T2950000,Economics,"(-0.001, 0.1]",1,0.01,0.0,-0.385,0.016574250000000002,-0.40157425
KXTRUFTSA-26MAY08-T2050000,Economics,"(0.9, 1.0]",-1,0.99,1.0,-0.41000000000000003,0.016933,-0.426933
KXTRUEV-26MAY08-T1299.69,Economics,"(-0.001, 0.1]",1,0.06,0.0,-0.5549999999999999,0.017288250000000005,-0.5722882499999999
KXTRUEV-26MAY08-T1289.69,Economics,"(-0.001, 0.1]",1,0.06,0.0,-0.55,0.017325,-0.5673250000000001
KXTRUEV-26MAY08-T1269.69,Economics,"(0.4, 0.5]",-1,0.47,0.0,-0.02499999999999991,0.0006930000000000006,-0.02569299999999991
KXTRUEV-26MAY08-T1229.69,Economics,"(0.9, 1.0]",-1,0.9367,1.0,-0.5533,0.0173011377,-0.5706011377
KXTRUEV-26MAY08-T1219.69,Economics,"(0.9, 1.0]",-1,0.99,1.0,-0.5,0.0175,-0.5175
KXMLBHR-26MAY081810HOUCIN-CINNLOWE31-1,Sports,"(0.1, 0.2]",1,0.18,0.0,-0.215,0.011814250000000002,-0.22681425
KXPGAMAKECUT-ONMBC26-BKOE,Sports,"(0.7, 0.8]",-1,0.7999,1.0,-0.6800999999999999,0.015229479300000003,-0.6953294792999999
KXNBASPREAD-26MAY08NYKPHI-PHI14,Sports,"(0.1, 0.2]",1,0.15,0.0,-0.245,0.012948250000000001,-0.25794825
KXMLBHIT-26MAY081907LAATOR-TORVGUERRERO27-2,Sports,"(0.2, 0.3]",-1,0.3,0.0,-0.19499999999999984,0.0006930000000000006,-0.19569299999999984
KXBTCD-26MAY0822-T80299.99,Crypto,"(0.2, 0.3]",-1,0.2567,1.0,-0.7483000000000001,0.013184297699999998,-0.7614842977
KXNBAPTS-26MAY08NYKPHI-PHITMAXEY0-35,Sports,"(0.1, 0.2]",1,0.14,0.0,-0.635,0.016224250000000003,-0.6512242500000001
KXMLBHR-26MAY081940DETKC-DETSTORKELSON20-1,Sports,"(0.1, 0.2]",1,0.15,0.0,-0.22999999999999998,0.012397,-0.24239699999999997
KXMLBHIT-26MAY081940DETKC-KCMMASSEY19-1,Sports,"(0.5, 0.6]",-1,0.57,1.0,-0.47500000000000003,0.017456250000000003,-0.49245625000000004
KXMLBMENTION-26MAY08MINCLE-DOUB,Mentions,"(0.8, 0.9]",-1,0.82,1.0,-0.665,0.01559425,-0.6805942500000001
KXMLBMENTION-26MAY08MINCLE-NQE,Mentions,"(-0.001, 0.1]",1,0.01,0.0,-0.49,0.017493,-0.507493
KXMLBMENTION-26MAY08MINCLE-BULL,Mentions,"(0.8, 0.9]",-1,0.885,1.0,-0.6,0.016800000000000002,-0.6168
KXNCAABBGAME-26MAY081900DBDGET-DBD,Sports,"(0.1, 0.2]",1,0.12,0.0,-0.31,0.014972999999999998,-0.324973
KXCHEXPORTS-26MAY08-T10,Economics,"(0.4, 0.5]",-1,0.49,1.0,-0.98,0.0013720000000000015,-0.981372
KXCHEXPORTS-26MAY08-T14,Economics,"(0.4, 0.5]",-1,0.49,1.0,-1.005,0.0006930000000000006,-1.005693
KXCHTRADEBAL-26MAY08-T40.0,Economics,"(0.9, 1.0]",-1,0.94,1.0,-0.555,0.01728825,-0.57228825
KXCHTRADEBAL-26MAY08-T130.0,Economics,"(-0.001, 0.1]",1,0.07,0.0,-0.565,0.017204250000000004,-0.58220425
KXCHEXPORTS-26MAY08-T8,Economics,"(0.4, 0.5]",-1,0.49,1.0,-0.98,0.0013720000000000015,-0.981372
KXMLBTEAMTOTAL-26MAY082005CHCTEX-TEX7,Sports,"(0.2, 0.3]",-1,0.22,0.0,-0.18000000000000016,0.0006930000000000006,-0.18069300000000016
KXNHLGOAL-26MAY08MTLBUF-BUFBBYRAM4-1,Sports,"(0.1, 0.2]",1,0.14,0.0,-0.625,0.01640625,-0.64140625
KXUSLGAME-26MAY08CSSOC-CSS,Sports,"(0.5, 0.6]",-1,0.57,0.0,0.08999999999999997,0.0057329999999999985,0.08426699999999997
KXAAAGASD-26MAY09-4.585,Economics,"(-0.001, 0.1]",1,0.06,0.0,-0.5549999999999999,0.017288250000000005,-0.5722882499999999
KXAAAGASD-26MAY09-4.515,Economics,"(0.9, 1.0]",-1,0.99,1.0,-0.505,0.017498250000000003,-0.52249825
KXAAAGASD-26MAY09-4.520,Economics,"(-0.001, 0.1]",1,0.01,1.0,0.495,0.017498250000000003,0.47750175
KXAAAGASD-26MAY09-4.510,Economics,"(0.9, 1.0]",-1,0.99,1.0,-0.505,0.017498250000000003,-0.52249825
KXAAAGASD-26MAY09-4.530,Economics,"(0.8, 0.9]",-1,0.81,0.0,0.31500000000000006,0.015104250000000003,0.29989575000000007
KXAAAGASD-26MAY09-4.525,Economics,"(0.9, 1.0]",-1,0.91,1.0,-0.585,0.016994250000000002,-0.60199425
KXAAAGASD-26MAY09-4.550,Economics,"(-0.001, 0.1]",1,0.1,0.0,-0.595,0.01686825,-0.61186825
KXAAAGASD-26MAY09-4.555,Economics,"(-0.001, 0.1]",1,0.0912,0.0,-0.5862,0.0169798692,-0.6031798692000001
KXAAAGASD-26MAY09-4.560,Economics,"(-0.001, 0.1]",1,0.03,0.0,-0.525,0.017456250000000003,-0.54245625
KXMLBMENTION-26MAY08STLSD-TRIP,Mentions,"(0.8, 0.9]",-1,0.82,1.0,-0.665,0.01559425,-0.6805942500000001
KXMLBMENTION-26MAY08STLSD-BULL,Mentions,"(0.9, 1.0]",-1,0.917,1.0,-0.568,0.017176320000000005,-0.58517632
KXMLBMENTION-26MAY08STLSD-PETC,Mentions,"(0.8, 0.9]",-1,0.82,1.0,-0.665,0.01559425,-0.6805942500000001
KXMLBMENTION-26MAY08STLSD-WHAT,Mentions,"(0.3, 0.4]",-1,0.375,0.0,-0.10999999999999988,0.0006930000000000006,-0.11069299999999987
KXMLBHIT-26MAY082210ATLLAD-ATLMOLSON28-2,Sports,"(0.2, 0.3]",-1,0.23,0.0,-0.2650000000000001,0.0006930000000000006,-0.2656930000000001
KXMLBHIT-26MAY082210ATLLAD-LADWSMITH16-2,Sports,"(0.2, 0.3]",-1,0.22,0.0,0.16999999999999993,0.009876999999999999,0.16012299999999993
KXNBAMENTION-26MAY08NYKPHI-RETI,Mentions,"(0.2, 0.3]",-1,0.2742,0.0,-0.20579999999999998,0.0006930000000000006,-0.20649299999999998
KXNBAMENTION-26MAY08SASMIN-BUZZ,Mentions,"(0.2, 0.3]",-1,0.215,0.0,-0.2650000000000001,0.0006930000000000006,-0.2656930000000001
KXNBAMENTION-26MAY08SASMIN-RETI,Mentions,"(0.2, 0.3]",-1,0.21,0.0,-0.27,0.0006930000000000006,-0.270693
KXNBAMENTION-26MAY08SASMIN-WING,Mentions,"(0.7, 0.8]",-1,0.74,0.0,0.26,0.013468000000000003,0.246532
KXNBAMENTION-26MAY08SASMIN-NQE,Mentions,"(-0.001, 0.1]",1,0.01,0.0,-0.015,0.0010342500000000002,-0.01603425
KXMLBHR-26MAY081905ATHBAL-ATHNKURTZ16-1,Sports,"(0.2, 0.3]",-1,0.2457,0.0,0.13570000000000004,0.008209985700000004,0.12749001430000004
KXMLBHR-26MAY081905ATHBAL-ATHCCORTES26-1,Sports,"(0.1, 0.2]",1,0.14,0.0,-0.19,0.010773000000000001,-0.200773
KXMLBTB-26MAY081910WSHMIA-WSHCABRAMS5-4,Sports,"(0.1, 0.2]",1,0.15,0.0,-0.645,0.01602825,-0.66102825
KXITFWMATCH-26MAY09MIKCHA-MIK,Sports,"(0.7, 0.8]",-1,0.8,1.0,-0.69,0.014973000000000004,-0.704973
KXWTAMATCH-26MAY08GAUSIE-GAU,Sports,"(0.9, 1.0]",-1,0.9325,1.0,-0.49250000000000005,0.0174960625,-0.5099960625000001
KXWTACHALLENGERMATCH-26MAY09VEKMAR-VEK,Sports,"(0.7, 0.8]",-1,0.77,1.0,-0.69,0.014973000000000004,-0.704973
KXMLBMENTION-26MAY08STLSD-WILD,Mentions,"(0.5, 0.6]",-1,0.6,0.0,0.2749999999999999,0.013956249999999998,0.2610437499999999
KXBTC-26MAY0913-B80650,Crypto,"(0.2, 0.3]",-1,0.24,1.0,-0.935,0.004254249999999997,-0.9392542500000001
KXDOGE15M-26MAY091700-00,Crypto,"(0.2, 0.3]",-1,0.3,0.0,0.28,0.014112000000000001,0.265888
KXWTAMATCH-26MAY09BENKAL-BEN,Sports,"(0.7, 0.8]",-1,0.73,0.0,0.585,0.016994250000000002,0.56800575
KXNBATOTAL-26MAY09DETCLE-202,Sports,"(0.7, 0.8]",-1,0.77,1.0,-0.61,0.016653,-0.626653
KXBNB15M-26MAY091800-00,Crypto,"(0.2, 0.3]",-1,0.26,1.0,-0.87,0.007917,-0.877917
KXMLBTOTAL-26MAY091507LAATOR-3,Sports,"(0.9, 1.0]",-1,0.92,1.0,-0.57,0.017157000000000002,-0.5871569999999999
KXMLBTOTAL-26MAY091507LAATOR-17,Sports,"(0.1, 0.2]",1,0.1326,0.0,-0.5276000000000001,0.0174466768,-0.5450466768000001
KXUFCMOV-26MAY09SABGOM-GOMKOTKODQ,Sports,"(0.1, 0.2]",1,0.16,0.0,-0.555,0.01728825,-0.57228825
KXNBAAST-26MAY09DETCLE-CLEDMITCHELL45-4,Sports,"(0.5, 0.6]",-1,0.59,1.0,-0.9,0.0063,-0.9063
KXMLBMENTION-26MAY09HOUCIN-TRAD,Mentions,"(0.6, 0.7]",-1,0.7,1.0,-0.785,0.01181425,-0.7968142500000001
KXMLBMENTION-26MAY09HOUCIN-OHTA,Mentions,"(0.2, 0.3]",-1,0.21,1.0,-1.275,0.0006930000000000006,-1.275693
KXMLBMENTION-26MAY09HOUCIN-BULL,Mentions,"(0.9, 1.0]",-1,0.96,1.0,-0.525,0.017456250000000003,-0.54245625
KXMLBMENTION-26MAY09HOUCIN-NQE,Mentions,"(-0.001, 0.1]",1,0.01,0.0,-0.495,0.01749825,-0.51249825
KXMLBHIT-26MAY091605ATHBAL-ATHCCORTES26-2,Sports,"(0.2, 0.3]",-1,0.24,0.0,0.19500000000000006,0.010988250000000005,0.18401175000000006
KXBNB15M-26MAY091915-15,Crypto,"(0.2, 0.3]",-1,0.2639,0.0,0.12890000000000001,0.0078599353,0.12104006470000002
KXMLBHRR-26MAY091507LAATOR-TORKOKAMOTO7-2,Sports,"(0.5, 0.6]",-1,0.55,1.0,-0.5199999999999999,0.017472,-0.537472
KXBNB15M-26MAY092015-15,Crypto,"(0.2, 0.3]",-1,0.2618,0.0,0.25680000000000003,0.013359763200000001,0.24344023680000001
KXNWSLGAME-26MAY09GOTBOS-GOT,Sports,"(0.8, 0.9]",-1,0.81,0.0,0.7050000000000001,0.014558250000000003,0.6904417500000001
KXBNB15M-26MAY092100-00,Crypto,"(0.2, 0.3]",-1,0.2984,0.0,0.1884,0.0107033808,0.17769661920000002
KXMLBHR-26MAY091805COLPHI-PHIAGARCA53-1,Sports,"(0.1, 0.2]",1,0.16,0.0,-0.195,0.010988250000000001,-0.20598825
KXMLBMENTION-26MAY09HOUCIN-WILD,Mentions,"(0.3, 0.4]",-1,0.31,0.0,-0.17499999999999982,0.0006930000000000006,-0.17569299999999982
KXMLBHRR-26MAY091805COLPHI-COLEJULIEN6-1,Sports,"(0.9, 1.0]",-1,0.99,1.0,-0.375,0.01640625,-0.39140625
KXMLBTOTAL-26MAY091910DETKC-14,Sports,"(0.2, 0.3]",-1,0.21,0.0,-0.18500000000000005,0.0006930000000000006,-0.18569300000000005
KXMLBHIT-26MAY091910DETKC-DETKCARPENTER30-1,Sports,"(0.5, 0.6]",-1,0.59,1.0,-0.88,0.007392000000000001,-0.887392
KXNHLGOAL-26MAY09CARPHI-PHITKONECNY11-1,Sports,"(0.2, 0.3]",-1,0.24,0.0,-0.24,0.0006930000000000006,-0.240693
KXMLBGAME-26MAY091915NYMAZ-AZ,Sports,"(0.5, 0.6]",-1,0.54,1.0,-0.74,0.013468000000000003,-0.753468
KXMLBSPREAD-26MAY091910SEACWS-CWS6,Sports,"(0.2, 0.3]",-1,0.265,0.0,0.20500000000000007,0.011408250000000003,0.19359175000000006
KXMLBHIT-26MAY091915STLSD-STLIHERRERA48-2,Sports,"(0.2, 0.3]",-1,0.25,1.0,-0.795,0.011408249999999998,-0.80640825
KXMLBHRR-26MAY091915STLSD-STLABURLESON41-2,Sports,"(0.5, 0.6]",-1,0.54,0.0,0.27,0.013797000000000002,0.256203
KXNBASPREAD-26MAY09OKCLAL-OKC23,Sports,"(0.1, 0.2]",1,0.12,0.0,-0.49,0.017493,-0.507493
KXMLBTOTAL-26MAY091810MINCLE-3,Sports,"(0.9, 1.0]",-1,0.98,1.0,-0.51,0.017493,-0.527493
KXAAAGASD-26MAY10-4.510,Economics,"(0.9, 1.0]",-1,0.92,1.0,-0.575,0.017106250000000003,-0.59210625
KXAAAGASD-26MAY10-4.515,Economics,"(0.9, 1.0]",-1,0.94,1.0,-0.555,0.01728825,-0.57228825
KXAAAGASD-26MAY10-4.495,Economics,"(0.9, 1.0]",-1,0.99,1.0,-0.505,0.017498250000000003,-0.52249825
KXAAAGASD-26MAY10-4.545,Economics,"(-0.001, 0.1]",1,0.06,0.0,-0.5549999999999999,0.017288250000000005,-0.5722882499999999
KXAAAGASD-26MAY10-4.500,Economics,"(0.9, 1.0]",-1,0.99,1.0,-0.505,0.017498250000000003,-0.52249825
KXAAAGASD-26MAY10-4.505,Economics,"(0.9, 1.0]",-1,0.99,1.0,-0.505,0.017498250000000003,-0.52249825
KXAAAGASD-26MAY10-4.540,Economics,"(-0.001, 0.1]",1,0.03,0.0,-0.525,0.017456250000000003,-0.54245625
KXMLBHRR-26MAY091810MINCLE-CLECDELAUTER24-2,Sports,"(0.5, 0.6]",-1,0.52,0.0,0.26,0.013468000000000003,0.246532
KXMLBHRR-26MAY091810MINCLE-MINMWALLNER38-1,Sports,"(0.5, 0.6]",-1,0.58,1.0,-0.905,0.006018249999999998,-0.91101825
KXMLBHIT-26MAY092105PITSF-PITBREYNOLDS10-2,Sports,"(0.2, 0.3]",-1,0.24,0.0,0.20499999999999996,0.011408249999999998,0.19359174999999995
KXLIGAMXGAME-26MAY09CRAATL-ATL,Sports,"(0.1, 0.2]",1,0.15,0.0,-0.63,0.016317,-0.646317
KXNBAMENTION-26MAY09OKCLAL-GOAT,Mentions,"(-0.001, 0.1]",1,0.07,0.0,-0.5549999999999999,0.017288250000000005,-0.5722882499999999
KXNBAMENTION-26MAY09OKCLAL-NQE,Mentions,"(-0.001, 0.1]",1,0.01,0.0,-0.015,0.0010342500000000002,-0.01603425
KXNBAMENTION-26MAY09DETCLE-INJU,Mentions,"(0.8, 0.9]",-1,0.875,0.0,0.39,0.016653,0.373347
KXNBAMENTION-26MAY09DETCLE-JORD,Mentions,"(0.3, 0.4]",-1,0.37,0.0,-0.10999999999999988,0.0006930000000000006,-0.11069299999999987
KXNBAMENTION-26MAY09DETCLE-NQE,Mentions,"(-0.001, 0.1]",1,0.01,0.0,-0.015,0.0010342500000000002,-0.01603425
KXBTC-26MAY1005-B80650,Crypto,"(0.2, 0.3]",-1,0.28,0.0,0.06000000000000005,0.003948000000000004,0.056052000000000046
KXFIGHTMENTION-26MAY09CHISTR-DANA,Mentions,"(0.2, 0.3]",-1,0.28,0.0,-0.16999999999999993,0.0006930000000000006,-0.17069299999999993
KXFIGHTMENTION-26MAY09CHISTR-CHAM,Mentions,"(0.7, 0.8]",-1,0.8,1.0,-0.6499999999999999,0.015925000000000005,-0.6659249999999999
KXFIGHTMENTION-26MAY09CHISTR-TIRE,Mentions,"(0.7, 0.8]",-1,0.8,1.0,-0.6499999999999999,0.015925000000000005,-0.6659249999999999
KXFIGHTMENTION-26MAY09VANTAI-CHAM,Mentions,"(0.7, 0.8]",-1,0.8,1.0,-0.45499999999999996,0.017358250000000002,-0.47235825
KXFIGHTMENTION-26MAY09VANTAI-WHAT,Mentions,"(0.2, 0.3]",-1,0.28,1.0,-1.165,0.0006930000000000006,-1.165693
KXFIGHTMENTION-26MAY09VANTAI-LIGH,Mentions,"(-0.001, 0.1]",1,0.1,0.0,-0.545,0.01735825,-0.5623582500000001
KXMLBMENTION-26MAY09STLSD-DOUB,Mentions,"(0.8, 0.9]",-1,0.82,1.0,-0.665,0.01559425,-0.6805942500000001
KXMLBMENTION-26MAY09STLSD-NQE,Mentions,"(-0.001, 0.1]",1,0.01,0.0,-0.495,0.01749825,-0.51249825
KXMLBMENTION-26MAY09STLSD-PETC,Mentions,"(0.8, 0.9]",-1,0.84,1.0,-0.645,0.01602825,-0.66102825
KXMLBMENTION-26MAY09NYMAZ-DOUB,Mentions,"(0.8, 0.9]",-1,0.838,1.0,-0.647,0.01598737,-0.66298737
KXMLBMENTION-26MAY09NYMAZ-MVP,Mentions,"(0.6, 0.7]",-1,0.7,1.0,-0.785,0.01181425,-0.7968142500000001
KXMLBMENTION-26MAY09NYMAZ-BULL,Mentions,"(0.9, 1.0]",-1,0.96,1.0,-0.525,0.017456250000000003,-0.54245625
KXMLBMENTION-26MAY09NYMAZ-NQE,Mentions,"(-0.001, 0.1]",1,0.01,0.0,-0.495,0.01749825,-0.51249825
KXTRUMPACT-26MAY03-T2,Politics,"(0.9, 1.0]",-1,0.95,1.0,-0.08500000000000002,0.005444250000000002,-0.09044425000000002
KXTRUMPACT-26MAY03-T3,Politics,"(0.9, 1.0]",-1,0.92,1.0,-0.11999999999999994,0.0073919999999999975,-0.12739199999999995
KXTRUMPACT-26MAY03-T4,Politics,"(0.9, 1.0]",-1,0.93,1.0,-0.10999999999999993,0.006852999999999997,-0.11685299999999993
KXTRUMPACT-26MAY03-T5,Politics,"(0.8, 0.9]",-1,0.8604,0.0,0.8304,0.009858508799999999,0.8205414912
KXTRUMPENDORSEMENTS-26MAY09-A5,Politics,"(0.8, 0.9]",-1,0.87,0.0,0.8300000000000001,0.009877000000000002,0.820123
KXTRUMPENDORSEMENTS-26MAY09-A3,Politics,"(0.9, 1.0]",-1,0.94,0.0,0.8999999999999999,0.006300000000000002,0.8936999999999999
KXTRUMPACT-26MAY03-T1,Politics,"(0.9, 1.0]",-1,0.99,1.0,-0.030000000000000027,0.002037000000000002,-0.03203700000000003
KXBTC-26MAY1010-B81050,Crypto,"(0.2, 0.3]",-1,0.2698,0.0,0.12980000000000003,0.007906637200000002,0.12189336280000003
KXDENSUPERLIGAGAME-26MAY10SILFCC-FCC,Sports,"(0.5, 0.6]",-1,0.52,1.0,-0.5549999999999999,0.017288250000000005,-0.5722882499999999
KXSNLMENTION-26MAY09-TRUM,Mentions,"(0.5, 0.6]",-1,0.51,0.0,0.06000000000000005,0.003948000000000004,0.056052000000000046
KXSNLMENTION-26MAY09-BENA,Mentions,"(0.6, 0.7]",-1,0.6176,0.0,0.16759999999999997,0.0097657168,0.15783428319999998
KXSNLMENTION-26MAY09-GOOD,Mentions,"(0.5, 0.6]",-1,0.51,0.0,0.06000000000000005,0.003948000000000004,0.056052000000000046
KXSNLMENTION-26MAY09-BOST,Mentions,"(0.5, 0.6]",-1,0.5098,0.0,0.059800000000000075,0.003935677200000005,0.055864322800000074
KXSNLMENTION-26MAY09-JASO,Mentions,"(0.4, 0.5]",-1,0.5,0.0,0.050000000000000044,0.0033250000000000033,0.04667500000000004
KXMLBMENTION-26MAY09NYMAZ-TRAD,Mentions,"(0.8, 0.9]",-1,0.82,1.0,-0.66,0.015708,-0.675708
KXMTPMENTION-26MAY10-DEMO,Mentions,"(0.7, 0.8]",-1,0.8,0.0,0.3500000000000001,0.015925000000000005,0.33407500000000007
KXMTPMENTION-26MAY10-IRAN,Mentions,"(0.4, 0.5]",-1,0.4933,0.0,0.043300000000000116,0.002899757700000008,0.04040024230000011
KXMTPMENTION-26MAY10-REPU,Mentions,"(0.8, 0.9]",-1,0.89,0.0,0.43999999999999995,0.017248,0.42275199999999996
KXMTPMENTION-26MAY10-AFFO,Mentions,"(0.4, 0.5]",-1,0.4067,0.0,-0.043299999999999894,0.0006930000000000006,-0.04399299999999989
KXMTPMENTION-26MAY10-2028,Mentions,"(0.4, 0.5]",-1,0.496,0.0,0.04600000000000004,0.003071880000000003,0.042928120000000035
KXMTPMENTION-26MAY10-RACI,Mentions,"(0.4, 0.5]",-1,0.4016,0.0,-0.0484,0.0006930000000000006,-0.049093
KXFIGHTMENTION-26MAY09VANTAI-DANA,Mentions,"(0.3, 0.4]",-1,0.4,0.0,-0.050000000000000044,0.0006930000000000006,-0.050693000000000044
KXFTNMENTION-26MAY10-NUCL,Mentions,"(0.8, 0.9]",-1,0.9,1.0,-0.55,0.017325,-0.5673250000000001
KXFTNMENTION-26MAY10-HORM,Mentions,"(0.8, 0.9]",-1,0.9,1.0,-0.55,0.017325,-0.5673250000000001
KXFTNMENTION-26MAY10-NQE,Mentions,"(-0.001, 0.1]",1,0.0747,0.0,-0.5247,0.0174572937,-0.5421572937000001
KXFTNMENTION-26MAY10-TRUM,Mentions,"(0.8, 0.9]",-1,0.9,0.0,0.44999999999999996,0.017325,0.432675
KXMLBMENTION-26MAY09STLSD-TRIP,Mentions,"(0.7, 0.8]",-1,0.8,1.0,-0.6799999999999999,0.015232000000000004,-0.695232
KXSNLMENTION-26MAY10-OIL,Mentions,"(0.8, 0.9]",-1,0.84,1.0,-0.6100000000000001,0.016652999999999998,-0.6266530000000001
KXSNLMENTION-26MAY10-NQE,Mentions,"(-0.001, 0.1]",1,0.01,0.0,-0.46,0.017388000000000004,-0.47738800000000003
KXSNLMENTION-26MAY10-AI,Mentions,"(0.8, 0.9]",-1,0.84,0.0,0.3899999999999999,0.016652999999999998,0.37334699999999993
KXSNLMENTION-26MAY10-BALL,Mentions,"(0.4, 0.5]",-1,0.49,0.0,0.04499999999999993,0.0030082499999999957,0.04199174999999993
KXSNLMENTION-26MAY10-ALIE,Mentions,"(0.8, 0.9]",-1,0.89,0.0,0.43999999999999995,0.017248,0.42275199999999996
KXTRUMPSAY-26MAY11-COMM,Mentions,"(0.4, 0.5]",-1,0.5,1.0,-0.5800000000000001,0.017052,-0.597052
KXTRUMPSAY-26MAY11-BARA,Mentions,"(0.9, 1.0]",-1,0.98,1.0,-0.040000000000000036,0.0026880000000000025,-0.04268800000000004
KXTRUMPSAY-26MAY11-TDS,Mentions,"(0.8, 0.9]",-1,0.9,1.0,-0.19499999999999995,0.010988249999999998,-0.20598824999999996
KXTRUMPSAY-26MAY11-MELA,Mentions,"(0.8, 0.9]",-1,0.85,1.0,-0.16000000000000003,0.009408000000000003,-0.16940800000000003
KXTRUMPSAY-26MAY11-TRAN,Mentions,"(0.6, 0.7]",-1,0.698,1.0,-0.36200000000000004,0.01616692,-0.3781669200000001
KXTRUMPSAY-26MAY11-HOTT,Mentions,"(0.8, 0.9]",-1,0.8926,1.0,-0.12240000000000006,0.007519276800000005,-0.12991927680000007
KXBUNDESLIGABTTS-26MAY10KOEFCH,Sports,"(0.5, 0.6]",-1,0.5848,1.0,-0.7502,0.013117997200000002,-0.7633179971999999
KXFIGHTMENTION-26MAY09CHISTR-WHAT,Mentions,"(0.2, 0.3]",-1,0.28,0.0,-0.16999999999999993,0.0006930000000000006,-0.17069299999999993
KXFIGHTMENTION-26MAY09CHISTR-PHIL,Mentions,"(0.4, 0.5]",-1,0.5,1.0,-0.95,0.0033250000000000033,-0.953325
KXMLBTEAMTOTAL-26MAY101215WSHMIA-MIA5,Sports,"(0.8, 0.9]",-1,0.8767,1.0,-0.6183,0.016520357700000002,-0.6348203577
KXNBATOPPICK-26-ATL,Sports,"(0.1, 0.2]",1,0.14,0.0,-0.15500000000000003,0.009168250000000003,-0.16416825000000002
KXMLBMENTION-26MAY10WSHMIA-TRIP,Mentions,"(0.8, 0.9]",-1,0.89,1.0,-0.595,0.01686825,-0.61186825
KXMLBMENTION-26MAY10WSHMIA-NQE,Mentions,"(-0.001, 0.1]",1,0.01,0.0,-0.495,0.01749825,-0.51249825
KXMLBHIT-26MAY101335COLPHI-COLETOVAR14-1,Sports,"(0.5, 0.6]",-1,0.56,1.0,-0.4799999999999999,0.017471999999999998,-0.4974719999999999
KXMLBHR-26MAY101410SEACWS-SEADCANZONE8-1,Sports,"(0.1, 0.2]",1,0.1559,0.0,-0.16590000000000002,0.0096864033,-0.17558640330000003
KXMLBKS-26MAY101340MINCLE-CLEGWILLIAMS32-6,Sports,"(0.7, 0.8]",-1,0.735,1.0,-0.75,0.013125000000000001,-0.763125
KXLALIGAGAME-26MAY10BARRMA-RMA,Sports,"(0.2, 0.3]",-1,0.28,0.0,0.24,0.012768,0.227232
KXBNB15M-26MAY101700-00,Crypto,"(0.2, 0.3]",-1,0.2519,0.0,0.10189999999999999,0.0064061473,0.09549385269999999
KXETH15M-26MAY101700-00,Crypto,"(0.2, 0.3]",-1,0.2423,0.0,0.22729999999999995,0.0122944297,0.21500557029999995
KXMLBGAME-26MAY101435CHCTEX-CHC,Sports,"(0.5, 0.6]",-1,0.55,0.0,0.27,0.013797000000000002,0.256203
KXMLBHRR-26MAY101410SEACWS-SEAJNAYLOR12-2,Sports,"(0.5, 0.6]",-1,0.55,1.0,-0.94,0.003948000000000004,-0.9439479999999999
KXBTCD-26MAY1018-T80999.99,Crypto,"(0.2, 0.3]",-1,0.2369,0.0,0.2319,0.0124685673,0.21943143269999998
KXNBATOTAL-26MAY10NYKPHI-245,Sports,"(0.1, 0.2]",1,0.17,1.0,0.44999999999999996,0.017325,0.432675
KXNBATOTAL-26MAY10NYKPHI-239,Sports,"(0.5, 0.6]",-1,0.59,1.0,-0.79,0.011613,-0.801613
KXPGATOP10-ONMBC26-BBRO,Sports,"(0.1, 0.2]",1,0.16,1.0,0.35,0.015925,0.33407499999999996
KXNBASPREAD-26MAY10NYKPHI-PHI17,Sports,"(0.1, 0.2]",1,0.11,0.0,-0.5,0.0175,-0.5175
KXNBAPLAYOFFWINS-26NYK-8,Sports,"(0.5, 0.6]",-1,0.59,1.0,-0.905,0.006018249999999998,-0.91101825
KXMLBHR-26MAY101610STLSD-SDJMERRILL3-1,Sports,"(0.1, 0.2]",1,0.16,0.0,-0.645,0.01602825,-0.66102825
KXMLBHR-26MAY101610STLSD-SDXBOGAERTS2-1,Sports,"(0.1, 0.2]",1,0.12,0.0,-0.155,0.00916825,-0.16416825
KXPGATOP5-TRC26-LABE,Sports,"(0.2, 0.3]",-1,0.28,0.0,0.10999999999999999,0.006853,0.10314699999999999
KXPGATOP10-TRC26-NHOJ,Sports,"(0.2, 0.3]",-1,0.24,1.0,-0.94,0.003948000000000004,-0.9439479999999999
KXPGATOP10-TRC26-ANOV,Sports,"(0.1, 0.2]",1,0.14,0.0,-0.26,0.013468,-0.273468
KXPGATOP20-TRC26-MMCC,Sports,"(0.2, 0.3]",-1,0.27,1.0,-0.79,0.011613,-0.801613
KXPGATOP20-TRC26-JROS,Sports,"(0.5, 0.6]",-1,0.52,0.0,0.42500000000000004,0.017106250000000003,0.40789375000000005
KXETHD-26MAY1020-T2399.99,Crypto,"(0.2, 0.3]",-1,0.2174,0.0,0.19740000000000002,0.011090326800000001,0.18630967320000003
KXMLBF5TOTAL-26MAY101920DETKC-6,Sports,"(0.5, 0.6]",-1,0.5617,1.0,-0.9283,0.0046591377,-0.9329591377
KXCHCPIYOY-26MAY10-T0.1,Economics,"(0.9, 1.0]",-1,0.97,1.0,-0.525,0.017456250000000003,-0.54245625
KXCHCPIYOY-26MAY10-T0.8,Economics,"(0.4, 0.5]",-1,0.5,1.0,-0.995,0.0006930000000000006,-0.995693
KXNBASERIESSPREAD-26PHINYKR2-NYK3,Sports,"(0.5, 0.6]",-1,0.6,1.0,-0.89,0.006853,-0.896853
KXMLBHR-26MAY101920DETKC-DETSTORKELSON20-1,Sports,"(0.1, 0.2]",1,0.15,0.0,-0.205,0.01140825,-0.21640825
KXLOLGAME-26MAY101900TLLY-TL,Sports,"(0.5, 0.6]",-1,0.59,0.0,0.5549999999999999,0.01728825,0.5377117499999999
KXTSAW-26MAY10-A2.40,Economics,"(0.8, 0.9]",-1,0.9,0.0,0.855,0.008678249999999998,0.84632175
KXAAAGASD-26MAY11-4.525,Economics,"(0.4, 0.5]",-1,0.42,0.0,-0.07500000000000018,0.0006930000000000006,-0.07569300000000018
KXTSAW-26MAY10-A2.50,Economics,"(-0.001, 0.1]",1,0.1,0.0,-0.14,0.008428000000000001,-0.148428
KXTSAW-26MAY10-A2.45,Economics,"(0.8, 0.9]",-1,0.8433,0.0,0.7533000000000001,0.013008737700000002,0.7402912623000001
KXAAAGASW-26MAY11-4.530,Economics,"(0.8, 0.9]",-1,0.81,0.0,0.40000000000000013,0.016800000000000002,0.38320000000000015
KXAAAGASD-26MAY11-4.510,Economics,"(0.9, 1.0]",-1,0.9843,1.0,-0.5107,0.0174919857,-0.5281919857
KXAAAGASD-26MAY11-4.550,Economics,"(-0.001, 0.1]",1,0.07,0.0,-0.565,0.017204250000000004,-0.58220425
KXAAAGASW-26MAY11-4.510,Economics,"(0.8, 0.9]",-1,0.82,1.0,-0.5900000000000001,0.016933,-0.6069330000000001
KXAAAGASW-26MAY11-4.460,Economics,"(0.8, 0.9]",-1,0.822,1.0,-0.36800000000000005,0.01628032,-0.38428032000000006
KXAAAGASW-26MAY11-4.560,Economics,"(0.8, 0.9]",-1,0.81,0.0,0.41000000000000003,0.016933000000000004,0.39306700000000006
KXAAAGASW-26MAY11-4.570,Economics,"(0.8, 0.9]",-1,0.82,0.0,0.4099999999999999,0.016933,0.39306699999999994
KXAAAGASW-26MAY11-4.580,Economics,"(0.8, 0.9]",-1,0.81,0.0,0.41000000000000003,0.016933000000000004,0.39306700000000006
KXAAAGASW-26MAY11-4.660,Economics,"(0.8, 0.9]",-1,0.81,0.0,0.655,0.015818250000000002,0.63918175
KXAAAGASW-26MAY11-4.540,Economics,"(0.4, 0.5]",-1,0.4153,0.0,0.04530000000000001,0.0030273537000000002,0.04227264630000001
KXAAAGASW-26MAY11-4.420,Economics,"(0.9, 1.0]",-1,0.93,1.0,-0.52,0.017472,-0.5374720000000001
KXAAAGASD-26MAY11-4.540,Economics,"(-0.001, 0.1]",1,0.02,0.0,-0.515,0.017484250000000003,-0.53248425
KXAAAGASW-26MAY11-4.400,Economics,"(0.9, 1.0]",-1,0.95,1.0,-0.51,0.017493,-0.527493
KXAAAGASW-26MAY11-4.380,Economics,"(0.9, 1.0]",-1,0.95,1.0,-0.51,0.017493,-0.527493
KXAAAGASW-26MAY11-4.360,Economics,"(0.8, 0.9]",-1,0.82,1.0,-0.65,0.015925,-0.665925
KXAAAGASW-26MAY11-4.340,Economics,"(0.8, 0.9]",-1,0.82,1.0,-0.65,0.015925,-0.665925
KXAAAGASD-26MAY11-4.485,Economics,"(0.9, 1.0]",-1,0.99,1.0,-0.505,0.017498250000000003,-0.52249825
KXAAAGASD-26MAY11-4.490,Economics,"(0.9, 1.0]",-1,0.99,1.0,-0.505,0.017498250000000003,-0.52249825
KXAAAGASD-26MAY11-4.495,Economics,"(0.9, 1.0]",-1,0.99,1.0,-0.505,0.017498250000000003,-0.52249825
KXAAAGASW-26MAY11-4.550,Economics,"(0.8, 0.9]",-1,0.82,0.0,0.4099999999999999,0.016933,0.39306699999999994
KXAAAGASD-26MAY11-4.515,Economics,"(0.8, 0.9]",-1,0.83,1.0,-0.665,0.01559425,-0.6805942500000001
KXAAAGASD-26MAY11-4.500,Economics,"(0.9, 1.0]",-1,0.95,1.0,-0.545,0.01735825,-0.5623582500000001
KXBOXING-26MAY10MONNYMAHMUT-MONNY,Sports,"(0.7, 0.8]",-1,0.74,0.0,0.33000000000000007,0.015477000000000003,0.31452300000000005
KXNETANYAHUMENTION-26MAY10-CEAS,Mentions,"(0.8, 0.9]",-1,0.9,1.0,-0.55,0.017325,-0.5673250000000001
KXNETANYAHUMENTION-26MAY10-HAMA,Mentions,"(0.8, 0.9]",-1,0.9,1.0,-0.55,0.017325,-0.5673250000000001
KXNETANYAHUMENTION-26MAY10-HORM,Mentions,"(0.8, 0.9]",-1,0.82,1.0,-0.6300000000000001,0.016317,-0.6463170000000001
KXNETANYAHUMENTION-26MAY10-NUCL,Mentions,"(0.8, 0.9]",-1,0.9,1.0,-0.55,0.017325,-0.5673250000000001
KXNETANYAHUMENTION-26MAY10-TRUM,Mentions,"(0.8, 0.9]",-1,0.9,0.0,0.44999999999999996,0.017325,0.432675
KXNETANYAHUMENTION-26MAY10-SUPR,Mentions,"(0.2, 0.3]",-1,0.2661,0.0,-0.18389999999999995,0.0006930000000000006,-0.18459299999999995
KXNETANYAHUMENTION-26MAY10-IRON,Mentions,"(0.2, 0.3]",-1,0.2448,0.0,-0.20520000000000005,0.0006930000000000006,-0.20589300000000005
KXNETANYAHUMENTION-26MAY10-NATO,Mentions,"(0.2, 0.3]",-1,0.2984,0.0,-0.15159999999999996,0.0006930000000000006,-0.15229299999999996
KXNBAMENTION-26MAY10SASMIN-INJU,Mentions,"(0.8, 0.9]",-1,0.85,1.0,-0.28500000000000003,0.014264250000000001,-0.29926425
KXNBAMENTION-26MAY10SASMIN-WING,Mentions,"(0.7, 0.8]",-1,0.74,0.0,0.26,0.013468000000000003,0.246532
KXNBAMENTION-26MAY10SASMIN-LEGA,Mentions,"(0.4, 0.5]",-1,0.44,0.0,-0.040000000000000036,0.0006930000000000006,-0.040693000000000035
KXNBAMENTION-26MAY10NYKPHI-JORD,Mentions,"(0.9, 1.0]",-1,0.9175,1.0,-0.5625,0.017226562500000004,-0.5797265625
KXEHSALES-26MAY11-T3.70,Economics,"(0.8, 0.9]",-1,0.89,1.0,-0.15999999999999998,0.009408000000000001,-0.16940799999999998
KXEHSALES-26MAY11-T3.90,Economics,"(0.4, 0.5]",-1,0.45,1.0,-0.6000000000000001,0.0168,-0.6168000000000001
KXEHSALES-26MAY11-T4.10,Economics,"(-0.001, 0.1]",1,0.09,0.0,-0.14,0.008428000000000001,-0.148428
KXTRUMPSAY-26MAY11-AUTI,Mentions,"(0.4, 0.5]",-1,0.5,1.0,-0.585,0.016994250000000002,-0.60199425
KXTRUMPSAY-26MAY11-EPST,Mentions,"(0.3, 0.4]",-1,0.38,0.0,0.275,0.013956250000000002,0.26104375
KXTRUMPSAY-26MAY11-KARO,Mentions,"(0.2, 0.3]",-1,0.2933,0.0,0.1633,0.0095643177,0.1537356823
KXTRUMPSAY-26MAY11-MARI,Mentions,"(0.5, 0.6]",-1,0.5082,0.0,0.3782,0.0164615332,0.3617384668
KXTRUMPSAY-26MAY11-THUG,Mentions,"(0.7, 0.8]",-1,0.74,1.0,-0.35000000000000003,0.015925,-0.36592500000000006
KXTRUMPSAY-26MAY11-URAN,Mentions,"(0.6, 0.7]",-1,0.69,0.0,0.5549999999999999,0.01728825,0.5377117499999999
KXTRUMPSAY-26MAY11-WARS,Mentions,"(0.2, 0.3]",-1,0.28,0.0,0.21500000000000008,0.011814250000000004,0.20318575000000008
KXTRUMPSAY-26MAY11-WHO,Mentions,"(0.5, 0.6]",-1,0.5543,0.0,0.4243,0.0170988657,0.4072011343
KXTRUMPSAY-26MAY11-WIND,Mentions,"(0.5, 0.6]",-1,0.55,0.0,0.41000000000000003,0.016933000000000004,0.39306700000000006
KXTRUMPSAY-26MAY11-DISC,Mentions,"(0.3, 0.4]",-1,0.35,0.0,0.31499999999999995,0.01510425,0.29989574999999996
KXTRUMPSAY-26MAY11-SLEE,Mentions,"(0.8, 0.9]",-1,0.9,1.0,-0.15499999999999997,0.00916825,-0.16416824999999996
KXMLBMENTION-26MAY10WSHMIA-BASE,Mentions,"(0.4, 0.5]",-1,0.5,1.0,-0.98,0.0013720000000000015,-0.981372
KXMLBMENTION-26MAY10DETKC-PINC,Mentions,"(0.6, 0.7]",-1,0.64,1.0,-0.845,0.009168250000000001,-0.85416825
KXMLBMENTION-26MAY10DETKC-GRAN,Mentions,"(0.4, 0.5]",-1,0.44,0.0,-0.04499999999999993,0.0006930000000000006,-0.04569299999999993
KXDOTA2GAME-26MAY110800PLAT1WIN-PLAT,Sports,"(0.7, 0.8]",-1,0.77,0.0,0.30000000000000004,0.014700000000000003,0.28530000000000005
KXEARNINGSMENTIONCRCL-26MAY11-TRAF,Mentions,"(0.5, 0.6]",-1,0.51,1.0,-0.875,0.007656250000000001,-0.88265625
KXEARNINGSMENTIONCRCL-26MAY11-TREA,Mentions,"(0.7, 0.8]",-1,0.8,1.0,-0.62,0.016492,-0.636492
KXPERSONMENTION-26MAY08-GOAT,Mentions,"(0.7, 0.8]",-1,0.75,1.0,-0.69,0.014973000000000004,-0.704973
KXHARTMENTION-26MAY10-SHAQ,Mentions,"(0.8, 0.9]",-1,0.9,1.0,-0.55,0.017325,-0.5673250000000001
KXHARTMENTION-26MAY10-PHIL,Mentions,"(0.4, 0.5]",-1,0.43,1.0,-1.02,0.0006930000000000006,-1.020693
KXATPCHALLENGERMATCH-26MAY11CECWEN-WEN,Sports,"(0.2, 0.3]",-1,0.26,0.0,-0.19999999999999996,0.0006930000000000006,-0.20069299999999995
KXTRUMPMENTION-26MAY11-NQE,Mentions,"(-0.001, 0.1]",1,0.05,0.0,-0.060000000000000005,0.003948,-0.063948
KXTRUMPMENTION-26MAY11-EGG,Mentions,"(0.6, 0.7]",-1,0.6363,0.0,0.5963,0.016850841700000004,0.5794491583000001
KXTRUMPMENTION-26MAY11-KARO,Mentions,"(0.6, 0.7]",-1,0.64,0.0,0.6000000000000001,0.016800000000000002,0.5832
KXINXU-26MAY11H1300-T7409.9999,Financials,"(0.9, 1.0]",-1,0.91,1.0,-0.11499999999999994,0.007124249999999997,-0.12212424999999993
KXTRUMPMENTION-26MAY11-OIL,Mentions,"(0.6, 0.7]",-1,0.6381,1.0,-0.4019,0.016826347300000002,-0.41872634729999997
KXTRUMPMENTION-26MAY11-IRAN,Mentions,"(0.8, 0.9]",-1,0.89,1.0,-0.14999999999999997,0.008925,-0.15892499999999996
KXTRUMPMENTION-26MAY11-HEAL,Mentions,"(0.8, 0.9]",-1,0.8408,1.0,-0.17919999999999997,0.010296115199999999,-0.18949611519999998
KXTRUMPMENTION-26MAY11-HOTT,Mentions,"(0.6, 0.7]",-1,0.64,1.0,-0.39999999999999997,0.016800000000000002,-0.41679999999999995
KXTRUMPMENTION-26MAY11-STOC,Mentions,"(0.4, 0.5]",-1,0.48,1.0,-0.56,0.017248,-0.5772480000000001
KXBNB15M-26MAY111530-30,Crypto,"(0.2, 0.3]",-1,0.27,1.0,-0.8799999999999999,0.007392000000000006,-0.8873919999999998
KXINXU-26MAY11H1600-T7199.9999,Financials,"(0.9, 1.0]",-1,0.96,1.0,-0.06000000000000005,0.003948000000000004,-0.06394800000000006
KXTRUMPMENTIONB-26MAY11-BIDE,Mentions,"(0.2, 0.3]",-1,0.24,0.0,0.19999999999999996,0.0112,0.18879999999999997
KXTRUMPMENTIONB-26MAY11-IRAN,Mentions,"(0.7, 0.8]",-1,0.76,1.0,-0.255,0.013298250000000001,-0.26829825
KXTRUMPMENTIONB-26MAY11-SABA,Mentions,"(0.2, 0.3]",-1,0.24,0.0,0.19999999999999996,0.0112,0.18879999999999997
KXTRUMPMENTIONB-26MAY11-KICK,Mentions,"(0.5, 0.6]",-1,0.56,0.0,0.52,0.017471999999999998,0.502528
KXTRUMPMENTIONB-26MAY11-RICH,Mentions,"(0.4, 0.5]",-1,0.44,0.0,0.3999999999999999,0.0168,0.38319999999999993
KXTRUMPMENTIONB-26MAY11-BALL,Mentions,"(0.6, 0.7]",-1,0.66,1.0,-0.36499999999999994,0.01622425,-0.38122424999999993
KXTRUMPMENTIONB-26MAY11-WORL,Mentions,"(0.4, 0.5]",-1,0.44,0.0,0.3999999999999999,0.0168,0.38319999999999993
KXTRUMPMEET-26MAY-BNET,Politics,"(0.8, 0.9]",-1,0.89,1.0,-0.14500000000000002,0.008678250000000002,-0.15367825000000002
KXTRUEV-26MAY11-T1200.90,Economics,"(0.9, 1.0]",-1,0.99,1.0,-0.505,0.017498250000000003,-0.52249825
KXTRUEV-26MAY11-T1210.90,Economics,"(0.9, 1.0]",-1,0.99,1.0,-0.505,0.017498250000000003,-0.52249825
KXTRUEV-26MAY11-T1220.90,Economics,"(0.8, 0.9]",-1,0.88,1.0,-0.61,0.016653,-0.626653
KXTRUEV-26MAY11-T1190.90,Economics,"(0.9, 1.0]",-1,0.99,1.0,-0.505,0.017498250000000003,-0.52249825
KXTRUEV-26MAY11-T1230.90,Economics,"(0.8, 0.9]",-1,0.89,1.0,-0.605,0.016728250000000004,-0.62172825
KXTRUEV-26MAY11-T1260.90,Economics,"(0.4, 0.5]",-1,0.48,1.0,-1.01,0.0006930000000000006,-1.010693
KXTRUEV-26MAY11-T1270.90,Economics,"(0.4, 0.5]",-1,0.5,1.0,-0.99,0.0006930000000000006,-0.990693
KXTRUEV-26MAY11-T1250.90,Economics,"(0.4, 0.5]",-1,0.5,1.0,-0.99,0.0006930000000000006,-0.990693
KXTRUEV-26MAY11-T1310.90,Economics,"(-0.001, 0.1]",1,0.0519,0.0,-0.5468999999999999,0.0173460273,-0.5642460273
KXTRUEV-26MAY11-T1320.90,Economics,"(-0.001, 0.1]",1,0.0805,0.0,-0.5755,0.0171009825,-0.5926009825
KXTRUEV-26MAY11-T1330.90,Economics,"(-0.001, 0.1]",1,0.07,0.0,-0.565,0.017204250000000004,-0.58220425
KXEARNINGSMENTIONHIMS-26MAY11-TEST,Mentions,"(0.8, 0.9]",-1,0.9,1.0,-0.29,0.014413,-0.304413
KXEARNINGSMENTIONHIMS-26MAY11-REGU,Mentions,"(0.8, 0.9]",-1,0.81,0.0,0.3700000000000001,0.016317,0.3536830000000001
KXJENSENMENTION-26MAY10-TRIL,Mentions,"(0.6, 0.7]",-1,0.6645,1.0,-0.7855000000000001,0.011794282499999998,-0.7972942825000001
KXJENSENMENTION-26MAY10-NQE,Mentions,"(0.8, 0.9]",-1,0.9,0.0,0.45500000000000007,0.017358250000000002,0.43764175000000005
KXJENSENMENTION-26MAY10-SPAC,Mentions,"(0.2, 0.3]",-1,0.2953,0.0,-0.15470000000000006,0.0006930000000000006,-0.15539300000000006
KXJENSENMENTION-26MAY10-CHIN,Mentions,"(0.2, 0.3]",-1,0.2417,0.0,-0.20829999999999993,0.0006930000000000006,-0.20899299999999993
KXPOLITICSMENTION-26MAY11-ASSA,Mentions,"(0.3, 0.4]",-1,0.4,0.0,-0.050000000000000044,0.0006930000000000006,-0.050693000000000044
KXCANDACEMENTION-26MAY11-AI,Mentions,"(0.4, 0.5]",-1,0.4556,1.0,-0.9944,0.0006930000000000006,-0.995093
KXCANDACEMENTION-26MAY11-IRAN,Mentions,"(0.6, 0.7]",-1,0.63,1.0,-0.8200000000000001,0.010331999999999997,-0.8303320000000001
KXCANDACEMENTION-26MAY11-ERIK,Mentions,"(0.8, 0.9]",-1,0.8283,1.0,-0.6216999999999999,0.0164632377,-0.6381632376999999
KXCANDACEMENTION-26MAY11-ISRA,Mentions,"(0.8, 0.9]",-1,0.82,0.0,0.3699999999999999,0.016317,0.35368299999999986
KXCANDACEMENTION-26MAY11-PROP,Mentions,"(0.5, 0.6]",-1,0.5136,0.0,0.06359999999999988,0.004168852799999992,0.05943114719999989
KXCANDACEMENTION-26MAY11-POPE,Mentions,"(0.6, 0.7]",-1,0.6389,0.0,0.18890000000000007,0.010725175300000004,0.17817482470000007
KXCANDACEMENTION-26MAY11-BLAC,Mentions,"(0.5, 0.6]",-1,0.56,0.0,0.1100000000000001,0.006853000000000006,0.10314700000000009
KXCANDACEMENTION-26MAY11-BLOC,Mentions,"(0.3, 0.4]",-1,0.3608,0.0,-0.08919999999999995,0.0006930000000000006,-0.08989299999999995
KXCS2TOTALMAPS-26MAY091000HAVUOME-3,Sports,"(0.8, 0.9]",-1,0.8334,1.0,-0.6666,0.015557110800000003,-0.6821571108
KXMLBHR-26MAY111835NYYBAL-NYYSJONES78-1,Sports,"(0.1, 0.2]",1,0.13,0.0,-0.20500000000000002,0.01140825,-0.21640825000000002
KXMLBHIT-26MAY111835NYYBAL-NYYAWELLS28-2,Sports,"(0.1, 0.2]",1,0.15,0.0,-0.235,0.01258425,-0.24758424999999998
KXMLBHIT-26MAY111810LAACLE-CLEDFRY6-1,Sports,"(0.5, 0.6]",-1,0.53,1.0,-0.5249999999999999,0.017456250000000003,-0.5424562499999999
KXMLBTB-26MAY111835NYYBAL-NYYAJUDGE99-2,Sports,"(0.5, 0.6]",-1,0.52,1.0,-0.975,0.0017062500000000016,-0.97670625
KXMLBTOTAL-26MAY111907TBTOR-11,Sports,"(0.2, 0.3]",-1,0.23,1.0,-1.165,0.0006930000000000006,-1.165693
KXMLBHR-26MAY111907TBTOR-TORJSNCHEZ12-1,Sports,"(0.1, 0.2]",1,0.13,0.0,-0.62,0.016492,-0.636492
KXMLBHRR-26MAY111907TBTOR-TBCMULLINS31-1,Sports,"(0.5, 0.6]",-1,0.57,0.0,0.19499999999999995,0.01098825,0.18401174999999995
KXMLBTOTAL-26MAY112010SEAHOU-6,Sports,"(0.7, 0.8]",-1,0.78,0.0,0.6200000000000001,0.016492000000000003,0.6035080000000002
KXMLBSPREAD-26MAY112010SEAHOU-HOU3,Sports,"(0.1, 0.2]",1,0.19,0.0,-0.595,0.01686825,-0.61186825
KXNHLSERIESSPREAD-26MINCOLR2-MIN2,Sports,"(0.2, 0.3]",-1,0.3,0.0,-0.18999999999999995,0.0006930000000000006,-0.19069299999999995
KXMLBMENTION-26MAY11SEAHOU-DOUB,Mentions,"(0.8, 0.9]",-1,0.82,1.0,-0.665,0.01559425,-0.6805942500000001
KXTRUMPSAYMONTH-26JUN01-DEI,Mentions,"(0.8, 0.9]",-1,0.89,1.0,-0.195,0.010988250000000001,-0.20598825
KXTRUMPSAYMONTH-26JUN01-FAT,Mentions,"(0.8, 0.9]",-1,0.88,1.0,-0.32,0.015232,-0.33523200000000003
KXAAAGASD-26MAY12-4.510,Economics,"(0.8, 0.9]",-1,0.9,0.0,0.41000000000000003,0.016933000000000004,0.39306700000000006
KXAAAGASD-26MAY12-4.525,Economics,"(0.4, 0.5]",-1,0.4894,0.0,-0.0005999999999999339,0.0006930000000000006,-0.0012929999999999344
KXAAAGASD-26MAY12-4.540,Economics,"(-0.001, 0.1]",1,0.02,0.0,-0.515,0.017484250000000003,-0.53248425
KXAAAGASD-26MAY12-4.560,Economics,"(-0.001, 0.1]",1,0.01,0.0,-0.505,0.017498250000000003,-0.52249825
KXAAAGASD-26MAY12-4.555,Economics,"(-0.001, 0.1]",1,0.094,0.0,-0.589,0.016945530000000004,-0.60594553
KXAAAGASD-26MAY12-4.550,Economics,"(-0.001, 0.1]",1,0.08,0.0,-0.575,0.017106250000000003,-0.59210625
KXAAAGASD-26MAY12-4.545,Economics,"(-0.001, 0.1]",1,0.1,0.0,-0.595,0.01686825,-0.61186825
KXAAAGASD-26MAY12-4.485,Economics,"(0.9, 1.0]",-1,0.99,1.0,-0.505,0.017498250000000003,-0.52249825
KXAAAGASD-26MAY12-4.490,Economics,"(0.9, 1.0]",-1,0.99,1.0,-0.505,0.017498250000000003,-0.52249825
KXAAAGASD-26MAY12-4.495,Economics,"(0.9, 1.0]",-1,0.99,1.0,-0.505,0.017498250000000003,-0.52249825
KXAAAGASD-26MAY12-4.505,Economics,"(0.9, 1.0]",-1,0.91,0.0,0.41500000000000004,0.016994250000000002,0.39800575000000005
KXAAAGASD-26MAY12-4.500,Economics,"(0.9, 1.0]",-1,0.99,1.0,-0.505,0.017498250000000003,-0.52249825
KXTRUMPSAYMONTH-26JUN01-GOLD,Mentions,"(0.8, 0.9]",-1,0.9,1.0,-0.36,0.016128,-0.37612799999999996
KXTRUMPSAYMONTH-26JUN01-MOON,Mentions,"(0.4, 0.5]",-1,0.4949,1.0,-0.7201,0.014108919300000002,-0.7342089193
KXTRUMPSAYMONTH-26JUN01-UFO,Mentions,"(0.4, 0.5]",-1,0.5,1.0,-0.67,0.015477,-0.685477
KXTRUMPSAYNICKNAME-26JUL01-FAT,Mentions,"(0.4, 0.5]",-1,0.46,1.0,-0.775,0.01220625,-0.78720625
KXTRUMPSAYNICKNAME-26JUL01-WHAC,Mentions,"(0.7, 0.8]",-1,0.74,1.0,-0.55,0.017325,-0.5673250000000001
KXMLBMENTION-26MAY11SEAHOU-BASE,Mentions,"(0.9, 1.0]",-1,0.98,0.0,0.495,0.017498250000000003,0.47750175
KXMLBHRR-26MAY112210SFLAD-SFMCHAPMAN26-1,Sports,"(0.5, 0.6]",-1,0.58,1.0,-0.915,0.005444249999999999,-0.9204442500000001
KXDECPIPREL-26MAY12-T2.7,Economics,"(0.9, 1.0]",-1,0.98,1.0,-0.51,0.017493,-0.527493
KXDECPIPREL-26MAY12-T2.2,Economics,"(0.9, 1.0]",-1,0.98,1.0,-0.51,0.017493,-0.527493
KXDECPIPREL-26MAY12-T2.6,Economics,"(0.9, 1.0]",-1,0.98,1.0,-0.51,0.017493,-0.527493
KXDECPIPREL-26MAY12-T3.6,Economics,"(-0.001, 0.1]",1,0.0184,0.0,-0.5084,0.017495060800000004,-0.5258950607999999
KXDECPIPREL-26MAY12-T3.5,Economics,"(-0.001, 0.1]",1,0.03,0.0,-0.52,0.017472,-0.5374720000000001
KXDECPIPREL-26MAY12-T3.4,Economics,"(-0.001, 0.1]",1,0.02,0.0,-0.51,0.017493,-0.527493
KXDECPIPREL-26MAY12-T3.3,Economics,"(-0.001, 0.1]",1,0.02,0.0,-0.51,0.017493,-0.527493
KXDECPIPREL-26MAY12-T3.0,Economics,"(0.8, 0.9]",-1,0.89,0.0,0.4,0.016800000000000002,0.38320000000000004
KXDECPIPREL-26MAY12-T2.9,Economics,"(0.8, 0.9]",-1,0.89,0.0,0.4,0.016800000000000002,0.38320000000000004
KXDECPIPREL-26MAY12-T2.3,Economics,"(0.9, 1.0]",-1,0.9867,1.0,-0.5033,0.0174992377,-0.5207992376999999
KXDECPIPREL-26MAY12-T2.4,Economics,"(0.9, 1.0]",-1,0.98,1.0,-0.51,0.017493,-0.527493
KXDECPIPREL-26MAY12-T2.5,Economics,"(0.9, 1.0]",-1,0.98,1.0,-0.51,0.017493,-0.527493
KXBTC-26MAY1202-B81350,Crypto,"(0.2, 0.3]",-1,0.25,0.0,-0.19500000000000006,0.0006930000000000006,-0.19569300000000006
KXNHLMENTION-26MAY11COLMIN-SHOR,Mentions,"(0.8, 0.9]",-1,0.89,0.0,0.43999999999999995,0.017248,0.42275199999999996
KXNBAMENTION-26MAY11DETCLE-TRAV,Mentions,"(0.7, 0.8]",-1,0.77,1.0,-0.71,0.014413000000000002,-0.724413
KXNBAMENTION-26MAY11DETCLE-WING,Mentions,"(0.2, 0.3]",-1,0.25,1.0,-1.23,0.0006930000000000006,-1.230693
KXNBAMENTION-26MAY11OKCLAL-ELBO,Mentions,"(0.8, 0.9]",-1,0.8081,1.0,-0.6718999999999999,0.015431527300000003,-0.6873315272999999
KXDEZEW-26MAY12-T-40.0,Economics,"(0.9, 1.0]",-1,0.95,1.0,-0.54,0.017388,-0.557388
KXBTCD-26MAY1207-T80899.99,Crypto,"(0.2, 0.3]",-1,0.2485,0.0,0.24349999999999994,0.012894542499999998,0.23060545749999994
KXATPCHALLENGERMATCH-26MAY12MANGOM-MAN,Sports,"(0.1, 0.2]",1,0.16,0.0,-0.185,0.010554250000000001,-0.19555424999999999
KXXRP15M-26MAY120730-30,Crypto,"(0.2, 0.3]",-1,0.2846,0.0,0.26959999999999995,0.0137841088,0.2558158911999999
KXBRAZILINF-26APR-T3.85,Economics,"(0.9, 1.0]",-1,0.95,1.0,-0.54,0.017388,-0.557388
KXCPICOREYOY-26APR-T2.2,Economics,"(0.8, 0.9]",-1,0.9,1.0,-0.595,0.01686825,-0.61186825
KXCPICOREYOY-26APR-T2.3,Economics,"(0.8, 0.9]",-1,0.85,1.0,-0.645,0.01602825,-0.66102825
KXCPI-26APR-T-0.1,Economics,"(0.8, 0.9]",-1,0.89,1.0,-0.6,0.016800000000000002,-0.6168
KXCPI-26APR-T0.2,Economics,"(0.4, 0.5]",-1,0.46,1.0,-1.03,0.0006930000000000006,-1.030693
KXCPI-26APR-T0.1,Economics,"(0.9, 1.0]",-1,0.96,1.0,-0.53,0.017437,-0.5474370000000001
KXCPICOREYOY-26APR-T2.9,Economics,"(0.4, 0.5]",-1,0.48,0.0,-0.015000000000000124,0.0006930000000000006,-0.015693000000000124
KXCPI-26APR-T0.0,Economics,"(0.8, 0.9]",-1,0.89,1.0,-0.6,0.016800000000000002,-0.6168
KXCPI-26APR-T0.9,Economics,"(-0.001, 0.1]",1,0.02,0.0,-0.075,0.00485625,-0.07985625
KXCPI-26APR-T0.5,Economics,"(0.9, 1.0]",-1,0.96,1.0,-0.53,0.017437,-0.5474370000000001
KXUSGASCPI-26MAY12-T300,Economics,"(0.9, 1.0]",-1,0.99,1.0,-0.05499999999999999,0.00363825,-0.058638249999999996
KXUSGASCPI-26MAY12-T305,Economics,"(0.9, 1.0]",-1,0.99,1.0,-0.05499999999999999,0.00363825,-0.058638249999999996
KXUSGASCPI-26MAY12-T310,Economics,"(0.9, 1.0]",-1,0.99,1.0,-0.05499999999999999,0.00363825,-0.058638249999999996
KXCPIYOY-26APR-T3.8,Economics,"(0.4, 0.5]",-1,0.5,0.0,0.010000000000000009,0.0006930000000000006,0.009307000000000008
KXUSGASCPI-26MAY12-T315,Economics,"(0.9, 1.0]",-1,0.99,1.0,-0.05499999999999999,0.00363825,-0.058638249999999996
KXUSGASCPI-26MAY12-T320,Economics,"(0.9, 1.0]",-1,0.99,1.0,-0.05499999999999999,0.00363825,-0.058638249999999996
KXUSGASCPI-26MAY12-T325,Economics,"(0.9, 1.0]",-1,0.99,1.0,-0.05499999999999999,0.00363825,-0.058638249999999996
KXCPIYOY-26APR-T3.7,Economics,"(0.4, 0.5]",-1,0.5,1.0,-0.99,0.0006930000000000006,-0.990693
KXUSGASCPI-26MAY12-T335,Economics,"(0.9, 1.0]",-1,0.99,1.0,-0.05499999999999999,0.00363825,-0.058638249999999996
KXECONSTATCPICORE-26APR-T0.6,Economics,"(-0.001, 0.1]",1,0.01,0.0,-0.045,0.00300825,-0.048008249999999995
KXECONSTATCPICORE-26APR-T0.7,Economics,"(-0.001, 0.1]",1,0.04,0.0,-0.055,0.0036382500000000004,-0.05863825
KXECONSTATCPIYOY-26APR-T3.8,Economics,"(-0.001, 0.1]",1,0.07,1.0,0.44999999999999996,0.017325,0.432675
KXECONSTATCPIYOY-26APR-T3.9,Economics,"(-0.001, 0.1]",1,0.06,0.0,-0.5449999999999999,0.017358250000000002,-0.56235825
KXECONSTATCPI-26APR-T0.7,Economics,"(-0.001, 0.1]",1,0.06,0.0,-0.5349999999999999,0.017414250000000003,-0.5524142499999999
KXECONSTATCPI-26APR-T0.8,Economics,"(-0.001, 0.1]",1,0.04,0.0,-0.515,0.017484250000000003,-0.53248425
KXECONSTATCPI-26APR-T0.9,Economics,"(-0.001, 0.1]",1,0.05,0.0,-0.52,0.017472,-0.5374720000000001
KXECONSTATCPI-26APR-T1.0,Economics,"(-0.001, 0.1]",1,0.09,0.0,-0.565,0.017204250000000004,-0.58220425
KXECONSTATCPIYOY-26APR-T4.0,Economics,"(-0.001, 0.1]",1,0.06,0.0,-0.54,0.017388,-0.557388
KXECONSTATCPIYOY-26APR-T4.1,Economics,"(-0.001, 0.1]",1,0.07,0.0,-0.095,0.006018250000000001,-0.10101825
KXUSGBEEF-26MAY12-T6.72,Economics,"(0.4, 0.5]",-1,0.47,1.0,-0.5700000000000001,0.017157,-0.587157
KXSHELTERCPI-26MAY12-T424.5,Economics,"(0.8, 0.9]",-1,0.85,1.0,-0.495,0.01749825,-0.51249825
KXSHELTERCPI-26MAY12-T426.0,Economics,"(-0.001, 0.1]",1,0.075,1.0,0.43500000000000005,0.017204250000000004,0.41779575
KXUSEDCARCPI-26MAY12-T177.0,Economics,"(0.8, 0.9]",-1,0.805,1.0,-0.6849999999999999,0.015104250000000003,-0.70010425
KXUSEDCARCPI-26MAY12-T179.0,Economics,"(-0.001, 0.1]",1,0.01,1.0,0.5,0.0175,0.4825
KXUSEDCARCPI-26MAY12-T183.0,Economics,"(-0.001, 0.1]",1,0.06,0.0,-0.55,0.017325,-0.5673250000000001
KXUSEDCARCPI-26MAY12-T184.0,Economics,"(-0.001, 0.1]",1,0.09,0.0,-0.58,0.017052000000000005,-0.5970519999999999
KXUSEDCARCPI-26MAY12-T185.0,Economics,"(-0.001, 0.1]",1,0.01,0.0,-0.5,0.0175,-0.5175
KXUSGASCPI-26MAY12-T340,Economics,"(0.9, 1.0]",-1,0.99,1.0,-0.05499999999999999,0.00363825,-0.058638249999999996
KXUSGASCPI-26MAY12-T330,Economics,"(0.9, 1.0]",-1,0.99,1.0,-0.05499999999999999,0.00363825,-0.058638249999999996
KXCPIYOY-26APR-T2.5,Economics,"(0.8, 0.9]",-1,0.89,1.0,-0.6,0.016800000000000002,-0.6168
KXCPIYOY-26APR-T2.4,Economics,"(0.9, 1.0]",-1,0.93,1.0,-0.5599999999999999,0.017248000000000003,-0.577248
KXCPIYOY-26APR-T2.3,Economics,"(0.9, 1.0]",-1,0.94,1.0,-0.55,0.017325,-0.5673250000000001
KXAIRFARECPI-26MAY12-T304.0,Economics,"(0.4, 0.5]",-1,0.5,0.0,0.010000000000000009,0.0006930000000000006,0.009307000000000008
KXCPIYOY-26APR-T4.3,Economics,"(-0.001, 0.1]",1,0.06,0.0,-0.55,0.017325,-0.5673250000000001
KXCPIYOY-26APR-T4.4,Economics,"(-0.001, 0.1]",1,0.02,0.0,-0.51,0.017493,-0.527493
KXCPIYOY-26APR-T4.5,Economics,"(-0.001, 0.1]",1,0.04,0.0,-0.53,0.017437,-0.5474370000000001
KXECONSTATCPIYOY-26APR-T4.2,Economics,"(-0.001, 0.1]",1,0.01,0.0,-0.03,0.002037,-0.032036999999999996
KXUSGASCPI-26MAY12-T355,Economics,"(0.8, 0.9]",-1,0.84,0.0,0.745,0.013298250000000001,0.73170175
KXUSGASCPI-26MAY12-T360,Economics,"(0.4, 0.5]",-1,0.48,0.0,0.385,0.016574250000000002,0.36842575
KXCPIYOY-26APR-T3.3,Economics,"(0.4, 0.5]",-1,0.5,1.0,-0.99,0.0006930000000000006,-0.990693
KXCPIYOY-26APR-T3.4,Economics,"(0.4, 0.5]",-1,0.5,1.0,-0.99,0.0006930000000000006,-0.990693
KXCPIYOY-26APR-T3.5,Economics,"(0.4, 0.5]",-1,0.5,1.0,-0.99,0.0006930000000000006,-0.990693
KXCPIYOY-26APR-T3.0,Economics,"(-0.001, 0.1]",1,0.09,1.0,0.42000000000000004,0.017052000000000005,0.40294800000000003
KXCPIYOY-26APR-T3.9,Economics,"(0.4, 0.5]",-1,0.5,0.0,0.010000000000000009,0.0006930000000000006,0.009307000000000008
KXCPIYOY-26APR-T4.1,Economics,"(-0.001, 0.1]",1,0.02,0.0,-0.51,0.017493,-0.527493
KXCPIYOY-26APR-T4.2,Economics,"(-0.001, 0.1]",1,0.02,0.0,-0.51,0.017493,-0.527493
KXAIRFARECPI-26MAY12-T280.0,Economics,"(0.9, 1.0]",-1,0.99,1.0,-0.05499999999999999,0.00363825,-0.058638249999999996
KXUSGASCPI-26MAY12-T350,Economics,"(0.8, 0.9]",-1,0.87,1.0,-0.20500000000000002,0.01140825,-0.21640825000000002
KXCPIYOY-26APR-T3.6,Economics,"(0.4, 0.5]",-1,0.5,1.0,-0.99,0.0006930000000000006,-0.990693
KXCPIYOY-26APR-T4.0,Economics,"(0.4, 0.5]",-1,0.5,0.0,0.010000000000000009,0.0006930000000000006,0.009307000000000008
KXHORMUZWEEKLY-26MAY10-T40,Politics,"(0.8, 0.9]",-1,0.85,0.0,0.79,0.011613000000000004,0.778387
KXHORMUZWEEKLY-26MAY10-T60,Politics,"(0.8, 0.9]",-1,0.8258,0.0,0.7458,0.013270765200000003,0.7325292348
KXHORMUZWEEKLY-26MAY10-T80,Politics,"(0.8, 0.9]",-1,0.85,0.0,0.69,0.014972999999999998,0.6750269999999999
KXKBOGAME-26MAY120530HANKIW-HAN,Sports,"(0.9, 1.0]",-1,0.97,1.0,-0.52,0.017472,-0.5374720000000001
KXINXU-26MAY12H1000-T7359.9999,Financials,"(0.9, 1.0]",-1,0.97,1.0,-0.05500000000000005,0.003638250000000003,-0.05863825000000005
KXNASDAQ100U-26MAY12H1000-T28939.99,Financials,"(0.9, 1.0]",-1,0.93,1.0,-0.09499999999999992,0.006018249999999995,-0.1010182499999999
KXINXU-26MAY12H1000-T7364.9999,Financials,"(0.9, 1.0]",-1,0.93,1.0,-0.09499999999999992,0.006018249999999995,-0.1010182499999999
KXITTFMEN-26-CHN,Sports,"(0.7, 0.8]",-1,0.77,1.0,-0.715,0.014264250000000003,-0.72926425
KXNBAMENTION-26MAY11OKCLAL-CRYP,Mentions,"(0.8, 0.9]",-1,0.88,0.0,0.4,0.016800000000000002,0.38320000000000004
KXNBAMENTION-26MAY11OKCLAL-DRAF,Mentions,"(0.7, 0.8]",-1,0.7586,0.0,0.27860000000000007,0.014068742800000004,0.2645312572000001
KXNBAMENTION-26MAY11DETCLE-RETI,Mentions,"(-0.001, 0.1]",1,0.085,0.0,-0.565,0.017204250000000004,-0.58220425
KXHIGHINFLATION-26DEC-T3.0,Economics,"(0.9, 1.0]",-1,0.99,1.0,-0.5,0.0175,-0.5175
KXHIGHINFLATION-26DEC-T3.1,Economics,"(0.8, 0.9]",-1,0.84,1.0,-0.65,0.015925,-0.665925
KXHIGHINFLATION-26DEC-T3.4,Economics,"(-0.001, 0.1]",1,0.03,1.0,0.48,0.017472,0.462528
KXHIGHINFLATION-26DEC-T3.5,Economics,"(-0.001, 0.1]",1,0.03,1.0,0.48,0.017472,0.462528
KXHEGSETHMENTION-26MAY12-DEI,Mentions,"(0.5, 0.6]",-1,0.58,0.0,0.1299999999999999,0.007916999999999995,0.1220829999999999
KXFOXNEWSMENTION-26MAY11-ISRA,Mentions,"(0.4, 0.5]",-1,0.4508,0.0,0.0007999999999999119,0.0006930000000000006,0.00010699999999991131
KXFOXNEWSMENTION-26MAY11-MEXI,Mentions,"(0.2, 0.3]",-1,0.24,0.0,-0.20999999999999996,0.0006930000000000006,-0.21069299999999996
KXFOXNEWSMENTION-26MAY11-CUBA,Mentions,"(0.7, 0.8]",-1,0.72,0.0,0.27,0.013797000000000002,0.256203
KXFOXNEWSMENTION-26MAY11-ELEC,Mentions,"(0.7, 0.8]",-1,0.75,0.0,0.30000000000000004,0.014700000000000003,0.28530000000000005
KXMADDOWMENTION-26MAY11-ELEC,Mentions,"(0.7, 0.8]",-1,0.74,1.0,-0.71,0.014413000000000002,-0.724413
KXMADDOWMENTION-26MAY11-CORR,Mentions,"(0.5, 0.6]",-1,0.5688,1.0,-0.8812,0.007328059200000001,-0.8885280592
KXMADDOWMENTION-26MAY11-AFFO,Mentions,"(0.3, 0.4]",-1,0.39,0.0,-0.06000000000000005,0.0006930000000000006,-0.06069300000000005
KXMADDOWMENTION-26MAY11-REDI,Mentions,"(0.8, 0.9]",-1,0.82,0.0,0.3699999999999999,0.016317,0.35368299999999986
KXMADDOWMENTION-26MAY11-NUCL,Mentions,"(0.3, 0.4]",-1,0.3918,0.0,-0.05820000000000003,0.0006930000000000006,-0.05889300000000003
KXATHLETEMENTION-26MAY11-CHAM,Mentions,"(-0.001, 0.1]",1,0.09,1.0,0.45999999999999996,0.017388,0.44261199999999995
KXATHLETEMENTION-26MAY11-BRON,Mentions,"(0.2, 0.3]",-1,0.25,0.0,-0.19999999999999996,0.0006930000000000006,-0.20069299999999995
KXATHLETEMENTION-26MAY11-REF,Mentions,"(0.2, 0.3]",-1,0.26,0.0,-0.18999999999999995,0.0006930000000000006,-0.19069299999999995
KXATHLETEMENTION-26MAY11-DEFE,Mentions,"(0.8, 0.9]",-1,0.81,0.0,0.3600000000000001,0.016128000000000003,0.34387200000000007
KXATHLETEMENTION-26MAY11-FOUL,Mentions,"(0.6, 0.7]",-1,0.65,0.0,0.19999999999999996,0.0112,0.18879999999999997
KXMAMDANIMENTION-26MAY12-AFFO,Mentions,"(0.7, 0.8]",-1,0.77,1.0,-0.6799999999999999,0.015232000000000004,-0.695232
KXHEARINGMENTION-26MAY12-FENT,Mentions,"(0.5, 0.6]",-1,0.6,1.0,-0.6000000000000001,0.0168,-0.6168000000000001
KXHEARINGMENTION-26MAY12-SECR,Mentions,"(0.6, 0.7]",-1,0.66,0.0,0.635,0.01622425,0.61877575
KXHEARINGMENTION-26MAY12-TERR,Mentions,"(0.7, 0.8]",-1,0.7005,1.0,-0.37949999999999995,0.0164835825,-0.39598358249999993
KXHEARINGMENTION-26MAY12-DEMO,Mentions,"(0.5, 0.6]",-1,0.52,0.0,0.32000000000000006,0.015232000000000004,0.30476800000000004
KXHEARINGMENTION-26MAY12-TRUM,Mentions,"(0.6, 0.7]",-1,0.7,0.0,0.6799999999999999,0.015232,0.6647679999999999
KXHEARINGMENTION-26MAY12-SURV,Mentions,"(0.3, 0.4]",-1,0.38,0.0,0.18000000000000005,0.010332000000000003,0.16966800000000004
KXLALIGAGAME-26MAY12OSAATM-TIE,Sports,"(0.2, 0.3]",-1,0.28,0.0,0.020000000000000018,0.0013720000000000015,0.018628000000000016
KXNBARETURN-26LALLDON-512,Sports,"(0.1, 0.2]",1,0.19,0.0,-0.6799999999999999,0.015232000000000004,-0.695232
KXNGASMIN-26DEC31-N2.80,Economics,"(0.8, 0.9]",-1,0.87,1.0,-0.62,0.016492,-0.636492
KXTRUEV-26MAY12-T1274.69,Economics,"(0.4, 0.5]",-1,0.49,1.0,-1.0,0.0006930000000000006,-1.000693
KXTRUEV-26MAY12-T1194.69,Economics,"(0.8, 0.9]",-1,0.88,1.0,-0.615,0.016574250000000002,-0.63157425
KXTRUEV-26MAY12-T1334.69,Economics,"(0.4, 0.5]",-1,0.41,0.0,-0.08499999999999996,0.0006930000000000006,-0.08569299999999996
KXTRUEV-26MAY12-T1324.69,Economics,"(0.4, 0.5]",-1,0.4809,0.0,-0.014100000000000001,0.0006930000000000006,-0.014793000000000002
KXTRUEV-26MAY12-T1314.69,Economics,"(0.4, 0.5]",-1,0.4855,0.0,-0.009500000000000064,0.0006930000000000006,-0.010193000000000065
KXTRUEV-26MAY12-T1304.69,Economics,"(0.4, 0.5]",-1,0.4917,1.0,-1.0032999999999999,0.0006930000000000006,-1.003993
KXTRUEV-26MAY12-T1294.69,Economics,"(0.4, 0.5]",-1,0.5,1.0,-0.995,0.0006930000000000006,-0.995693
KXTRUEV-26MAY12-T1284.69,Economics,"(0.4, 0.5]",-1,0.5,1.0,-0.995,0.0006930000000000006,-0.995693
KXTRUEV-26MAY12-T1204.69,Economics,"(0.8, 0.9]",-1,0.8704,1.0,-0.6246,0.0164132388,-0.6410132388
KXTRUEV-26MAY12-T1214.69,Economics,"(0.8, 0.9]",-1,0.87,1.0,-0.625,0.01640625,-0.64140625
KXTRUEV-26MAY12-T1224.69,Economics,"(0.8, 0.9]",-1,0.87,1.0,-0.625,0.01640625,-0.64140625
KXDOGE15M-26MAY122000-00,Crypto,"(0.2, 0.3]",-1,0.2912,1.0,-0.7687999999999999,0.012442259200000005,-0.7812422591999999
KXCANDACEMENTION-26MAY12-ISRA,Mentions,"(0.6, 0.7]",-1,0.662,1.0,-0.788,0.01169392,-0.7996939200000001
KXCANDACEMENTION-26MAY12-IRAN,Mentions,"(0.5, 0.6]",-1,0.6,0.0,0.1499999999999999,0.008924999999999997,0.14107499999999992
KXCANDACEMENTION-26MAY12-PROP,Mentions,"(0.3, 0.4]",-1,0.4,0.0,-0.050000000000000044,0.0006930000000000006,-0.050693000000000044
KXCANDACEMENTION-26MAY12-RADI,Mentions,"(0.2, 0.3]",-1,0.24,0.0,-0.20999999999999996,0.0006930000000000006,-0.21069299999999996
KXCANDACEMENTION-26MAY12-ERIK,Mentions,"(0.9, 1.0]",-1,0.91,1.0,-0.42,0.017052000000000005,-0.437052
KXCANDACEMENTION-26MAY12-BIBI,Mentions,"(0.4, 0.5]",-1,0.45,1.0,-1.0,0.0006930000000000006,-1.000693
KXCANDACEMENTION-26MAY12-BLAC,Mentions,"(0.3, 0.4]",-1,0.318,0.0,-0.1319999999999999,0.0006930000000000006,-0.1326929999999999
KXNCAABBGAME-26MAY121800RUBCHA-CHA,Sports,"(0.8, 0.9]",-1,0.86,1.0,-0.62,0.016492,-0.636492
KXMLBTOTAL-26MAY121840COLPIT-12,Sports,"(0.1, 0.2]",1,0.2,0.0,-0.69,0.014973000000000004,-0.704973
KXFOXNEWSMENTION-26MAY12-DEMO,Mentions,"(0.7, 0.8]",-1,0.7478,1.0,-0.7021999999999999,0.014638061200000003,-0.7168380611999999
KXFOXNEWSMENTION-26MAY12-ICE,Mentions,"(0.9, 1.0]",-1,0.9082,1.0,-0.5418000000000001,0.017377693200000002,-0.5591776932000001
KXFOXNEWSMENTION-26MAY12-FRAU,Mentions,"(0.5, 0.6]",-1,0.5411,0.0,0.09109999999999996,0.005796055299999998,0.08530394469999997
KXEARNINGSMENTIONOKLO-26MAY12-PIPE,Mentions,"(0.8, 0.9]",-1,0.9,1.0,-0.585,0.016994250000000002,-0.60199425
KXEARNINGSMENTIONOKLO-26MAY12-AI,Mentions,"(0.8, 0.9]",-1,0.85,1.0,-0.635,0.016224250000000003,-0.6512242500000001
KXEARNINGSMENTIONOKLO-26MAY12-META,Mentions,"(0.8, 0.9]",-1,0.9,1.0,-0.585,0.016994250000000002,-0.60199425
KXMLBTOTAL-26MAY121915CHCATL-13,Sports,"(0.2, 0.3]",-1,0.23,0.0,-0.26,0.0006930000000000006,-0.260693
KXMLBHR-26MAY121915CHCATL-CHCMCONFORTO90-1,Sports,"(0.1, 0.2]",1,0.15,0.0,-0.19999999999999998,0.011200000000000002,-0.2112
KXMLBHIT-26MAY121840WSHCIN-CINWBENSON30-1,Sports,"(0.5, 0.6]",-1,0.56,0.0,0.5150000000000001,0.017484250000000003,0.49751575000000015
KXMLBTOTAL-26MAY121940MIAMIN-5,Sports,"(0.8, 0.9]",-1,0.88,0.0,0.39,0.016653,0.373347
KXMLBMENTION-26MAY12CHCATL-TRUI,Mentions,"(0.9, 1.0]",-1,0.9113,1.0,-0.5737,0.0171197817,-0.5908197816999999
KXMLBHR-26MAY121940KCCWS-KCBWITT7-1,Sports,"(0.2, 0.3]",-1,0.3,1.0,-1.19,0.0006930000000000006,-1.190693
KXMLBHIT-26MAY121910DETNYM-NYMJSOTO22-2,Sports,"(0.2, 0.3]",-1,0.2251,1.0,-1.2649,0.0006930000000000006,-1.265593
KXNBATOTAL-26MAY12MINSAS-207,Sports,"(0.8, 0.9]",-1,0.87,1.0,-0.51,0.017493,-0.527493
KXMLBHIT-26MAY122010SEAHOU-SEAJCRAWFORD3-1,Sports,"(0.5, 0.6]",-1,0.58,1.0,-0.4650000000000001,0.017414250000000003,-0.4824142500000001
KXAAAGASD-26MAY13-4.530,Economics,"(-0.001, 0.1]",1,0.0198,0.0,-0.49479999999999996,0.017498107200000005,-0.5122981072
KXAAAGASD-26MAY13-4.525,Economics,"(0.4, 0.5]",-1,0.4455,0.0,-0.02950000000000008,0.0006930000000000006,-0.03019300000000008
KXAAAGASD-26MAY13-4.545,Economics,"(-0.001, 0.1]",1,0.01,0.0,-0.5,0.0175,-0.5175
KXAAAGASD-26MAY13-4.475,Economics,"(0.9, 1.0]",-1,0.99,1.0,-0.46,0.017388000000000004,-0.47738800000000003
KXAAAGASD-26MAY13-4.480,Economics,"(0.9, 1.0]",-1,0.99,1.0,-0.46,0.017388000000000004,-0.47738800000000003
KXAAAGASD-26MAY13-4.495,Economics,"(0.9, 1.0]",-1,0.99,1.0,-0.5,0.0175,-0.5175
KXAAAGASD-26MAY13-4.490,Economics,"(0.9, 1.0]",-1,0.99,1.0,-0.5,0.0175,-0.5175
KXAAAGASD-26MAY13-4.500,Economics,"(0.9, 1.0]",-1,0.92,1.0,-0.57,0.017157000000000002,-0.5871569999999999
KXAAAGASD-26MAY13-4.470,Economics,"(0.9, 1.0]",-1,0.99,1.0,-0.46,0.017388000000000004,-0.47738800000000003
KXAAAGASD-26MAY13-4.485,Economics,"(0.9, 1.0]",-1,0.99,1.0,-0.5,0.0175,-0.5175
KXXRP15M-26MAY130015-15,Crypto,"(0.2, 0.3]",-1,0.2802,0.0,0.2752,0.013962547200000001,0.2612374528
KXWNBATOTAL-26MAY12NYPDX-177,Sports,"(0.7, 0.8]",-1,0.71,1.0,-0.78,0.012012,-0.792012
KXNHLMENTION-26MAY12BUFMTL-CROW,Mentions,"(0.9, 1.0]",-1,0.91,1.0,-0.17999999999999994,0.010331999999999997,-0.19033199999999995
KXNHLMENTION-26MAY12BUFMTL-GLAS,Mentions,"(0.9, 1.0]",-1,0.98,1.0,-0.5,0.0175,-0.5175
KXNHLTOTAL-26MAY12ANAVGK-3,Sports,"(0.1, 0.2]",1,0.15,1.0,0.43500000000000005,0.017204250000000004,0.41779575
KXNBAMENTION-26MAY12MINSAS-BUZZ,Mentions,"(0.6, 0.7]",-1,0.67,0.0,0.18500000000000005,0.010554250000000003,0.17444575000000004
KXNBAMENTION-26MAY12MINSAS-GOAT,Mentions,"(-0.001, 0.1]",1,0.1,0.0,-0.585,0.016994250000000002,-0.60199425
KXDOGED-26MAY1302-T0.1149999,Crypto,"(0.2, 0.3]",-1,0.24,0.0,0.22999999999999998,0.012397,0.217603
KXFRCPIPREL-26MAY13-T1.6,Economics,"(0.9, 1.0]",-1,0.98,1.0,-0.51,0.017493,-0.527493
KXFRCPIPREL-26MAY13-T1.7,Economics,"(0.9, 1.0]",-1,0.98,1.0,-0.51,0.017493,-0.527493
KXFRCPIPREL-26MAY13-T2.9,Economics,"(-0.001, 0.1]",1,0.02,0.0,-0.51,0.017493,-0.527493
KXFRCPIPREL-26MAY13-T2.8,Economics,"(-0.001, 0.1]",1,0.02,0.0,-0.51,0.017493,-0.527493
KXFRCPIPREL-26MAY13-T2.7,Economics,"(-0.001, 0.1]",1,0.02,0.0,-0.51,0.017493,-0.527493
KXFRCPIPREL-26MAY13-T2.6,Economics,"(-0.001, 0.1]",1,0.02,0.0,-0.51,0.017493,-0.527493
KXFRCPIPREL-26MAY13-T2.5,Economics,"(-0.001, 0.1]",1,0.02,0.0,-0.51,0.017493,-0.527493
KXFRCPIPREL-26MAY13-T1.5,Economics,"(0.9, 1.0]",-1,0.98,1.0,-0.51,0.017493,-0.527493
KXFRCPIPREL-26MAY13-T2.4,Economics,"(-0.001, 0.1]",1,0.04,0.0,-0.53,0.017437,-0.5474370000000001
KXFRCPIPREL-26MAY13-T1.8,Economics,"(0.9, 1.0]",-1,0.9799,1.0,-0.5101,0.0174928593,-0.5275928593
KXBTC-26MAY1304-B80950,Crypto,"(0.2, 0.3]",-1,0.3,0.0,-0.125,0.0006930000000000006,-0.125693
KXEZGDPYOYF-26MAY13-T0.2,Economics,"(-0.001, 0.1]",1,0.0652,1.0,0.4448,0.0172867072,0.42751329279999994
KXEZGDPQOQF-26MAY13-T0.3,Economics,"(-0.001, 0.1]",1,0.05,0.0,-0.54,0.017388,-0.557388
KXEZGDPQOQF-26MAY13-T-0.5,Economics,"(0.9, 1.0]",-1,0.98,1.0,-0.51,0.017493,-0.527493
KXEZGDPQOQF-26MAY13-T-0.6,Economics,"(0.9, 1.0]",-1,0.98,1.0,-0.51,0.017493,-0.527493
KXEZGDPQOQF-26MAY13-T0.6,Economics,"(-0.001, 0.1]",1,0.02,0.0,-0.51,0.017493,-0.527493
KXEZGDPQOQF-26MAY13-T0.7,Economics,"(-0.001, 0.1]",1,0.02,0.0,-0.51,0.017493,-0.527493
KXEZGDPQOQF-26MAY13-T0.8,Economics,"(-0.001, 0.1]",1,0.02,0.0,-0.51,0.017493,-0.527493
KXEZGDPYOYF-26MAY13-T-0.2,Economics,"(0.9, 1.0]",-1,0.99,1.0,-0.5,0.0175,-0.5175
KXEZGDPYOYF-26MAY13-T0.0,Economics,"(0.9, 1.0]",-1,0.98,1.0,-0.51,0.017493,-0.527493
KXEZGDPQOQF-26MAY13-T-0.4,Economics,"(0.9, 1.0]",-1,0.98,1.0,-0.51,0.017493,-0.527493
KXEZGDPYOYF-26MAY13-T-0.4,Economics,"(0.9, 1.0]",-1,0.99,1.0,-0.5,0.0175,-0.5175
KXEZGDPYOYF-26MAY13-T2.2,Economics,"(0.9, 1.0]",-1,0.98,0.0,0.49,0.017493,0.472507
KXEZGDPYOYF-26MAY13-T2.0,Economics,"(-0.001, 0.1]",1,0.02,0.0,-0.51,0.017493,-0.527493
KXEZGDPYOYF-26MAY13-T1.8,Economics,"(-0.001, 0.1]",1,0.02,0.0,-0.51,0.017493,-0.527493
KXEZGDPYOYF-26MAY13-T1.6,Economics,"(-0.001, 0.1]",1,0.01,0.0,-0.5,0.0175,-0.5175
KXEZGDPYOYF-26MAY13-T0.8,Economics,"(-0.001, 0.1]",1,0.04,0.0,-0.53,0.017437,-0.5474370000000001
KXEZGDPYOYF-26MAY13-T0.6,Economics,"(-0.001, 0.1]",1,0.04,1.0,0.47,0.017437,0.452563
KXEZGDPYOYF-26MAY13-T-0.6,Economics,"(0.9, 1.0]",-1,0.99,1.0,-0.5,0.0175,-0.5175
KXEZGDPYOYF-26MAY13-T0.4,Economics,"(-0.001, 0.1]",1,0.0741,1.0,0.43589999999999995,0.017212383300000002,0.41868761669999993
KXATPCHALLENGERMATCH-26MAY13PERNAV-PER,Sports,"(0.2, 0.3]",-1,0.22,0.0,0.18999999999999995,0.010772999999999998,0.17922699999999994
KXLOLGAME-26MAY130500EDGOMG-OMG,Sports,"(0.2, 0.3]",-1,0.25,0.0,0.19500000000000006,0.010988250000000005,0.18401175000000006
KXUSPPIYOY-26MAY13-T3.6,Economics,"(0.9, 1.0]",-1,0.98,1.0,-0.5,0.0175,-0.5175
KXUSPPIYOY-26MAY13-T4.0,Economics,"(0.8, 0.9]",-1,0.86,1.0,-0.615,0.016574250000000002,-0.63157425
KXUSPPIYOY-26MAY13-T5.2,Economics,"(-0.001, 0.1]",1,0.08,1.0,0.43500000000000005,0.017204250000000004,0.41779575
KXUSPPI-26MAY13-T0.3,Economics,"(0.4, 0.5]",-1,0.46,1.0,-1.025,0.0006930000000000006,-1.025693
KXUSPPI-26MAY13-T-0.1,Economics,"(0.8, 0.9]",-1,0.9,1.0,-0.585,0.016994250000000002,-0.60199425
KXUSPPI-26MAY13-T-0.4,Economics,"(0.9, 1.0]",-1,0.98,1.0,-0.505,0.017498250000000003,-0.52249825
KXUSPPI-26MAY13-T-0.3,Economics,"(0.8, 0.9]",-1,0.83,1.0,-0.655,0.015818250000000002,-0.6708182500000001
KXMLBMENTION-26MAY12CHCATL-DOUB,Mentions,"(0.8, 0.9]",-1,0.82,0.0,0.355,0.01602825,0.33897174999999996
KXBTC-26MAY1310-B80050,Crypto,"(0.2, 0.3]",-1,0.3,0.0,0.275,0.013956250000000002,0.26104375
KXTRUMPCHINA-26-JUN01,Politics,"(0.8, 0.9]",-1,0.8183,1.0,-0.22169999999999995,0.012078437699999998,-0.23377843769999995
KXTRUMPCHINA-26-JUL01,Politics,"(0.9, 1.0]",-1,0.9033,1.0,-0.13169999999999998,0.008004857700000001,-0.1397048577
KXATTENDTRUMPCHINA-27JAN-MRUB,Politics,"(0.9, 1.0]",-1,0.94,1.0,-0.55,0.017325,-0.5673250000000001
KXBNB15M-26MAY131030-30,Crypto,"(0.2, 0.3]",-1,0.27,1.0,-1.0350000000000001,0.0006930000000000006,-1.0356930000000002
KXTRUMPCOUNTRIES-27JAN01-CHI,Politics,"(0.8, 0.9]",-1,0.9,1.0,-0.14999999999999997,0.008925,-0.15892499999999996
KXSECSTATEVISIT-27-CHI,Politics,"(0.9, 1.0]",-1,0.94,1.0,-0.10500000000000004,0.006578250000000003,-0.11157825000000005
KXMAMDANIMENTION-26MAY13-GOVE,Mentions,"(0.7, 0.8]",-1,0.78,1.0,-0.6699999999999999,0.015477000000000003,-0.6854769999999999
KXKINGMENTION-26MAY13-UKRA,Mentions,"(0.4, 0.5]",-1,0.4844,1.0,-0.9656,0.0023251647999999996,-0.9679251648
KXKINGMENTION-26MAY13-NATO,Mentions,"(0.6, 0.7]",-1,0.6734,1.0,-0.7766,0.012144470800000003,-0.7887444708
KXKINGMENTION-26MAY13-NQE,Mentions,"(-0.001, 0.1]",1,0.0189,0.0,-0.4689,0.017432295300000004,-0.4863322953
KXKINGMENTION-26MAY13-OIL,Mentions,"(0.7, 0.8]",-1,0.7333,0.0,0.2832999999999999,0.014212877699999998,0.26908712229999987
KXKINGMENTION-26MAY13-IRAN,Mentions,"(0.7, 0.8]",-1,0.73,0.0,0.28,0.014112000000000001,0.265888
KXKINGMENTION-26MAY13-KEIR,Mentions,"(0.3, 0.4]",-1,0.3902,0.0,-0.059800000000000075,0.0006930000000000006,-0.060493000000000074
KXKINGMENTION-26MAY13-MUSL,Mentions,"(0.4, 0.5]",-1,0.4016,0.0,-0.0484,0.0006930000000000006,-0.049093
KXKINGMENTION-26MAY13-HEAL,Mentions,"(0.3, 0.4]",-1,0.3129,0.0,-0.1371,0.0006930000000000006,-0.137793
KXKINGMENTION-26MAY13-AI,Mentions,"(0.2, 0.3]",-1,0.3,0.0,-0.1499999999999999,0.0006930000000000006,-0.1506929999999999
KXATHLETEMENTION-26MAY12-TURN,Mentions,"(0.4, 0.5]",-1,0.5,1.0,-0.95,0.0033250000000000033,-0.953325
KXATHLETEMENTION-26MAY12-REF,Mentions,"(0.6, 0.7]",-1,0.69,1.0,-0.795,0.011408249999999998,-0.80640825
KXATHLETEMENTION-26MAY12-DEFE,Mentions,"(0.8, 0.9]",-1,0.85,1.0,-0.635,0.016224250000000003,-0.6512242500000001
KXATHLETEMENTION-26MAY12-ANT,Mentions,"(0.7, 0.8]",-1,0.72,0.0,0.235,0.012584250000000002,0.22241575
KXLASTWORDMENTION-26MAY12-BALL,Mentions,"(0.9, 1.0]",-1,0.91,0.0,0.45999999999999996,0.017388,0.44261199999999995
KXLASTWORDMENTION-26MAY12-AFFO,Mentions,"(0.3, 0.4]",-1,0.38,1.0,-1.07,0.0006930000000000006,-1.0706930000000001
KXLASTWORDMENTION-26MAY12-FARM,Mentions,"(0.3, 0.4]",-1,0.38,1.0,-1.07,0.0006930000000000006,-1.0706930000000001
KXLASTWORDMENTION-26MAY12-CHIN,Mentions,"(0.6, 0.7]",-1,0.7,0.0,0.25,0.013125000000000001,0.236875
KXLASTWORDMENTION-26MAY12-REPU,Mentions,"(0.8, 0.9]",-1,0.89,0.0,0.43999999999999995,0.017248,0.42275199999999996
KXLASTWORDMENTION-26MAY12-TARI,Mentions,"(0.5, 0.6]",-1,0.55,0.0,0.10000000000000009,0.006300000000000005,0.09370000000000009
KXEARNINGSMENTIONNBIS-26MAY13-CASH,Mentions,"(0.8, 0.9]",-1,0.896,1.0,-0.589,0.016945530000000004,-0.60594553
KXEARNINGSMENTIONNBIS-26MAY13-MICRO,Mentions,"(0.6, 0.7]",-1,0.63,1.0,-0.855,0.008678250000000002,-0.86367825
KXATPCHALLENGERMATCH-26MAY13BERDAN-DAN,Sports,"(0.1, 0.2]",1,0.19,0.0,-0.28,0.014112000000000001,-0.29411200000000004
KXHOCHULMENTION-26MAY11-TRUM,Mentions,"(0.5, 0.6]",-1,0.55,1.0,-0.8999999999999999,0.006300000000000005,-0.9062999999999999
KXHOCHULMENTION-26MAY11-ECON,Mentions,"(0.6, 0.7]",-1,0.6946,0.0,0.24459999999999993,0.012933958799999997,0.23166604119999992
KXHOCHULMENTION-26MAY11-TARI,Mentions,"(0.3, 0.4]",-1,0.35,0.0,-0.10000000000000009,0.0006930000000000006,-0.10069300000000009
KXHOCHULMENTION-26MAY11-OIL,Mentions,"(0.7, 0.8]",-1,0.73,0.0,0.28,0.014112000000000001,0.265888
KXHOCHULMENTION-26MAY11-BUFF,Mentions,"(0.3, 0.4]",-1,0.395,0.0,-0.05499999999999994,0.0006930000000000006,-0.05569299999999994
KXHOCHULMENTION-26MAY11-BILL,Mentions,"(0.7, 0.8]",-1,0.75,0.0,0.30000000000000004,0.014700000000000003,0.28530000000000005
KXBTCD-26MAY1314-T79299.99,Crypto,"(0.2, 0.3]",-1,0.2272,1.0,-0.7827999999999999,0.011901691200000003,-0.7947016911999999
KXDOTA2GAME-26MAY130930PLATXTREME-XTREME,Sports,"(0.5, 0.6]",-1,0.55,1.0,-0.9199999999999999,0.005152000000000005,-0.925152
KXMLBF5-26MAY131310LAACLE-TIE,Sports,"(0.1, 0.2]",1,0.16,0.0,-0.21000000000000002,0.011613000000000004,-0.22161300000000003
KXVANCEMENTION-26MAY13-MINN,Mentions,"(0.6, 0.7]",-1,0.6255,1.0,-0.8245,0.010128982500000001,-0.8346289825000001
KXVANCEMENTION-26MAY13-NEWS,Mentions,"(0.3, 0.4]",-1,0.4,1.0,-1.05,0.0006930000000000006,-1.050693
KXVANCEMENTION-26MAY13-CALI,Mentions,"(0.8, 0.9]",-1,0.8436,1.0,-0.6414,0.0161004228,-0.6575004228
KXVANCEMENTION-26MAY13-MEDI,Mentions,"(0.8, 0.9]",-1,0.887,1.0,-0.563,0.017222170000000002,-0.58022217
KXVANCEMENTION-26MAY13-AI,Mentions,"(0.5, 0.6]",-1,0.59,0.0,0.10499999999999998,0.00657825,0.09842174999999999
KXVANCEMENTION-26MAY13-DAYC,Mentions,"(0.4, 0.5]",-1,0.5,0.0,0.015000000000000013,0.001034250000000001,0.013965750000000013
KXVANCEMENTION-26MAY13-PPP,Mentions,"(0.4, 0.5]",-1,0.4034,0.0,-0.046599999999999975,0.0006930000000000006,-0.047292999999999974
KXFEDCHAIRCONFIRM-KWAR,Politics,"(0.8, 0.9]",-1,0.89,1.0,-0.12,0.007392000000000001,-0.127392
KXFEDCHAIRCONFIRMED-26JUN01,Politics,"(0.8, 0.9]",-1,0.85,1.0,-0.2,0.011200000000000002,-0.2112
KXFEDCHAIRCONFIRMED-26JUL01,Politics,"(0.9, 1.0]",-1,0.91,1.0,-0.13999999999999996,0.008428,-0.14842799999999995
KXFEDCHAIRCONFIRMED-26AUG01,Politics,"(0.8, 0.9]",-1,0.85,1.0,-0.2,0.011200000000000002,-0.2112
KXVOTEFEDCHAIR-27-MMCC,Politics,"(0.9, 1.0]",-1,0.94,1.0,-0.11000000000000004,0.006853000000000002,-0.11685300000000004
KXVOTEFEDCHAIR-27-MLEE,Politics,"(0.8, 0.9]",-1,0.84,1.0,-0.21000000000000002,0.011613000000000004,-0.22161300000000003
KXVOTEFEDCHAIR-27-CCOO,Politics,"(0.8, 0.9]",-1,0.8812,0.0,0.3912,0.016671379200000003,0.3745286208
KXTRUMPDELETE-26MAY-A1,Politics,"(0.9, 1.0]",-1,0.97,1.0,-0.03500000000000003,0.002364250000000002,-0.037364250000000036
KXTRUMPDELETE-26MAY-A5,Politics,"(0.9, 1.0]",-1,0.9146,1.0,-0.1154,0.0071457988,-0.12254579880000001
KXMLBHR-26MAY131305NYYBAL-BALARUTSCHMAN35-1,Sports,"(0.1, 0.2]",1,0.12,1.0,0.79,0.011613000000000002,0.778387
KXMLBKS-26MAY131305NYYBAL-NYYMFRIED54-9,Sports,"(0.1, 0.2]",1,0.15,0.0,-0.645,0.01602825,-0.66102825
KXMLBHIT-26MAY131305NYYBAL-NYYSJONES78-1,Sports,"(0.5, 0.6]",-1,0.51,0.0,0.41000000000000003,0.016933000000000004,0.39306700000000006
KXINXU-26MAY13H1600-T7299.9999,Financials,"(0.9, 1.0]",-1,0.93,1.0,-0.09499999999999992,0.006018249999999995,-0.1010182499999999
KXNASDAQ100U-26MAY13H1600-T28599.99,Financials,"(0.9, 1.0]",-1,0.94,1.0,-0.08500000000000008,0.005444250000000005,-0.09044425000000009
KXMLBTB-26MAY131305NYYBAL-NYYSJONES78-2,Sports,"(0.2, 0.3]",-1,0.23,0.0,-0.2650000000000001,0.0006930000000000006,-0.2656930000000001
KXVANCEMENTION-26MAY13-DEMO,Mentions,"(0.5, 0.6]",-1,0.52,0.0,0.03500000000000003,0.002364250000000002,0.032635750000000026
KXFOXNEWSMENTION-26MAY13-CHIN,Mentions,"(0.7, 0.8]",-1,0.77,1.0,-0.6799999999999999,0.015232000000000004,-0.695232
KXFOXNEWSMENTION-26MAY13-HANT,Mentions,"(0.3, 0.4]",-1,0.38,1.0,-1.07,0.0006930000000000006,-1.0706930000000001
KXFOXNEWSMENTION-26MAY13-NATI,Mentions,"(0.3, 0.4]",-1,0.3987,0.0,-0.0512999999999999,0.0006930000000000006,-0.0519929999999999
KXCANDACEMENTION-26MAY13-FUEN,Mentions,"(0.4, 0.5]",-1,0.437,0.0,-0.0129999999999999,0.0006930000000000006,-0.013692999999999901
KXCANDACEMENTION-26MAY13-AI,Mentions,"(0.7, 0.8]",-1,0.75,1.0,-0.7,0.014700000000000003,-0.7147
KXCANDACEMENTION-26MAY13-OIL,Mentions,"(0.4, 0.5]",-1,0.42,1.0,-1.03,0.0006930000000000006,-1.030693
KXCANDACEMENTION-26MAY13-PROP,Mentions,"(0.4, 0.5]",-1,0.42,1.0,-1.03,0.0006930000000000006,-1.030693
KXCANDACEMENTION-26MAY13-ZION,Mentions,"(0.4, 0.5]",-1,0.4212,1.0,-1.0288,0.0006930000000000006,-1.029493
KXCANDACEMENTION-26MAY13-BIBI,Mentions,"(0.4, 0.5]",-1,0.5,0.0,0.050000000000000044,0.0033250000000000033,0.04667500000000004
KXCANDACEMENTION-26MAY13-SHIR,Mentions,"(0.3, 0.4]",-1,0.31,1.0,-1.14,0.0006930000000000006,-1.140693
KXCANDACEMENTION-26MAY13-TRUM,Mentions,"(0.7, 0.8]",-1,0.7932,1.0,-0.6568,0.015778963200000003,-0.6725789632000001
KXCANDACEMENTION-26MAY13-ELON,Mentions,"(0.3, 0.4]",-1,0.3523,1.0,-1.0977,0.0006930000000000006,-1.098393
KXTRUEV-26MAY13-T1240.45,Economics,"(0.9, 1.0]",-1,0.9838,1.0,-0.5112,0.0174912192,-0.5286912192
KXTRUEV-26MAY13-T1250.45,Economics,"(0.9, 1.0]",-1,0.9848,1.0,-0.5102,0.0174927172,-0.5276927172
KXTRUEV-26MAY13-T1230.45,Economics,"(0.9, 1.0]",-1,0.99,1.0,-0.505,0.017498250000000003,-0.52249825
KXTRUEV-26MAY13-T1290.45,Economics,"(0.8, 0.9]",-1,0.88,1.0,-0.615,0.016574250000000002,-0.63157425
KXTRUEV-26MAY13-T1340.45,Economics,"(0.4, 0.5]",-1,0.42,0.0,-0.07500000000000018,0.0006930000000000006,-0.07569300000000018
KXTRUEV-26MAY13-T1260.45,Economics,"(0.9, 1.0]",-1,0.96,1.0,-0.535,0.01741425,-0.55241425
KXTRUEV-26MAY13-T1320.45,Economics,"(0.4, 0.5]",-1,0.48,0.0,-0.015000000000000124,0.0006930000000000006,-0.015693000000000124
KXMLBTEAMTOTAL-26MAY131845PHIBOS-PHI7,Sports,"(0.2, 0.3]",-1,0.23,0.0,-0.2650000000000001,0.0006930000000000006,-0.2656930000000001
KXMLSTOTAL-26MAY13DCUCHI-1,Sports,"(0.9, 1.0]",-1,0.95,1.0,-0.46,0.017388000000000004,-0.47738800000000003
KXNBAPTS-26MAY13CLEDET-CLEJHARDEN1-15,Sports,"(0.7, 0.8]",-1,0.76,1.0,-0.735,0.01363425,-0.74863425
KXMLBHIT-26MAY131915CHCATL-CHCNHOERNER2-1,Sports,"(0.7, 0.8]",-1,0.72,1.0,-0.765,0.012584250000000002,-0.77758425
KXETHD-26MAY1322-T2269.99,Crypto,"(0.2, 0.3]",-1,0.25,0.0,0.03500000000000003,0.002364250000000002,0.032635750000000026
KXMLBTOTAL-26MAY131907TBTOR-4,Sports,"(0.8, 0.9]",-1,0.9,1.0,-0.59,0.016933000000000004,-0.606933
KXMLBTOTAL-26MAY131907TBTOR-5,Sports,"(0.7, 0.8]",-1,0.79,1.0,-0.7,0.014700000000000003,-0.7147
KXSURVIVORMENTION-26MAY13-IMMU,Mentions,"(0.8, 0.9]",-1,0.8488,0.0,0.5888,0.0169480192,0.5718519808
KXSURVIVORMENTION-26MAY13-DIG,Mentions,"(0.3, 0.4]",-1,0.32,0.0,0.07000000000000006,0.004557000000000005,0.06544300000000006
KXSURVIVORMENTION-26MAY13-ROPE,Mentions,"(0.8, 0.9]",-1,0.8995,1.0,-0.2805,0.014127382500000002,-0.29462738250000003
KXSURVIVORMENTION-26MAY13-RACE,Mentions,"(0.8, 0.9]",-1,0.8499,1.0,-0.34509999999999996,0.015820419300000003,-0.36092041929999996
KXMLBHR-26MAY131907TBTOR-TBYDIAZ2-1,Sports,"(0.1, 0.2]",1,0.11,0.0,-0.40499999999999997,0.016868249999999998,-0.42186824999999994
KXTRUMPMEETING-27JAN01-NXJIN,Politics,"(0.9, 1.0]",-1,0.9462,1.0,-0.47379999999999994,0.0174519492,-0.4912519491999999
KXMLBTOTAL-26MAY131910DETNYM-8,Sports,"(0.5, 0.6]",-1,0.52,0.0,0.32000000000000006,0.015232000000000004,0.30476800000000004
KXSURVIVORMENTION-26MAY14-FALL,Mentions,"(0.3, 0.4]",-1,0.3824,0.0,0.19740000000000002,0.011090326800000001,0.18630967320000003
KXSURVIVORMENTION-26MAY14-LOYA,Mentions,"(0.8, 0.9]",-1,0.8955,1.0,-0.5395000000000001,0.0173907825,-0.5568907825000001
KXSURVIVORMENTION-26MAY14-MILL,Mentions,"(0.8, 0.9]",-1,0.89,1.0,-0.5449999999999999,0.017358250000000002,-0.56235825
KXSURVIVORMENTION-26MAY14-RISK,Mentions,"(0.8, 0.9]",-1,0.82,1.0,-0.6100000000000001,0.016652999999999998,-0.6266530000000001
KXSURVIVORMENTION-26MAY14-ALLI,Mentions,"(0.9, 1.0]",-1,0.9056,0.0,0.7056,0.014541004800000003,0.6910589952
KXMLBKS-26MAY131940KCCWS-KCSLUGO67-8,Sports,"(0.1, 0.2]",1,0.14,0.0,-0.23500000000000001,0.012584250000000002,-0.24758425
KXSHAKETRUMPXI-27-T3,Politics,"(0.8, 0.9]",-1,0.9,1.0,-0.59,0.016933000000000004,-0.606933
KXSHAKETRUMPXI-27-T1,Politics,"(0.9, 1.0]",-1,0.97,1.0,-0.52,0.017472,-0.5374720000000001
KXTRUMPMEET-26MAY-XJIN,Politics,"(0.9, 1.0]",-1,0.98,1.0,-0.025000000000000022,0.0017062500000000016,-0.026706250000000025
KXMLBHR-26MAY131940SDMIL-SDMMACHADO13-1,Sports,"(0.1, 0.2]",1,0.15,0.0,-0.28,0.014112000000000001,-0.29411200000000004
KXMLBHR-26MAY131940SDMIL-MILBTURANG2-1,Sports,"(0.1, 0.2]",1,0.13,0.0,-0.425,0.01710625,-0.44210625
KXMLBHR-26MAY131940SDMIL-MILJBAUERS9-1,Sports,"(0.1, 0.2]",1,0.1287,0.0,-0.42369999999999997,0.017092481700000002,-0.44079248169999996
KXMLBKS-26MAY131940SDMIL-MILJMISIOROWSKI32-7,Sports,"(0.5, 0.6]",-1,0.59,1.0,-0.905,0.006018249999999998,-0.91101825
KXMLBHIT-26MAY131940SDMIL-SDGSHEETS30-2,Sports,"(0.1, 0.2]",1,0.12,1.0,0.8300000000000001,0.009877000000000002,0.820123
KXMLBKS-26MAY131940MIAMIN-MIAMMEYER23-3,Sports,"(0.8, 0.9]",-1,0.83,1.0,-0.66,0.015708,-0.675708
KXMLBKS-26MAY131940MIAMIN-MINSWOODSRICHARDSON24-6,Sports,"(0.1, 0.2]",1,0.16,0.0,-0.33999999999999997,0.015708000000000003,-0.35570799999999997
KXPOLITICSMENTION-26MAY13-VENE,Mentions,"(0.5, 0.6]",-1,0.5079,0.0,0.05790000000000006,0.0038183313000000043,0.05408166870000006
KXPOLITICSMENTION-26MAY13-AFFO,Mentions,"(0.5, 0.6]",-1,0.5406,1.0,-0.9444,0.0036756047999999997,-0.9480756048
KXPOLITICSMENTION-26MAY13-NUCL,Mentions,"(0.8, 0.9]",-1,0.86,1.0,-0.5900000000000001,0.016933,-0.6069330000000001
KXNBASPREAD-26MAY13CLEDET-CLE14,Sports,"(0.1, 0.2]",1,0.11,0.0,-0.5,0.0175,-0.5175
KXMLBHR-26MAY132005AZTEX-AZNARENADO28-1,Sports,"(0.1, 0.2]",1,0.11,0.0,-0.125,0.007656250000000001,-0.13265625
KXITFWMATCH-26MAY13MATNAI-NAI,Sports,"(0.5, 0.6]",-1,0.53,1.0,-0.95,0.0033250000000000033,-0.953325
KXAAAGASD-26MAY14-4.555,Economics,"(-0.001, 0.1]",1,0.02,0.0,-0.07,0.004557,-0.07455700000000001
KXAAAGASD-26MAY14-4.470,Economics,"(0.9, 1.0]",-1,0.99,1.0,-0.26,0.013468,-0.273468
KXAAAGASD-26MAY14-4.475,Economics,"(0.9, 1.0]",-1,0.99,1.0,-0.26,0.013468,-0.273468
KXAAAGASD-26MAY14-4.480,Economics,"(0.9, 1.0]",-1,0.99,1.0,-0.26,0.013468,-0.273468
KXAAAGASD-26MAY14-4.485,Economics,"(0.9, 1.0]",-1,0.99,1.0,-0.255,0.013298250000000001,-0.26829825
KXAAAGASD-26MAY14-4.490,Economics,"(0.9, 1.0]",-1,0.99,1.0,-0.255,0.013298250000000001,-0.26829825
KXAAAGASD-26MAY14-4.495,Economics,"(0.9, 1.0]",-1,0.94,1.0,-0.30500000000000005,0.014838250000000002,-0.31983825000000005
KXAAAGASD-26MAY14-4.500,Economics,"(0.9, 1.0]",-1,0.99,1.0,-0.255,0.013298250000000001,-0.26829825
KXAAAGASD-26MAY14-4.505,Economics,"(0.9, 1.0]",-1,0.94,1.0,-0.30500000000000005,0.014838250000000002,-0.31983825000000005
KXAAAGASD-26MAY14-4.525,Economics,"(0.4, 0.5]",-1,0.46,1.0,-1.0350000000000001,0.0006930000000000006,-1.0356930000000002
KXAAAGASD-26MAY14-4.540,Economics,"(-0.001, 0.1]",1,0.079,0.0,-0.574,0.017116680000000002,-0.59111668
KXAAAGASD-26MAY14-4.545,Economics,"(-0.001, 0.1]",1,0.05,0.0,-0.545,0.01735825,-0.5623582500000001
KXAAAGASD-26MAY14-4.550,Economics,"(-0.001, 0.1]",1,0.05,0.0,-0.095,0.006018250000000001,-0.10101825
KXAAAGASD-26MAY14-4.510,Economics,"(0.9, 1.0]",-1,0.96,1.0,-0.335,0.015594250000000002,-0.35059425
KXAAAGASD-26MAY14-4.515,Economics,"(0.9, 1.0]",-1,0.95,1.0,-0.395,0.016728250000000004,-0.41172825
KXMLBHRR-26MAY132010SEAHOU-HOUYALVAREZ44-2,Sports,"(0.5, 0.6]",-1,0.53,0.0,0.03500000000000003,0.002364250000000002,0.032635750000000026
KXMLBHR-26MAY132210SFLAD-LADMBETTS50-1,Sports,"(0.1, 0.2]",1,0.14,1.0,0.69,0.014972999999999998,0.6750269999999999
KXMLBHIT-26MAY132210SFLAD-SFRDEVERS16-1,Sports,"(0.5, 0.6]",-1,0.59,1.0,-0.9,0.0063,-0.9063
KXITFWMATCH-26MAY13YOSCAB-CAB,Sports,"(0.7, 0.8]",-1,0.74,1.0,-0.74,0.013468000000000003,-0.753468
KXTRUMPMENTION-26MAY12-HOTT,Mentions,"(0.5, 0.6]",-1,0.58,0.0,0.09499999999999997,0.006018249999999998,0.08898174999999997
KXTRUMPMENTION-26MAY12-AI,Mentions,"(0.6, 0.7]",-1,0.62,0.0,0.15500000000000003,0.009168250000000001,0.14583175000000004
KXTRUMPMENTION-26MAY12-BIDE,Mentions,"(0.4, 0.5]",-1,0.49,0.0,0.040000000000000036,0.002688000000000003,0.03731200000000003
KXTRUMPMENTION-26MAY12-TARI,Mentions,"(0.6, 0.7]",-1,0.635,0.0,0.15000000000000002,0.008925000000000002,0.141075
KXTRUMPMENTION-26MAY12-TRIL,Mentions,"(0.4, 0.5]",-1,0.49,0.0,0.0050000000000000044,0.0006930000000000006,0.0043070000000000035
KXTRUMPMENTION-26MAY12-NUCL,Mentions,"(0.5, 0.6]",-1,0.5397,0.0,0.05469999999999997,0.0036195536999999987,0.05108044629999997
KXTRUMPMENTION-26MAY12-MIDD,Mentions,"(0.6, 0.7]",-1,0.63,0.0,0.14500000000000002,0.008678250000000002,0.13632175000000002
KXTRUMPMENTION-26MAY12-DEMO,Mentions,"(0.4, 0.5]",-1,0.5,0.0,0.015000000000000013,0.001034250000000001,0.013965750000000013
KXTRUMPMENTION-26MAY12-SOYB,Mentions,"(0.3, 0.4]",-1,0.31,0.0,-0.17499999999999982,0.0006930000000000006,-0.17569299999999982
KXTRUMPMENTION-26MAY12-FENT,Mentions,"(0.5, 0.6]",-1,0.582,0.0,0.09699999999999998,0.006131369999999999,0.09086862999999998
KXTRUMPMENTION-26MAY12-COVI,Mentions,"(0.6, 0.7]",-1,0.66,0.0,0.17500000000000004,0.010106250000000002,0.16489375000000003
KXTRUMPMENTION-26MAY12-MOON,Mentions,"(0.4, 0.5]",-1,0.5,0.0,0.015000000000000013,0.001034250000000001,0.013965750000000013
KXTRUMPMENTION-26MAY12-DISA,Mentions,"(0.4, 0.5]",-1,0.43,0.0,-0.05500000000000016,0.0006930000000000006,-0.05569300000000016
KXTRUMPMENTION-26MAY12-NQE,Mentions,"(0.2, 0.3]",-1,0.21,0.0,-0.21999999999999997,0.0006930000000000006,-0.22069299999999997
KXBRAZILU-Q12026-5.4,Economics,"(0.4, 0.5]",-1,0.5,0.0,0.010000000000000009,0.0006930000000000006,0.009307000000000008
KXBTCD-26MAY1408-T79699.99,Crypto,"(0.2, 0.3]",-1,0.2414,0.0,0.20140000000000002,0.011258662800000001,0.1901413372
KXUSRETAIL-26MAY14-T0.6,Economics,"(0.4, 0.5]",-1,0.44,0.0,-0.050000000000000044,0.0006930000000000006,-0.050693000000000044
KXJOBLESSCLAIMS-26MAY14-225000,Economics,"(-0.001, 0.1]",1,0.1,0.0,-0.59,0.016933000000000004,-0.606933
KXJOBLESSCLAIMS-26MAY14-220000,Economics,"(-0.001, 0.1]",1,0.1,0.0,-0.29500000000000004,0.014558250000000003,-0.30955825000000003
KXJOBLESSCLAIMS-26MAY14-190000,Economics,"(0.9, 1.0]",-1,0.95,1.0,-0.54,0.017388,-0.557388
KXRUBIOMENTION-26MAY13-OIL,Mentions,"(0.7, 0.8]",-1,0.77,1.0,-0.42,0.017052000000000005,-0.437052
KXRUBIOMENTION-26MAY13-IRAN,Mentions,"(0.8, 0.9]",-1,0.9,1.0,-0.285,0.014264250000000001,-0.29926424999999995
KXRUBIOMENTION-26MAY13-CUBA,Mentions,"(0.7, 0.8]",-1,0.77,1.0,-0.42,0.017052000000000005,-0.437052
KXRUBIOMENTION-26MAY13-TARI,Mentions,"(0.3, 0.4]",-1,0.3622,0.0,0.18220000000000014,0.010430221200000008,0.17176977880000013
KXRUBIOMENTION-26MAY13-JD,Mentions,"(0.3, 0.4]",-1,0.34,0.0,0.16000000000000014,0.009408000000000008,0.15059200000000014
KXNBAMENTION-26MAY13CLEDET-GOAT,Mentions,"(-0.001, 0.1]",1,0.0723,0.0,-0.5573,0.0172701697,-0.5745701697
KXNHLMENTION-26MAY13MINCOL-SHOO,Mentions,"(0.2, 0.3]",-1,0.23,0.0,-0.21999999999999997,0.0006930000000000006,-0.22069299999999997
KXSURVIVORMENTION-26MAY13-WATE,Mentions,"(0.4, 0.5]",-1,0.44,0.0,0.21999999999999997,0.012012,0.20798799999999998
KXSURVIVORMENTION-26MAY13-TRUS,Mentions,"(0.5, 0.6]",-1,0.55,0.0,0.33000000000000007,0.015477000000000003,0.31452300000000005
KXSURVIVORMENTION-26MAY13-KEY,Mentions,"(0.4, 0.5]",-1,0.41,0.0,0.20999999999999996,0.011613,0.19838699999999995
KXSURVIVORMENTION-26MAY13-RISK,Mentions,"(0.6, 0.7]",-1,0.64,0.0,0.29500000000000004,0.014558250000000003,0.28044175000000005
KXEARNINGSMENTIONKLAR-26MAY14-DELI,Mentions,"(0.8, 0.9]",-1,0.9,1.0,-0.59,0.016933000000000004,-0.606933
KXEARNINGSMENTIONKLAR-26MAY14-INFL,Mentions,"(0.3, 0.4]",-1,0.36,0.0,-0.1299999999999999,0.0006930000000000006,-0.1306929999999999
KXEARNINGSMENTIONKLAR-26MAY14-PROF,Mentions,"(0.8, 0.9]",-1,0.9,0.0,0.41000000000000003,0.016933000000000004,0.39306700000000006
KXEARNINGSMENTIONKLAR-26MAY14-AI,Mentions,"(0.8, 0.9]",-1,0.9,0.0,0.41000000000000003,0.016933000000000004,0.39306700000000006
KXTRUMPMENTION-26MAY14-HANT,Mentions,"(-0.001, 0.1]",1,0.0178,0.0,-0.4478,0.0173092612,-0.46510926119999996
KXTRUMPMENTION-26MAY14-BIDE,Mentions,"(0.2, 0.3]",-1,0.272,0.0,-0.15799999999999992,0.0006930000000000006,-0.15869299999999992
KXTRUMPMENTION-26MAY14-TARI,Mentions,"(0.2, 0.3]",-1,0.24,0.0,-0.18999999999999995,0.0006930000000000006,-0.19069299999999995
KXTRUMPMENTION-26MAY14-CRYP,Mentions,"(-0.001, 0.1]",1,0.0494,0.0,-0.4794,0.0174702948,-0.4968702948
KXTRUMPMENTION-26MAY14-FARM,Mentions,"(0.2, 0.3]",-1,0.29,0.0,-0.1399999999999999,0.0006930000000000006,-0.1406929999999999
KXTRUMPMENTION-26MAY14-CEAS,Mentions,"(0.2, 0.3]",-1,0.24,0.0,-0.18999999999999995,0.0006930000000000006,-0.19069299999999995
KXTRUMPMENTION-26MAY14-GREA,Mentions,"(0.5, 0.6]",-1,0.54,0.0,0.1100000000000001,0.006853000000000006,0.10314700000000009
KXATHLETEMENTION-26MAY13-FREE,Mentions,"(0.2, 0.3]",-1,0.23,1.0,-1.22,0.0006930000000000006,-1.220693
KXATHLETEMENTION-26MAY13-FOUL,Mentions,"(0.5, 0.6]",-1,0.5594,1.0,-0.8906000000000001,0.0068202147999999975,-0.8974202148
KXATHLETEMENTION-26MAY13-NQE,Mentions,"(-0.001, 0.1]",1,0.02,0.0,-0.47000000000000003,0.017437000000000005,-0.487437
KXPERSONMENTION-26MAY13-BONE,Mentions,"(0.4, 0.5]",-1,0.4517,1.0,-0.7783,0.012078437700000002,-0.7903784377
KXPERSONMENTION-26MAY13-UFC,Mentions,"(0.5, 0.6]",-1,0.5107,1.0,-0.9393,0.003991085699999999,-0.9432910857
KXPERSONMENTION-26MAY13-OVER,Mentions,"(0.5, 0.6]",-1,0.59,0.0,0.1399999999999999,0.008427999999999996,0.1315719999999999
KXNASDAQ100U-26MAY14H1300-T29549.99,Financials,"(0.9, 1.0]",-1,0.94,1.0,-0.08500000000000002,0.005444250000000002,-0.09044425000000002
KXVANCEMENTION-26MAY14-ISRA,Mentions,"(0.3, 0.4]",-1,0.36,0.0,-0.09000000000000008,0.0006930000000000006,-0.09069300000000008
KXVANCEMENTION-26MAY14-OIL,Mentions,"(0.3, 0.4]",-1,0.37,1.0,-1.08,0.0006930000000000006,-1.0806930000000001
KXVANCEMENTION-26MAY14-SAVE,Mentions,"(0.3, 0.4]",-1,0.36,0.0,-0.09000000000000008,0.0006930000000000006,-0.09069300000000008
KXVANCEMENTION-26MAY14-FRAU,Mentions,"(0.8, 0.9]",-1,0.85,1.0,-0.6000000000000001,0.0168,-0.6168000000000001
KXVANCEMENTION-26MAY14-FREE,Mentions,"(0.3, 0.4]",-1,0.34,0.0,-0.10999999999999988,0.0006930000000000006,-0.11069299999999987
KXVANCEMENTION-26MAY14-BIDE,Mentions,"(0.6, 0.7]",-1,0.6067,1.0,-0.8432999999999999,0.009250157700000004,-0.8525501577
KXVANCEMENTION-26MAY14-CALI,Mentions,"(0.4, 0.5]",-1,0.4825,1.0,-0.9675,0.0022010624999999986,-0.9697010625
KXVANCEMENTION-26MAY14-TRAN,Mentions,"(0.3, 0.4]",-1,0.37,0.0,-0.08000000000000007,0.0006930000000000006,-0.08069300000000007
KXVANCEMENTION-26MAY14-MANU,Mentions,"(0.5, 0.6]",-1,0.5407,0.0,0.0907,0.0057731457,0.08492685430000001
KXVANCEMENTION-26MAY14-AUTI,Mentions,"(0.3, 0.4]",-1,0.3091,1.0,-1.1409,0.0006930000000000006,-1.141593
KXPGAROUNDSCORE-PGC26R1-BDEC69,Sports,"(0.5, 0.6]",-1,0.55,0.0,0.05500000000000005,0.0036382500000000035,0.051361750000000046
KXVANCEMENTION-26MAY14-ELEC,Mentions,"(0.7, 0.8]",-1,0.7364,0.0,0.2864,0.0143062528,0.2720937472
KXMLBF5-26MAY141240WSHCIN-TIE,Sports,"(0.1, 0.2]",1,0.19,0.0,-0.6699999999999999,0.015477000000000003,-0.6854769999999999
KXDOGE15M-26MAY141415-15,Crypto,"(0.2, 0.3]",-1,0.3,1.0,-0.7649999999999999,0.012584250000000005,-0.7775842499999999
KXARMOMINF-26MAY14-T3.0,Economics,"(0.8, 0.9]",-1,0.9,0.0,0.41000000000000003,0.016933000000000004,0.39306700000000006
KXARMOMINF-26MAY14-T3.8,Economics,"(0.4, 0.5]",-1,0.49,0.0,0.12,0.007392000000000001,0.112608
KXARMOMINF-26MAY14-T2.8,Economics,"(0.9, 1.0]",-1,0.96,0.0,0.47,0.017437,0.452563
KXARMOMINF-26MAY14-T4.0,Economics,"(0.9, 1.0]",-1,0.95,0.0,0.58,0.017052,0.562948
KXETH-26MAY1415-B2290,Crypto,"(0.2, 0.3]",-1,0.23,0.0,0.21999999999999997,0.012012,0.20798799999999998
KXLALIGAGAME-26MAY14VCFRVC-TIE,Sports,"(0.2, 0.3]",-1,0.23,1.0,-1.02,0.0006930000000000006,-1.020693
KXMLBHR-26MAY141240WSHCIN-WSHCABRAMS5-1,Sports,"(0.1, 0.2]",1,0.17,0.0,-0.25,0.013125000000000001,-0.263125
KXMLBHR-26MAY141235COLPIT-PITOCRUZ15-1,Sports,"(0.1, 0.2]",1,0.18,0.0,-0.275,0.013956250000000002,-0.28895625
KXFOXNEWSMENTION-26MAY14-TARI,Mentions,"(0.3, 0.4]",-1,0.4,1.0,-1.045,0.0006930000000000006,-1.045693
KXFOXNEWSMENTION-26MAY14-DATA,Mentions,"(0.7, 0.8]",-1,0.75,1.0,-0.6950000000000001,0.014838249999999999,-0.7098382500000001
KXFOXNEWSMENTION-26MAY14-TRUM,Mentions,"(0.6, 0.7]",-1,0.65,0.0,0.20500000000000007,0.011408250000000003,0.19359175000000006
KXFOXNEWSMENTION-26MAY14-ELON,Mentions,"(0.5, 0.6]",-1,0.5472,0.0,0.10220000000000007,0.006422861200000005,0.09577713880000006
KXFOXNEWSMENTION-26MAY14-ENER,Mentions,"(0.7, 0.8]",-1,0.74,0.0,0.29499999999999993,0.01455825,0.28044174999999993
KXFOXNEWSMENTION-26MAY14-SHAR,Mentions,"(0.4, 0.5]",-1,0.444,0.0,-0.001000000000000112,0.0006930000000000006,-0.0016930000000001124
KXMLBTOTAL-26MAY141310DETNYM-4,Sports,"(0.8, 0.9]",-1,0.9,1.0,-0.565,0.017204250000000004,-0.58220425
KXMLBHIT-26MAY141310DETNYM-DETRGREENE31-2,Sports,"(0.2, 0.3]",-1,0.23,1.0,-1.03,0.0006930000000000006,-1.030693
KXPGAC-26-MHOM,Sports,"(0.5, 0.6]",-1,0.53,1.0,-0.75,0.013125000000000001,-0.763125
KXMLBTOTAL-26MAY141340MIAMIN-15,Sports,"(0.5, 0.6]",-1,0.51,0.0,0.24,0.012768,0.227232
KXNEWSOMMENTION-26MAY14-IRAN,Mentions,"(0.2, 0.3]",-1,0.24,1.0,-1.205,0.0006930000000000006,-1.2056930000000001
KXNEWSOMMENTION-26MAY14-OIL,Mentions,"(0.8, 0.9]",-1,0.85,1.0,-0.595,0.01686825,-0.61186825
KXNEWSOMMENTION-26MAY14-HOME,Mentions,"(0.6, 0.7]",-1,0.7,1.0,-0.7450000000000001,0.01329825,-0.7582982500000001
KXNEWSOMMENTION-26MAY14-ELEC,Mentions,"(0.4, 0.5]",-1,0.43,1.0,-1.0150000000000001,0.0006930000000000006,-1.0156930000000002
KXNEWSOMMENTION-26MAY14-MENT,Mentions,"(0.5, 0.6]",-1,0.52,1.0,-0.925,0.004856249999999999,-0.92985625
KXBESSENTMTPMENTION-26MAY14B-AI,Mentions,"(0.6, 0.7]",-1,0.65,1.0,-0.84,0.009408000000000003,-0.8494079999999999
KXBESSENTMTPMENTION-26MAY14B-TARI,Mentions,"(0.7, 0.8]",-1,0.7661,1.0,-0.6889000000000001,0.0150021753,-0.7039021753000001
KXBESSENTMTPMENTION-26MAY14B-YEN,Mentions,"(0.3, 0.4]",-1,0.3918,0.0,-0.06320000000000014,0.0006930000000000006,-0.06389300000000014
KXBESSENTMTPMENTION-26MAY14B-SEMI,Mentions,"(0.7, 0.8]",-1,0.77,0.0,0.32000000000000006,0.015232000000000004,0.30476800000000004
KXBESSENTMTPMENTION-26MAY14B-ECON,Mentions,"(0.4, 0.5]",-1,0.49,0.0,0.0050000000000000044,0.0006930000000000006,0.0043070000000000035
KXMLBKS-26MAY141340MIAMIN-MIABGARRETT20-7,Sports,"(0.1, 0.2]",1,0.14,0.0,-0.21000000000000002,0.011613000000000004,-0.22161300000000003
KXMLBTEAMTOTAL-26MAY141340SDMIL-SD7,Sports,"(0.1, 0.2]",1,0.14,0.0,-0.54,0.017388,-0.557388
KXMLBSPREAD-26MAY141410SEAHOU-SEA6,Sports,"(0.2, 0.3]",-1,0.26,0.0,-0.1499999999999999,0.0006930000000000006,-0.1506929999999999
KXLALIGAGAME-26MAY14RMAOVI-TIE,Sports,"(0.2, 0.3]",-1,0.25,0.0,0.20999999999999996,0.011613,0.19838699999999995
KXNEWSOMMENTION-26MAY14-AI,Mentions,"(0.3, 0.4]",-1,0.38,1.0,-1.065,0.0006930000000000006,-1.065693
KXMLBKS-26MAY141505STLATH-ATHJLOPEZ57-7,Sports,"(0.2, 0.3]",-1,0.23,0.0,0.0,0.0006930000000000006,-0.0006930000000000006
KXRUBIOMENTION-26MAY14-TRUM,Mentions,"(0.5, 0.6]",-1,0.5935,0.0,0.15349999999999997,0.009095642499999999,0.14440435749999997
KXRUBIOMENTION-26MAY14-ISRA,Mentions,"(0.2, 0.3]",-1,0.2645,0.0,-0.1805000000000001,0.0006930000000000006,-0.1811930000000001
KXTRUEV-26MAY14-T1253.23,Economics,"(0.9, 1.0]",-1,0.91,1.0,-0.585,0.016994250000000002,-0.60199425
KXTRUEV-26MAY14-T1243.23,Economics,"(0.9, 1.0]",-1,0.99,1.0,-0.5,0.0175,-0.5175
KXTRUEV-26MAY14-T1283.23,Economics,"(0.9, 1.0]",-1,0.98,1.0,-0.515,0.017484250000000003,-0.53248425
KXTRUEV-26MAY14-T1383.23,Economics,"(-0.001, 0.1]",1,0.01,0.0,-0.5,0.0175,-0.5175
KXTRUEV-26MAY14-T1303.23,Economics,"(0.8, 0.9]",-1,0.8809,0.0,0.3859,0.016588683300000004,0.3693113167
KXTRUEV-26MAY14-T1373.23,Economics,"(-0.001, 0.1]",1,0.09,0.0,-0.58,0.017052000000000005,-0.5970519999999999
KXTRUFTSA-26MAY14-T2640000,Economics,"(0.8, 0.9]",-1,0.89,1.0,-0.36,0.016128,-0.37612799999999996
KXTRUEV-26MAY14-T1333.23,Economics,"(-0.001, 0.1]",1,0.09,0.0,-0.585,0.016994250000000002,-0.60199425
KXTRUEV-26MAY14-T1263.23,Economics,"(0.9, 1.0]",-1,0.95,1.0,-0.545,0.01735825,-0.5623582500000001
KXTRUFTSA-26MAY14-T2540000,Economics,"(0.8, 0.9]",-1,0.89,1.0,-0.45999999999999996,0.017388,-0.477388
KXTRUEV-26MAY14-T1363.23,Economics,"(-0.001, 0.1]",1,0.05,0.0,-0.545,0.01735825,-0.5623582500000001
KXTRUEV-26MAY14-T1273.23,Economics,"(0.9, 1.0]",-1,0.97,1.0,-0.52,0.017472,-0.5374720000000001
KXTRUEV-26MAY14-T1293.23,Economics,"(0.8, 0.9]",-1,0.8809,1.0,-0.6141,0.016588683300000004,-0.6306886832999999
KXPGAR1TOP5-PGC26-ALF,Sports,"(0.1, 0.2]",1,0.1419,0.0,-0.6369,0.0161880873,-0.6530880873
KXBTC15M-26MAY142145-45,Crypto,"(0.2, 0.3]",-1,0.257,0.0,0.252,0.013194720000000002,0.23880528
KXMLBKS-26MAY141915CHCATL-ATLCSALE51-9,Sports,"(0.2, 0.3]",-1,0.27,0.0,-0.030000000000000027,0.0006930000000000006,-0.030693000000000026
KXTRUMPMENTIONB-26MAY14-NQE,Mentions,"(-0.001, 0.1]",1,0.0931,0.0,-0.5231,0.017462647300000002,-0.5405626473
KXTRUMPMENTIONB-26MAY14-DRON,Mentions,"(-0.001, 0.1]",1,0.09,0.0,-0.52,0.017472,-0.5374720000000001
KXTRUMPMENTIONB-26MAY14-BLOC,Mentions,"(0.2, 0.3]",-1,0.24,1.0,-1.19,0.0006930000000000006,-1.190693
KXTRUMPMENTIONB-26MAY14-SOYB,Mentions,"(0.5, 0.6]",-1,0.56,1.0,-0.8699999999999999,0.007917000000000006,-0.8779169999999998
KXTRUMPMENTIONB-26MAY14-STOC,Mentions,"(0.5, 0.6]",-1,0.5057,1.0,-0.9242999999999999,0.004897865700000006,-0.9291978657
KXTRUMPMENTIONB-26MAY14-RUSS,Mentions,"(0.2, 0.3]",-1,0.24,1.0,-1.19,0.0006930000000000006,-1.190693
KXTRUMPMENTIONB-26MAY14C-BIDE,Mentions,"(0.7, 0.8]",-1,0.76,1.0,-0.665,0.01559425,-0.6805942500000001
KXAAAGASD-26MAY15-4.525,Economics,"(0.9, 1.0]",-1,0.93,1.0,-0.565,0.017204250000000004,-0.58220425
KXAAAGASD-26MAY15-4.515,Economics,"(0.9, 1.0]",-1,0.99,1.0,-0.465,0.01741425,-0.48241425000000004
KXAAAGASD-26MAY15-4.510,Economics,"(0.9, 1.0]",-1,0.99,1.0,-0.465,0.01741425,-0.48241425000000004
KXAAAGASD-26MAY15-4.505,Economics,"(0.9, 1.0]",-1,0.99,1.0,-0.465,0.01741425,-0.48241425000000004
KXAAAGASD-26MAY15-4.500,Economics,"(0.9, 1.0]",-1,0.9567,1.0,-0.13330000000000003,0.008087177700000002,-0.14138717770000003
KXAAAGASD-26MAY15-4.580,Economics,"(0.9, 1.0]",-1,0.92,0.0,0.45999999999999996,0.017388,0.44261199999999995
KXAAAGASD-26MAY15-4.585,Economics,"(0.9, 1.0]",-1,0.91,0.0,0.44999999999999996,0.017325,0.432675
KXAAAGASD-26MAY15-4.530,Economics,"(0.9, 1.0]",-1,0.95,0.0,0.45499999999999996,0.01735825,0.43764174999999994
KXAAAGASD-26MAY15-4.535,Economics,"(0.8, 0.9]",-1,0.86,0.0,0.385,0.016574250000000002,0.36842575
KXAAAGASD-26MAY15-4.550,Economics,"(0.9, 1.0]",-1,0.93,0.0,0.43500000000000005,0.017204250000000004,0.41779575
KXAAAGASD-26MAY15-4.575,Economics,"(0.9, 1.0]",-1,0.93,0.0,0.47,0.017437,0.452563
KXAAAGASD-26MAY15-4.545,Economics,"(0.9, 1.0]",-1,0.93,0.0,0.43500000000000005,0.017204250000000004,0.41779575
KXPERSONMENTION-26MAY14-MVP,Mentions,"(0.8, 0.9]",-1,0.9,1.0,-0.5449999999999999,0.017358250000000002,-0.56235825
KXPERSONMENTION-26MAY14-RETI,Mentions,"(0.5, 0.6]",-1,0.5607,0.0,0.11569999999999991,0.007161945699999996,0.10853805429999992
KXMLBSPREAD-26MAY142210SFLAD-LAD4,Sports,"(0.2, 0.3]",-1,0.234,0.0,-0.18100000000000005,0.0006930000000000006,-0.18169300000000005
KXMLBHR-26MAY142210SFLAD-LADFFREEMAN5-1,Sports,"(0.1, 0.2]",1,0.14,0.0,-0.21000000000000002,0.011613000000000004,-0.22161300000000003
KXNHLAST-26MAY14VGKANA-VGKJEICHEL9-2,Sports,"(0.2, 0.3]",-1,0.22,0.0,-0.27,0.0006930000000000006,-0.270693
KXNHLMENTION-26MAY14VGKANA-HOND,Mentions,"(0.8, 0.9]",-1,0.86,1.0,-0.20500000000000002,0.01140825,-0.21640825000000002
KXNHLMENTION-26MAY14VGKANA-WHAT,Mentions,"(0.2, 0.3]",-1,0.26,1.0,-1.185,0.0006930000000000006,-1.185693
KXITCPIPREL-26MAY15-T2.1,Economics,"(0.9, 1.0]",-1,0.9523,1.0,-0.5377,0.0174005097,-0.5551005096999999
KXITCPIPREL-26MAY15-T2.2,Economics,"(0.9, 1.0]",-1,0.9359,1.0,-0.5541,0.017295123300000003,-0.5713951233000001
KXITCPIPREL-26MAY15-T2.3,Economics,"(0.8, 0.9]",-1,0.8765,1.0,-0.6135,0.0165982425,-0.6300982425
KXITCPIPREL-26MAY15-T2.4,Economics,"(0.8, 0.9]",-1,0.8765,1.0,-0.6135,0.0165982425,-0.6300982425
KXITCPIPREL-26MAY15-T2.5,Economics,"(0.8, 0.9]",-1,0.8765,1.0,-0.6135,0.0165982425,-0.6300982425
KXITCPIPREL-26MAY15-T2.6,Economics,"(0.8, 0.9]",-1,0.84,1.0,-0.65,0.015925,-0.665925
KXITCPIPREL-26MAY15-T2.7,Economics,"(0.8, 0.9]",-1,0.83,0.0,0.33999999999999997,0.015708,0.32429199999999997
KXITCPIPREL-26MAY15-T3.2,Economics,"(-0.001, 0.1]",1,0.051,0.0,-0.541,0.01738233,-0.55838233
KXITCPIPREL-26MAY15-T3.3,Economics,"(-0.001, 0.1]",1,0.0567,0.0,-0.5467,0.017347337700000003,-0.5640473376999999
KXITCPIPREL-26MAY15-T3.4,Economics,"(-0.001, 0.1]",1,0.0527,0.0,-0.5427,0.0173723697,-0.5600723697
KXITCPIPREL-26MAY15-T3.5,Economics,"(-0.001, 0.1]",1,0.01,0.0,-0.5,0.0175,-0.5175
KXITCPIPREL-26MAY15-T3.1,Economics,"(-0.001, 0.1]",1,0.0949,0.0,-0.5849,0.0169954393,-0.6018954393
KXDEBATEMENTION-26MAY14-MENT,Mentions,"(0.6, 0.7]",-1,0.67,1.0,-0.7749999999999999,0.012206250000000005,-0.7872062499999999
KXDEBATEMENTION-26MAY14-NQE,Mentions,"(-0.001, 0.1]",1,0.0396,0.0,-0.48460000000000003,0.017483398800000004,-0.5020833988000001
KXDEBATEMENTION-26MAY14-TRUM,Mentions,"(0.8, 0.9]",-1,0.9,1.0,-0.5449999999999999,0.017358250000000002,-0.56235825
KXDEBATEMENTION-26MAY14-AFFO,Mentions,"(0.8, 0.9]",-1,0.85,1.0,-0.595,0.01686825,-0.61186825
KXDEBATEMENTION-26MAY14-FRAU,Mentions,"(0.6, 0.7]",-1,0.67,1.0,-0.7749999999999999,0.012206250000000005,-0.7872062499999999
KXDEBATEMENTION-26MAY14-CHIN,Mentions,"(0.6, 0.7]",-1,0.65,1.0,-0.7949999999999999,0.011408250000000003,-0.8064082499999999
KXDEBATEMENTION-26MAY14-BORD,Mentions,"(0.6, 0.7]",-1,0.65,0.0,0.20500000000000007,0.011408250000000003,0.19359175000000006
KXDEBATEMENTION-26MAY14-ISRA,Mentions,"(0.2, 0.3]",-1,0.2003,0.0,-0.24469999999999992,0.0006930000000000006,-0.24539299999999992
KXITFWMATCH-26MAY14FETKAM-KAM,Sports,"(0.5, 0.6]",-1,0.51,1.0,-0.97,0.002037000000000002,-0.9720369999999999
KXPERSONMENTION-26MAY14-PREG,Mentions,"(0.3, 0.4]",-1,0.38,0.0,-0.06499999999999995,0.0006930000000000006,-0.06569299999999995
KXPERSONMENTION-26MAY14-INTU,Mentions,"(0.2, 0.3]",-1,0.2938,0.0,-0.1512,0.0006930000000000006,-0.151893
KXLASTWORDMENTION-26MAY14-NQE,Mentions,"(0.2, 0.3]",-1,0.2477,0.0,-0.19730000000000003,0.0006930000000000006,-0.19799300000000003
KXLASTWORDMENTION-26MAY14-TRUM,Mentions,"(0.5, 0.6]",-1,0.52,1.0,-0.925,0.004856249999999999,-0.92985625
KXLASTWORDMENTION-26MAY14-OIL,Mentions,"(0.5, 0.6]",-1,0.52,1.0,-0.925,0.004856249999999999,-0.92985625
KXLASTWORDMENTION-26MAY14-DEMO,Mentions,"(0.4, 0.5]",-1,0.42,1.0,-1.0250000000000001,0.0006930000000000006,-1.0256930000000002
KXLASTWORDMENTION-26MAY14-BALL,Mentions,"(0.5, 0.6]",-1,0.503,1.0,-0.942,0.003824520000000003,-0.94582452
KXLASTWORDMENTION-26MAY14-CHIN,Mentions,"(0.5, 0.6]",-1,0.52,1.0,-0.925,0.004856249999999999,-0.92985625
KXINXU-26MAY15H1000-T7349.9999,Financials,"(0.9, 1.0]",-1,0.97,1.0,-0.040000000000000036,0.0026880000000000025,-0.04268800000000004
KXINXU-26MAY15H1000-T7364.9999,Financials,"(0.9, 1.0]",-1,0.94,1.0,-0.065,0.00425425,-0.06925425
KXDOTA2MAP-26MAY150930TUNDRARNX-1-RNX,Sports,"(0.1, 0.2]",1,0.11,1.0,0.4,0.016800000000000002,0.38320000000000004
KXETH-26MAY1511-B2220,Crypto,"(0.2, 0.3]",-1,0.2978,1.0,-0.7222,0.014043901200000004,-0.7362439011999999
KXDEBATEMENTION-26MAY14-AI,Mentions,"(0.6, 0.7]",-1,0.67,1.0,-0.7749999999999999,0.012206250000000005,-0.7872062499999999
KXDEBATEMENTION-26MAY14-NEWS,Mentions,"(0.3, 0.4]",-1,0.362,0.0,-0.08299999999999996,0.0006930000000000006,-0.08369299999999996
KXMAMDANIMENTION-26MAY13B-WORL,Mentions,"(-0.001, 0.1]",1,0.09,0.0,-0.54,0.017388,-0.557388
KXMAMDANIMENTION-26MAY13B-SOCI,Mentions,"(0.2, 0.3]",-1,0.27,0.0,-0.17999999999999994,0.0006930000000000006,-0.18069299999999994
KXDRAKEMENTION-26MAY15-DIAM,Mentions,"(0.3, 0.4]",-1,0.35,1.0,-1.1,0.0006930000000000006,-1.1006930000000001
KXDRAKEMENTION-26MAY15-VIRG,Mentions,"(-0.001, 0.1]",1,0.02,1.0,0.53,0.017437000000000005,0.512563
KXDRAKEMENTION-26MAY15-COMP,Mentions,"(0.2, 0.3]",-1,0.23,0.0,-0.2250000000000001,0.0006930000000000006,-0.2256930000000001
KXVANCEMENTION-26MAY15-HERO,Mentions,"(0.8, 0.9]",-1,0.88,1.0,-0.5549999999999999,0.017288250000000005,-0.5722882499999999
KXVANCEMENTION-26MAY15-BORD,Mentions,"(0.3, 0.4]",-1,0.3774,1.0,-1.0576,0.0006930000000000006,-1.0582930000000002
KXVANCEMENTION-26MAY15-BIDE,Mentions,"(0.8, 0.9]",-1,0.88,1.0,-0.5549999999999999,0.017288250000000005,-0.5722882499999999
KXVANCEMENTION-26MAY15-TERR,Mentions,"(0.3, 0.4]",-1,0.37,0.0,-0.06499999999999995,0.0006930000000000006,-0.06569299999999995
KXVANCEMENTION-26MAY15-DRUG,Mentions,"(0.3, 0.4]",-1,0.3525,0.0,-0.08250000000000002,0.0006930000000000006,-0.08319300000000002
KXVANCEMENTION-26MAY15-IMMI,Mentions,"(0.3, 0.4]",-1,0.37,0.0,-0.06499999999999995,0.0006930000000000006,-0.06569299999999995
KXVANCEMENTION-26MAY15-ILLE,Mentions,"(0.3, 0.4]",-1,0.37,0.0,-0.06499999999999995,0.0006930000000000006,-0.06569299999999995
KXVANCEMENTION-26MAY15-DEFU,Mentions,"(0.4, 0.5]",-1,0.425,0.0,-0.010000000000000009,0.0006930000000000006,-0.01069300000000001
KXTRUMPMENTION-26MAY14C-IRAN,Mentions,"(0.3, 0.4]",-1,0.36,1.0,-1.085,0.0006930000000000006,-1.085693
KXTRUMPMENTION-26MAY14C-STOC,Mentions,"(-0.001, 0.1]",1,0.09,0.0,-0.515,0.017484250000000003,-0.53248425
KXTRUMPMENTION-26MAY14C-TAIW,Mentions,"(-0.001, 0.1]",1,0.0682,0.0,-0.49319999999999997,0.0174967632,-0.5106967632
KXTRUMPMENTION-26MAY14C-BIDE,Mentions,"(-0.001, 0.1]",1,0.0931,0.0,-0.5381,0.017398387300000002,-0.5554983873
KXINXU-26MAY15H1500-T7449.9999,Financials,"(0.9, 1.0]",-1,0.99,0.0,0.495,0.017498250000000003,0.47750175
KXINXU-26MAY15H1500-T7434.9999,Financials,"(0.9, 1.0]",-1,0.95,1.0,-0.10000000000000003,0.006300000000000002,-0.10630000000000003
KXNASDAQ100U-26MAY15H1600-T29099.99,Financials,"(0.9, 1.0]",-1,0.94,1.0,-0.08500000000000002,0.005444250000000002,-0.09044425000000002
KXBTC-26MAY1518-B79050,Crypto,"(0.2, 0.3]",-1,0.21,0.0,0.18499999999999994,0.01055425,0.17444574999999996
KXPGAROUNDSCORE-PGC26R2-RGER71,Sports,"(0.5, 0.6]",-1,0.55,0.0,0.05500000000000005,0.0036382500000000035,0.051361750000000046
KXTRUFTSA-26MAY15-T2200000,Economics,"(0.9, 1.0]",-1,0.99,1.0,-0.385,0.016574250000000002,-0.40157425
KXTRUFEGGS-26MAY15-T2.72,Economics,"(-0.001, 0.1]",1,0.0329,1.0,0.47209999999999996,0.0174455113,0.45465448869999997
KXTRUFTSA-26MAY15-T2800000,Economics,"(-0.001, 0.1]",1,0.0728,0.0,-0.4978,0.0174996612,-0.5152996612
KXTRUEV-26MAY15-T1366.85,Economics,"(-0.001, 0.1]",1,0.07,0.0,-0.56,0.017248,-0.5772480000000001
KXTRUEV-26MAY15-T1246.85,Economics,"(0.9, 1.0]",-1,0.98,1.0,-0.51,0.017493,-0.527493
KXTRUEV-26MAY15-T1256.85,Economics,"(0.9, 1.0]",-1,0.96,0.0,0.47,0.017437,0.452563
KXTRUEV-26MAY15-T1266.85,Economics,"(0.9, 1.0]",-1,0.9545,0.0,0.4645,0.017411782500000004,0.4470882175
KXTRUEV-26MAY15-T1376.85,Economics,"(-0.001, 0.1]",1,0.04,0.0,-0.53,0.017437,-0.5474370000000001
KXTRUEV-26MAY15-T1386.85,Economics,"(-0.001, 0.1]",1,0.01,0.0,-0.5,0.0175,-0.5175
KXTRUEV-26MAY15-T1316.85,Economics,"(0.4, 0.5]",-1,0.45,0.0,-0.040000000000000036,0.0006930000000000006,-0.040693000000000035
KXTRUEV-26MAY15-T1306.85,Economics,"(0.4, 0.5]",-1,0.4671,0.0,-0.027899999999999814,0.0006930000000000006,-0.028592999999999813
KXMLBTOTAL-26MAY151845BALWSH-13,Sports,"(0.2, 0.3]",-1,0.23,0.0,-0.26,0.0006930000000000006,-0.260693
KXMLBHR-26MAY151845TORDET-TORGSPRINGER4-1,Sports,"(0.1, 0.2]",1,0.15,0.0,-0.185,0.010554250000000001,-0.19555424999999999
KXMLBHRR-26MAY151845TORDET-TORKOKAMOTO7-2,Sports,"(0.5, 0.6]",-1,0.57,1.0,-0.73,0.013797000000000002,-0.7437969999999999
KXNBASERIESSCORE-26CLEDETR2-CLE42,Sports,"(0.1, 0.2]",1,0.19,0.0,-0.235,0.01258425,-0.24758424999999998
KXNBATEAMTOTAL-26MAY15DETCLE-CLE104,Sports,"(0.5, 0.6]",-1,0.59,0.0,0.09499999999999997,0.006018249999999998,0.08898174999999997
KXNBASPREAD-26MAY15DETCLE-DET23,Sports,"(0.1, 0.2]",1,0.12,0.0,-0.125,0.007656250000000001,-0.13265625
KXMLBMENTION-26MAY15TORDET-DOUB,Mentions,"(0.8, 0.9]",-1,0.82,1.0,-0.665,0.01559425,-0.6805942500000001
KXMLBMENTION-26MAY15TORDET-TRAD,Mentions,"(0.7, 0.8]",-1,0.8,1.0,-0.2899999999999999,0.014412999999999999,-0.30441299999999993
KXMLBMENTION-26MAY15TORDET-MVP,Mentions,"(0.6, 0.7]",-1,0.6841,1.0,-0.8009,0.011162143300000003,-0.8120621432999999
KXMLBMENTION-26MAY15TORDET-ERRO,Mentions,"(0.7, 0.8]",-1,0.8,1.0,-0.6849999999999999,0.015104250000000003,-0.70010425
KXMLBMENTION-26MAY15TORDET-TRIP,Mentions,"(0.8, 0.9]",-1,0.82,1.0,-0.27,0.013797000000000002,-0.283797
KXMLBMENTION-26MAY15TORDET-NQE,Mentions,"(-0.001, 0.1]",1,0.05,0.0,-0.535,0.01741425,-0.55241425
KXNCAABBGAME-26MAY151800ILLIND-ILL,Sports,"(0.5, 0.6]",-1,0.5505,1.0,-0.5345,0.017416682500000003,-0.5519166824999999
KXMLBTOTAL-26MAY151840PHIPIT-13,Sports,"(0.1, 0.2]",1,0.17,1.0,0.35,0.015925,0.33407499999999996
KXMLBTOTAL-26MAY151840PHIPIT-15,Sports,"(0.2, 0.3]",-1,0.2825,1.0,-0.8575,0.008553562499999999,-0.8660535625
KXMLBTOTAL-26MAY152010TEXHOU-6,Sports,"(0.7, 0.8]",-1,0.7581,0.0,0.2681,0.013735567300000003,0.2543644327
KXETH15M-26MAY152245-45,Crypto,"(0.2, 0.3]",-1,0.2887,0.0,0.28369999999999995,0.014225001699999998,0.26947499829999993
KXMLBMENTION-26MAY15NYYNYM-TRAD,Mentions,"(0.8, 0.9]",-1,0.82,1.0,-0.27,0.013797000000000002,-0.283797
KXMLBMENTION-26MAY15NYYNYM-BULL,Mentions,"(0.9, 1.0]",-1,0.9135,1.0,-0.5765,0.0170903425,-0.5935903425
KXTRUMPMENTIONB-26MAY15-SPY,Mentions,"(0.2, 0.3]",-1,0.29,0.0,-0.125,0.0006930000000000006,-0.125693
KXTRUMPMENTIONB-26MAY15-RARE,Mentions,"(0.2, 0.3]",-1,0.24,0.0,-0.18999999999999995,0.0006930000000000006,-0.19069299999999995
KXTRUMPMENTIONB-26MAY15-NQE,Mentions,"(-0.001, 0.1]",1,0.07,0.0,-0.5,0.0175,-0.5175
KXTRUMPMENTIONB-26MAY15-TRAN,Mentions,"(0.8, 0.9]",-1,0.9,1.0,-0.5249999999999999,0.017456250000000003,-0.5424562499999999
KXTRUMPMENTIONB-26MAY15-VENE,Mentions,"(0.2, 0.3]",-1,0.24,1.0,-1.185,0.0006930000000000006,-1.185693
KXTRUMPMENTIONB-26MAY15-TAIW,Mentions,"(0.2, 0.3]",-1,0.28,1.0,-1.15,0.0006930000000000006,-1.150693
KXTRUMPMENTIONB-26MAY15-FAKE,Mentions,"(0.2, 0.3]",-1,0.29,1.0,-1.14,0.0006930000000000006,-1.140693
KXTRUMPMENTIONB-26MAY15-DEAL,Mentions,"(0.4, 0.5]",-1,0.44,1.0,-0.99,0.0006930000000000006,-0.990693
KXTRUMPMENTIONB-26MAY15-BIDE,Mentions,"(0.2, 0.3]",-1,0.29,1.0,-1.14,0.0006930000000000006,-1.140693
KXAAAGASD-26MAY16-4.535,Economics,"(0.4, 0.5]",-1,0.41,0.0,-0.07000000000000006,0.0006930000000000006,-0.07069300000000006
KXAAAGASD-26MAY16-4.490,Economics,"(0.9, 1.0]",-1,0.99,1.0,-0.46,0.017388000000000004,-0.47738800000000003
KXAAAGASD-26MAY16-4.520,Economics,"(0.8, 0.9]",-1,0.88,0.0,0.405,0.01686825,0.38813175
KXAAAGASD-26MAY16-4.515,Economics,"(0.9, 1.0]",-1,0.94,1.0,-0.51,0.017493,-0.527493
KXAAAGASD-26MAY16-4.510,Economics,"(0.9, 1.0]",-1,0.99,1.0,-0.46,0.017388000000000004,-0.47738800000000003
KXAAAGASD-26MAY16-4.505,Economics,"(0.9, 1.0]",-1,0.99,1.0,-0.46,0.017388000000000004,-0.47738800000000003
KXAAAGASD-26MAY16-4.500,Economics,"(0.9, 1.0]",-1,0.99,1.0,-0.46,0.017388000000000004,-0.47738800000000003
KXAAAGASD-26MAY16-4.495,Economics,"(0.9, 1.0]",-1,0.99,1.0,-0.46,0.017388000000000004,-0.47738800000000003
KXAAAGASD-26MAY16-4.485,Economics,"(0.9, 1.0]",-1,0.99,1.0,-0.505,0.017498250000000003,-0.52249825
KXAAAGASD-26MAY16-4.555,Economics,"(-0.001, 0.1]",1,0.05,0.0,-0.5,0.0175,-0.5175
KXNBATOTAL-26MAY15SASMIN-206,Sports,"(0.8, 0.9]",-1,0.86,1.0,-0.52,0.017472,-0.5374720000000001
KXMLBHIT-26MAY152140SFATH-SFMCHAPMAN26-1,Sports,"(0.5, 0.6]",-1,0.6,0.0,0.565,0.01720425,0.5477957499999999
KXNBASPREAD-26MAY15SASMIN-MIN14,Sports,"(0.1, 0.2]",1,0.11,0.0,-0.5,0.0175,-0.5175
KXNBASPREAD-26MAY15SASMIN-MIN9,Sports,"(0.1, 0.2]",1,0.15,0.0,-0.54,0.017388,-0.557388
KXNBAMENTION-26MAY15DETCLE-ANKL,Mentions,"(0.8, 0.9]",-1,0.82,1.0,-0.665,0.01559425,-0.6805942500000001
KXNBAMENTION-26MAY15DETCLE-INJU,Mentions,"(0.8, 0.9]",-1,0.82,1.0,-0.27,0.013797000000000002,-0.283797
KXNBAMENTION-26MAY15DETCLE-OVER,Mentions,"(0.5, 0.6]",-1,0.5185,0.0,0.033499999999999974,0.0022664424999999985,0.031233557499999974
KXNBAMENTION-26MAY15DETCLE-ROCK,Mentions,"(0.8, 0.9]",-1,0.82,1.0,-0.665,0.01559425,-0.6805942500000001
KXDOGE15M-26MAY160145-45,Crypto,"(0.2, 0.3]",-1,0.2762,0.0,0.24619999999999997,0.0129909892,0.23320901079999998
KXNBAMENTION-26MAY15SASMIN-BUZZ,Mentions,"(0.5, 0.6]",-1,0.52,0.0,0.03500000000000003,0.002364250000000002,0.032635750000000026
KXNBAMENTION-26MAY15SASMIN-RETI,Mentions,"(0.3, 0.4]",-1,0.3637,0.0,-0.12129999999999996,0.0006930000000000006,-0.12199299999999996
KXNBAMENTION-26MAY15SASMIN-ROOK,Mentions,"(0.8, 0.9]",-1,0.82,1.0,-0.665,0.01559425,-0.6805942500000001
KXNBAMENTION-26MAY15SASMIN-NQE,Mentions,"(-0.001, 0.1]",1,0.011,0.0,-0.496,0.01749888,-0.51349888
KXNBAMENTION-26MAY15SASMIN-TARG,Mentions,"(0.8, 0.9]",-1,0.82,1.0,-0.665,0.01559425,-0.6805942500000001
KXITFWMATCH-26MAY15COLTSY-COL,Sports,"(0.5, 0.6]",-1,0.55,1.0,-0.9299999999999999,0.004557000000000005,-0.934557
KXBNB15M-26MAY160830-30,Crypto,"(0.2, 0.3]",-1,0.25,0.0,0.11499999999999999,0.00712425,0.10787574999999999
KXNBAMENTION-26MAY15SASMIN-ELBO,Mentions,"(0.8, 0.9]",-1,0.82,0.0,0.645,0.016028250000000004,0.62897175
KXNBAMENTION-26MAY15DETCLE-TECH,Mentions,"(0.8, 0.9]",-1,0.82,0.0,0.33999999999999997,0.015708,0.32429199999999997
KXNBAMENTION-26MAY15DETCLE-ROOK,Mentions,"(0.6, 0.7]",-1,0.63,0.0,0.44999999999999996,0.017325,0.432675
KXATPMATCH-26MAY15SINMED-MED,Sports,"(0.1, 0.2]",1,0.14,0.0,-0.58,0.017052000000000005,-0.5970519999999999
KXBUNDESLIGAGAME-26MAY16SVWBVB-BVB,Sports,"(0.5, 0.6]",-1,0.58,1.0,-0.78,0.012012,-0.792012
KXVANCEMENTION-26MAY16-NEWS,Mentions,"(0.3, 0.4]",-1,0.38,1.0,-1.065,0.0006930000000000006,-1.065693
KXVANCEMENTION-26MAY16-DEMO,Mentions,"(0.4, 0.5]",-1,0.5,1.0,-0.7,0.014700000000000003,-0.7147
KXVANCEMENTION-26MAY16-AFFO,Mentions,"(0.8, 0.9]",-1,0.9,1.0,-0.14999999999999997,0.008925,-0.15892499999999996
KXVANCEMENTION-26MAY16-BIDE,Mentions,"(0.4, 0.5]",-1,0.4063,1.0,-0.7837000000000001,0.0118660017,-0.7955660017
KXVANCEMENTION-26MAY16-SOMA,Mentions,"(0.4, 0.5]",-1,0.45,1.0,-0.75,0.013125000000000001,-0.763125
KXMRBEASTMENTION-26MAY16-CONT,Mentions,"(0.5, 0.6]",-1,0.5447,1.0,-0.9003000000000001,0.006283193699999994,-0.9065831937000001
KXMRBEASTMENTION-26MAY16-MONE,Mentions,"(0.5, 0.6]",-1,0.6,1.0,-0.845,0.009168250000000001,-0.85416825
KXMRBEASTMENTION-26MAY16-CHAL,Mentions,"(0.8, 0.9]",-1,0.85,1.0,-0.595,0.01686825,-0.61186825
KXMRBEASTMENTION-26MAY16-BILL,Mentions,"(0.3, 0.4]",-1,0.35,1.0,-1.095,0.0006930000000000006,-1.095693
KXMRBEASTMENTION-26MAY16-SURV,Mentions,"(0.3, 0.4]",-1,0.32,0.0,-0.125,0.0006930000000000006,-0.125693
KXMRBEASTMENTION-26MAY16-BEAS,Mentions,"(0.4, 0.5]",-1,0.5,0.0,0.05499999999999994,0.0036382499999999965,0.05136174999999994
KXMRBEASTMENTION-26MAY16-SPON,Mentions,"(0.3, 0.4]",-1,0.37,0.0,-0.07499999999999996,0.0006930000000000006,-0.07569299999999995
KXIPLGAME-26MAY16GTKKR-GT,Sports,"(0.5, 0.6]",-1,0.56,0.0,0.26,0.013468000000000003,0.246532
KXCODMAP-26MAY161300PARRIYF-1-PAR,Sports,"(0.5, 0.6]",-1,0.54,0.0,0.050000000000000044,0.0033250000000000033,0.04667500000000004
KXCODGAME-26MAY161300MHTEX-TEX,Sports,"(0.9, 1.0]",-1,0.92,1.0,-0.5499999999999999,0.017325000000000004,-0.567325
KXMLBHR-26MAY161310TORDET-DETDDINGLER13-1,Sports,"(0.1, 0.2]",1,0.11,0.0,-0.24,0.012768000000000002,-0.252768
KXMLBHR-26MAY161310TORDET-DETSTORKELSON20-1,Sports,"(0.1, 0.2]",1,0.14,0.0,-0.28,0.014112000000000001,-0.29411200000000004
KXMLBHIT-26MAY161310TORDET-DETHLEE50-1,Sports,"(0.5, 0.6]",-1,0.55,0.0,0.4950000000000001,0.01749825,0.4775017500000001
KXPERLIGA1GAME-26MAY16MELHUA-HUA,Sports,"(0.1, 0.2]",1,0.2,0.0,-0.25,0.013125000000000001,-0.263125
KXPGAROUNDSCORE-PGC26R3-RFOX71,Sports,"(0.5, 0.6]",-1,0.56,0.0,0.06500000000000006,0.0042542500000000046,0.06074575000000006
KXCHINAANNOUNCE-26MAY-MAY17-BOEING,Politics,"(0.8, 0.9]",-1,0.89,1.0,-0.14999999999999997,0.008925,-0.15892499999999996
KXMLBHR-26MAY161415KCSTL-STLPPAGS43-1,Sports,"(0.1, 0.2]",1,0.11,0.0,-0.6,0.016800000000000002,-0.6168
KXPSASQUASH-26W-NELS,Sports,"(0.9, 1.0]",-1,0.99,0.0,0.965,0.002364250000000001,0.96263575
KXMLBKS-26MAY161510AZCOL-AZERODRIGUEZ57-5,Sports,"(0.5, 0.6]",-1,0.55,1.0,-0.615,0.016574250000000002,-0.63157425
KXUFCMOV-26MAY16VIECAV-VIEKOTKODQ,Sports,"(0.1, 0.2]",1,0.13,0.0,-0.505,0.017498250000000003,-0.52249825
KXMLBMENTION-26MAY16BALWSH-TRIP,Mentions,"(0.8, 0.9]",-1,0.82,1.0,-0.27,0.013797000000000002,-0.283797
KXMLBHIT-26MAY161610MIATB-MIAOLOPEZ6-1,Sports,"(0.5, 0.6]",-1,0.59,1.0,-0.88,0.007392000000000001,-0.887392
KXUFCVICROUND-26MAY16PERMAS-OTHER,Sports,"(0.2, 0.3]",-1,0.28,1.0,-0.7999999999999999,0.011200000000000003,-0.8111999999999999
KXMLBTB-26MAY161605BALWSH-BALSBASALLO29-3,Sports,"(0.2, 0.3]",-1,0.3,1.0,-1.1949999999999998,0.0006930000000000006,-1.195693
KXUFCFIGHT-26MAY16BUKEDW-BUK,Sports,"(0.5, 0.6]",-1,0.504,1.0,-0.901,0.006243929999999998,-0.90724393
KXMLBHR-26MAY161910MILMIN-MILAVAUGHN28-1,Sports,"(0.1, 0.2]",1,0.15,0.0,-0.645,0.01602825,-0.66102825
KXMLBHIT-26MAY161910MILMIN-MILGSNCHEZ99-1,Sports,"(0.5, 0.6]",-1,0.55,0.0,0.5250000000000001,0.017456250000000003,0.5075437500000002
KXMLBHR-26MAY161910TEXHOU-HOUJALTUVE27-1,Sports,"(0.1, 0.2]",1,0.13,1.0,0.8049999999999999,0.010988250000000001,0.7940117499999999
KXMLBHR-26MAY161910CHCCWS-CHCMCONFORTO90-1,Sports,"(0.1, 0.2]",1,0.2,0.0,-0.69,0.014973000000000004,-0.704973
KXBUNDESLIGATOP4-26-BMU,Sports,"(0.9, 1.0]",-1,0.99,1.0,-0.235,0.01258425,-0.24758424999999998
KXMLBHIT-26MAY161915SDSEA-SEAJNAYLOR12-2,Sports,"(0.2, 0.3]",-1,0.27,1.0,-0.7949999999999999,0.011408250000000003,-0.8064082499999999
KXHYPE15M-26MAY162230-30,Crypto,"(0.2, 0.3]",-1,0.26,0.0,0.17000000000000004,0.009877000000000004,0.16012300000000004
KXMLSSPREAD-26MAY16ATXSKC-ATX2,Sports,"(0.1, 0.2]",1,0.14,0.0,-0.47000000000000003,0.017437000000000005,-0.487437
KXMLBHIT-26MAY161915NYYNYM-NYMBBICHETTE19-1,Sports,"(0.5, 0.6]",-1,0.59,0.0,0.125,0.007656250000000001,0.11734375
KXMLBMENTION-26MAY16NYYNYM-BULL,Mentions,"(0.8, 0.9]",-1,0.8628,1.0,-0.6272,0.016367411200000005,-0.6435674111999999
KXMLBMENTION-26MAY16NYYNYM-NQE,Mentions,"(-0.001, 0.1]",1,0.01,0.0,-0.495,0.01749825,-0.51249825
KXPERSONMENTION-26MAY16-CHAT,Mentions,"(0.3, 0.4]",-1,0.3506,0.0,-0.054400000000000004,0.0006930000000000006,-0.055093
KXPERSONMENTION-26MAY16-DISC,Mentions,"(0.2, 0.3]",-1,0.21,0.0,-0.19500000000000006,0.0006930000000000006,-0.19569300000000006
KXPERSONMENTION-26MAY16-AI,Mentions,"(0.2, 0.3]",-1,0.27,0.0,-0.135,0.0006930000000000006,-0.135693
KXPERSONMENTION-26MAY16-COMP,Mentions,"(0.5, 0.6]",-1,0.54,1.0,-0.865,0.008174250000000001,-0.87317425
KXBOXING-26MAY16JRWAGNER-WAGNER,Sports,"(0.1, 0.2]",1,0.13,0.0,-0.5349999999999999,0.017414250000000003,-0.5524142499999999
KXNHLGOAL-26MAY16BUFMTL-BUFZBENSON6-1,Sports,"(0.2, 0.3]",-1,0.24,1.0,-0.875,0.007656250000000001,-0.88265625
KXAAAGASD-26MAY17-4.570,Economics,"(-0.001, 0.1]",1,0.05,0.0,-0.07500000000000001,0.004856250000000001,-0.07985625000000002
KXAAAGASD-26MAY17-4.515,Economics,"(0.8, 0.9]",-1,0.81,0.0,0.77,0.012397,0.757603
KXAAAGASD-26MAY17-4.500,Economics,"(0.9, 1.0]",-1,0.94,1.0,-0.08500000000000008,0.005444250000000005,-0.09044425000000009
KXAAAGASD-26MAY17-4.495,Economics,"(0.9, 1.0]",-1,0.99,1.0,-0.03500000000000003,0.002364250000000002,-0.037364250000000036
KXAAAGASD-26MAY17-4.505,Economics,"(0.8, 0.9]",-1,0.8933,1.0,-0.1467,0.0087625377,-0.1554625377
KXAAAGASD-26MAY17-4.510,Economics,"(0.8, 0.9]",-1,0.9,1.0,-0.13999999999999996,0.008428,-0.14842799999999995
KXAAAGASD-26MAY17-4.485,Economics,"(0.9, 1.0]",-1,0.99,1.0,-0.03500000000000003,0.002364250000000002,-0.037364250000000036
KXAAAGASD-26MAY17-4.490,Economics,"(0.9, 1.0]",-1,0.99,1.0,-0.03500000000000003,0.002364250000000002,-0.037364250000000036
KXUFCMOV-26MAY16ROUCAR-CARSUB,Sports,"(0.1, 0.2]",1,0.17,0.0,-0.545,0.01735825,-0.5623582500000001
KXUFCMOV-26MAY16ROUCAR-DRAWDRAW,Sports,"(0.1, 0.2]",1,0.11,0.0,-0.48,0.017472,-0.49747199999999997
KXMLBHRR-26MAY162140SFATH-SFWADAMES2-2,Sports,"(0.5, 0.6]",-1,0.51,1.0,-0.985,0.001034250000000001,-0.98603425
KXMLBHRR-26MAY162138LADLAA-LADHKIM6-3,Sports,"(0.1, 0.2]",1,0.18,0.0,-0.6699999999999999,0.015477000000000003,-0.6854769999999999
KXBTC-26MAY1701-B78150,Crypto,"(0.2, 0.3]",-1,0.2167,1.0,-1.2532999999999999,0.0006930000000000006,-1.253993
KXNHLMENTION-26MAY16BUFMTL-CROW,Mentions,"(0.8, 0.9]",-1,0.82,1.0,-0.25500000000000006,0.013298250000000001,-0.26829825000000007
KXNHLMENTION-26MAY16BUFMTL-SHOR,Mentions,"(0.8, 0.9]",-1,0.81,1.0,-0.6399999999999999,0.016128000000000003,-0.6561279999999999
KXFIGHTMENTION-26MAY16DIAPER-BLOO,Mentions,"(0.9, 1.0]",-1,0.9009,1.0,-0.5441,0.0173638633,-0.5614638633
KXFIGHTMENTION-26MAY16ROUCAR-JUDO,Mentions,"(0.9, 1.0]",-1,0.9009,1.0,-0.5441,0.0173638633,-0.5614638633
KXMLBMENTION-26MAY16SDSEA-BASE,Mentions,"(0.6, 0.7]",-1,0.64,1.0,-0.845,0.009168250000000001,-0.85416825
KXMLBMENTION-26MAY16SDSEA-NQE,Mentions,"(-0.001, 0.1]",1,0.01,0.0,-0.495,0.01749825,-0.51249825
KXMLBMENTION-26MAY16BALWSH-WILD,Mentions,"(-0.001, 0.1]",1,0.03,0.0,-0.51,0.017493,-0.527493
KXMLBMENTION-26MAY16BALWSH-WALK,Mentions,"(0.6, 0.7]",-1,0.67,0.0,0.19000000000000006,0.010773000000000003,0.17922700000000005
KXMLBMENTION-26MAY16BALWSH-WHAT,Mentions,"(-0.001, 0.1]",1,0.1,0.0,-0.58,0.017052000000000005,-0.5970519999999999
KXTRUMPENDORSEMENTS-26MAY16-A3,Politics,"(0.8, 0.9]",-1,0.9,1.0,-0.13999999999999996,0.008428,-0.14842799999999995
KXTRUMPACT-26MAY10-T3,Politics,"(0.8, 0.9]",-1,0.83,1.0,-0.21000000000000008,0.011613000000000004,-0.2216130000000001
KXTRUMPACT-26MAY10-T2,Politics,"(0.8, 0.9]",-1,0.8724,1.0,-0.16760000000000003,0.009765716800000003,-0.17736571680000002
KXTRUMPACT-26MAY10-T1,Politics,"(0.8, 0.9]",-1,0.88,1.0,-0.15999999999999998,0.009408000000000001,-0.16940799999999998
KXEREDIVISIEGAME-26MAY17HEEAJA-AJA,Sports,"(0.5, 0.6]",-1,0.52,0.0,0.47,0.017437,0.452563
KXBTCD-26MAY1711-T78299.99,Crypto,"(0.2, 0.3]",-1,0.2189,0.0,0.20889999999999997,0.0115682553,0.19733174469999998
KXCODGAME-26MAY171100FAZLAT-LAT,Sports,"(0.5, 0.6]",-1,0.59,1.0,-0.88,0.007392000000000001,-0.887392
KXMTPMENTION-26MAY17-DOJ,Mentions,"(0.8, 0.9]",-1,0.89,1.0,-0.5549999999999999,0.017288250000000005,-0.5722882499999999
KXMTPMENTION-26MAY17-SEAS,Mentions,"(0.4, 0.5]",-1,0.41,1.0,-1.0350000000000001,0.0006930000000000006,-1.0356930000000002
KXMTPMENTION-26MAY17-47,Mentions,"(0.2, 0.3]",-1,0.2238,0.0,-0.22120000000000006,0.0006930000000000006,-0.22189300000000006
KXJOHNSONMENTION-26MAY17-OIL,Mentions,"(0.5, 0.6]",-1,0.52,1.0,-0.925,0.004856249999999999,-0.92985625
KXSNLMENTION-26MAY16-HAWK,Mentions,"(0.4, 0.5]",-1,0.45,0.0,0.04499999999999993,0.0030082499999999957,0.04199174999999993
KXSNLMENTION-26MAY16-MAYO,Mentions,"(-0.001, 0.1]",1,0.0738,0.0,-0.5188,0.017475259200000003,-0.5362752592000001
KXSNLMENTION-26MAY16-NETF,Mentions,"(0.6, 0.7]",-1,0.63,0.0,0.18500000000000005,0.010554250000000003,0.17444575000000004
KXSNLMENTION-26MAY16-TRUM,Mentions,"(0.8, 0.9]",-1,0.89,0.0,0.44999999999999996,0.017325,0.432675
KXSNLMENTION-26MAY17-NQE,Mentions,"(-0.001, 0.1]",1,0.05,0.0,-0.495,0.01749825,-0.51249825
KXSNLMENTION-26MAY17-ELON,Mentions,"(0.8, 0.9]",-1,0.81,0.0,0.365,0.016224250000000003,0.34877575
KXSNLMENTION-26MAY17-EPST,Mentions,"(0.5, 0.6]",-1,0.557,0.0,0.1120000000000001,0.006961920000000006,0.10503808000000009
KXFIGHTMENTION-26MAY16DIAPER-DECI,Mentions,"(0.8, 0.9]",-1,0.84,0.0,0.395,0.016728250000000004,0.37827175
KXFIGHTMENTION-26MAY16ROUCAR-OLYM,Mentions,"(0.8, 0.9]",-1,0.89,0.0,0.44500000000000006,0.017288250000000005,0.42771175000000006
KXFIGHTMENTION-26MAY16ROUCAR-KNOC,Mentions,"(0.7, 0.8]",-1,0.75,0.0,0.30499999999999994,0.014838249999999999,0.29016174999999994
KXSERIEATOTAL-26MAY17ATABFC-1,Sports,"(0.7, 0.8]",-1,0.74,0.0,0.54,0.017388,0.5226120000000001
KXLALIGAGAME-26MAY17ATHRCC-TIE,Sports,"(0.1, 0.2]",1,0.2,1.0,0.5349999999999999,0.01741425,0.51758575
KXMLBHIT-26MAY171340CINCLE-CINEDELACRUZ44-2,Sports,"(0.2, 0.3]",-1,0.24,1.0,-1.25,0.0006930000000000006,-1.250693
KXMLBGAME-26MAY171410TEXHOU-TEX,Sports,"(0.5, 0.6]",-1,0.52,1.0,-0.76,0.012768,-0.772768
KXMLBHIT-26MAY171335BOSATL-BOSCNARVEZ75-1,Sports,"(0.5, 0.6]",-1,0.54,1.0,-0.9299999999999999,0.004557000000000005,-0.934557
KXMLBTEAMTOTAL-26MAY171410MILMIN-MIN8,Sports,"(0.1, 0.2]",1,0.16,0.0,-0.405,0.01686825,-0.42186825000000006
KXMLBTEAMTOTAL-26MAY171410MILMIN-MIL8,Sports,"(0.1, 0.2]",1,0.2,0.0,-0.42000000000000004,0.017052,-0.43705200000000005
KXMLBHIT-26MAY171410MILMIN-MILJORTIZ3-1,Sports,"(0.5, 0.6]",-1,0.6,1.0,-0.875,0.007656250000000001,-0.88265625
KXLALIGASPREAD-26MAY17BARRBB-BAR1,Sports,"(0.5, 0.6]",-1,0.58,1.0,-0.7250000000000001,0.013956249999999998,-0.7389562500000001
KXCS2TOTALMAPS-26MAY171415NAVIGL-4,Sports,"(0.5, 0.6]",-1,0.5957,0.0,0.3257,0.015373365700000002,0.31032663429999996
KXMLBHR-26MAY171607LADLAA-LADFFREEMAN5-1,Sports,"(0.1, 0.2]",1,0.15,0.0,-0.64,0.016128000000000003,-0.656128
KXPGA5BALL-PGC26SSCHRMCIBDECJRAHXSCH-BDEC,Sports,"(0.1, 0.2]",1,0.1152,0.0,-0.1402,0.0084380772,-0.1486380772
KXSOL15M-26MAY171930-30,Crypto,"(0.2, 0.3]",-1,0.2607,0.0,0.2506999999999999,0.013149465699999998,0.23755053429999992
KXMLBHIT-26MAY171510AZCOL-AZJFERNANDEZ79-2,Sports,"(0.2, 0.3]",-1,0.26,0.0,0.18500000000000005,0.010554250000000003,0.17444575000000004
KXMLBHRR-26MAY171510AZCOL-AZADELCASTILLO25-2,Sports,"(0.5, 0.6]",-1,0.52,0.0,0.03500000000000003,0.002364250000000002,0.032635750000000026
KXSOLD-26MAY1721-T84.9999,Crypto,"(0.2, 0.3]",-1,0.3,1.0,-0.9049999999999999,0.006018250000000005,-0.9110182499999999
KXETHD-26MAY1721-T2129.99,Crypto,"(0.2, 0.3]",-1,0.25,0.0,-0.19999999999999996,0.0006930000000000006,-0.20069299999999995
KXNBA1HWINNER-26MAY17CLEDET-DET,Sports,"(0.7, 0.8]",-1,0.71,0.0,0.22999999999999998,0.012397,0.217603
KX60MINMENTION-26MAY17-TROJ,Mentions,"(0.5, 0.6]",-1,0.5741,0.0,0.16910000000000003,0.009835363300000002,0.15926463670000002
KX60MINMENTION-26MAY17-INTE,Mentions,"(0.4, 0.5]",-1,0.45,0.0,0.04499999999999993,0.0030082499999999957,0.04199174999999993
KX60MINMENTION-26MAY17-RAP,Mentions,"(0.4, 0.5]",-1,0.4029,0.0,-0.0020999999999999908,0.0006930000000000006,-0.0027929999999999912
KXUE-CHN26APR-5.8,Economics,"(-0.001, 0.1]",1,0.01,0.0,-0.5,0.0175,-0.5175
KXUE-CHN26APR-5.1,Economics,"(0.8, 0.9]",-1,0.9,1.0,-0.59,0.016933000000000004,-0.606933
KXUE-CHN26APR-5.7,Economics,"(-0.001, 0.1]",1,0.05,0.0,-0.54,0.017388,-0.557388
KXCHIPYOY-26MAY17-T5.5,Economics,"(0.8, 0.9]",-1,0.82,0.0,0.32499999999999996,0.01535625,0.30964374999999994
KXCHIPYOY-26MAY17-T4.0,Economics,"(0.9, 1.0]",-1,0.92,1.0,-0.575,0.017106250000000003,-0.59210625
KXCHIPYOY-26MAY17-T8.5,Economics,"(-0.001, 0.1]",1,0.02,0.0,-0.515,0.017484250000000003,-0.53248425
KXCHIPYOY-26MAY17-T9.0,Economics,"(-0.001, 0.1]",1,0.02,0.0,-0.515,0.017484250000000003,-0.53248425
KXCHRETAIL-26MAY17-T-1.5,Economics,"(0.9, 1.0]",-1,0.98,1.0,-0.515,0.017484250000000003,-0.53248425
KXCHRETAIL-26MAY17-T2.5,Economics,"(0.4, 0.5]",-1,0.5,0.0,0.0050000000000000044,0.0006930000000000006,0.0043070000000000035
KXCHRETAIL-26MAY17-T5.5,Economics,"(-0.001, 0.1]",1,0.02,0.0,-0.515,0.017484250000000003,-0.53248425
KXCHIPYOY-26MAY17-T2.0,Economics,"(0.8, 0.9]",-1,0.82,1.0,-0.675,0.01535625,-0.69035625
KXCHIPYOY-26MAY17-T2.5,Economics,"(0.8, 0.9]",-1,0.86,1.0,-0.635,0.016224250000000003,-0.6512242500000001
KXMLBHR-26MAY171920SDSEA-SEAJNAYLOR12-1,Sports,"(0.1, 0.2]",1,0.14,0.0,-0.17,0.009877000000000002,-0.179877
KXMLBMENTION-26MAY17SDSEA-BULL,Mentions,"(0.8, 0.9]",-1,0.9,1.0,-0.19499999999999995,0.010988249999999998,-0.20598824999999996
KXMLBMENTION-26MAY17SDSEA-T-MOB,Mentions,"(0.8, 0.9]",-1,0.82,1.0,-0.625,0.01640625,-0.64140625
KXMLBHIT-26MAY171920SDSEA-SEAJCRAWFORD3-1,Sports,"(0.5, 0.6]",-1,0.59,0.0,0.52,0.017472,0.502528
KXNBAUPSET-26R2-1,Sports,"(0.8, 0.9]",-1,0.87,1.0,-0.62,0.016492,-0.636492
KXNBAPTS-26MAY17CLEDET-DETCCUNNINGHAM2-30,Sports,"(0.2, 0.3]",-1,0.23,0.0,-0.2650000000000001,0.0006930000000000006,-0.2656930000000001
KXNBASPREAD-26MAY17CLEDET-CLE1,Sports,"(0.2, 0.3]",-1,0.21,1.0,-1.1800000000000002,0.0006930000000000006,-1.1806930000000002
KXTSAW-26MAY17-A2.60,Economics,"(-0.001, 0.1]",1,0.07,0.0,-0.1,0.006300000000000001,-0.1063
KXAAAGASD-26MAY18-4.570,Economics,"(-0.001, 0.1]",1,0.01,0.0,-0.035,0.0023642500000000005,-0.03736425
KXAAAGASW-26MAY18-4.340,Economics,"(0.8, 0.9]",-1,0.834,1.0,-0.18600000000000005,0.010598280000000003,-0.19659828000000007
KXAAAGASW-26MAY18-4.360,Economics,"(0.8, 0.9]",-1,0.82,1.0,-0.20000000000000007,0.011200000000000003,-0.21120000000000008
KXAAAGASW-26MAY18-4.480,Economics,"(0.8, 0.9]",-1,0.82,1.0,-0.21500000000000008,0.011814250000000005,-0.22681425000000008
KXAAAGASW-26MAY18-4.400,Economics,"(0.8, 0.9]",-1,0.82,1.0,-0.20500000000000007,0.011408250000000005,-0.21640825000000008
KXAAAGASW-26MAY18-4.420,Economics,"(0.8, 0.9]",-1,0.82,1.0,-0.2,0.011200000000000002,-0.2112
KXAAAGASW-26MAY18-4.440,Economics,"(0.8, 0.9]",-1,0.82,1.0,-0.20500000000000002,0.01140825,-0.21640825000000002
KXAAAGASW-26MAY18-4.460,Economics,"(0.8, 0.9]",-1,0.82,1.0,-0.21000000000000002,0.011613000000000004,-0.22161300000000003
KXAAAGASW-26MAY18-4.510,Economics,"(0.8, 0.9]",-1,0.82,1.0,-0.5900000000000001,0.016933,-0.6069330000000001
KXAAAGASW-26MAY18-4.380,Economics,"(0.8, 0.9]",-1,0.82,1.0,-0.20000000000000007,0.011200000000000003,-0.21120000000000008
KXAAAGASW-26MAY18-4.640,Economics,"(-0.001, 0.1]",1,0.05,0.0,-0.09,0.005733,-0.095733
KXAAAGASD-26MAY18-4.525,Economics,"(0.4, 0.5]",-1,0.44,0.0,0.3999999999999999,0.0168,0.38319999999999993
KXAAAGASD-26MAY18-4.535,Economics,"(-0.001, 0.1]",1,0.09,0.0,-0.13,0.007917,-0.137917
KXAAAGASW-26MAY18-4.530,Economics,"(-0.001, 0.1]",1,0.06,0.0,-0.47,0.017437,-0.48743699999999995
KXAAAGASW-26MAY18-4.620,Economics,"(-0.001, 0.1]",1,0.09,0.0,-0.125,0.007656250000000001,-0.13265625
KXAAAGASD-26MAY18-4.490,Economics,"(0.9, 1.0]",-1,0.99,1.0,-0.03500000000000003,0.002364250000000002,-0.037364250000000036
KXAAAGASD-26MAY18-4.495,Economics,"(0.9, 1.0]",-1,0.99,1.0,-0.03500000000000003,0.002364250000000002,-0.037364250000000036
KXAAAGASD-26MAY18-4.500,Economics,"(0.9, 1.0]",-1,0.99,1.0,-0.03500000000000003,0.002364250000000002,-0.037364250000000036
KXAAAGASD-26MAY18-4.505,Economics,"(0.9, 1.0]",-1,0.9185,1.0,-0.11150000000000004,0.006934742500000003,-0.11843474250000005
KXAAAGASD-26MAY18-4.510,Economics,"(0.8, 0.9]",-1,0.89,1.0,-0.14999999999999997,0.008925,-0.15892499999999996
KXAAAGASD-26MAY18-4.485,Economics,"(0.9, 1.0]",-1,0.99,1.0,-0.03500000000000003,0.002364250000000002,-0.037364250000000036
KXNBAREB-26MAY17CLEDET-DETATHOMPSON9-8,Sports,"(0.2, 0.3]",-1,0.3,0.0,-0.19499999999999984,0.0006930000000000006,-0.19569299999999984
KXNBAMENTION-26CLEDETR2-ALLE,Mentions,"(0.3, 0.4]",-1,0.33,0.0,-0.11499999999999999,0.0006930000000000006,-0.11569299999999999
KXNBAMENTION-26CLEDETR2-INJU,Mentions,"(0.8, 0.9]",-1,0.9,1.0,-0.18499999999999994,0.01055425,-0.19555424999999993
KXNBAMENTION-26CLEDETR2-TRAV,Mentions,"(0.8, 0.9]",-1,0.88,1.0,-0.565,0.017204250000000004,-0.58220425
KXNBAMENTION-26CLEDETR2-OVER,Mentions,"(0.4, 0.5]",-1,0.5,1.0,-0.9450000000000001,0.0036382499999999965,-0.94863825
KXNBAMENTION-26CLEDETR2-CROW,Mentions,"(0.8, 0.9]",-1,0.89,1.0,-0.5549999999999999,0.017288250000000005,-0.5722882499999999
KXNBAMENTION-26CLEDETR2-NQE,Mentions,"(-0.001, 0.1]",1,0.01,0.0,-0.46,0.017388000000000004,-0.47738800000000003
KXNBAMENTION-26CLEDETR2-LEGA,Mentions,"(0.3, 0.4]",-1,0.32,0.0,-0.125,0.0006930000000000006,-0.125693
KXBTC-26MAY1803-B76750,Crypto,"(0.2, 0.3]",-1,0.22,0.0,-0.2250000000000001,0.0006930000000000006,-0.2256930000000001
KXBTCD-26MAY1806-T77099.99,Crypto,"(0.2, 0.3]",-1,0.2785,0.0,0.26849999999999996,0.0137485425,0.25475145749999994
KXBTC-26MAY1807-B76850,Crypto,"(0.2, 0.3]",-1,0.24,0.0,-0.18500000000000005,0.0006930000000000006,-0.18569300000000005
KXMLBMENTION-26MAY17SDSEA-TRIP,Mentions,"(0.8, 0.9]",-1,0.82,0.0,0.77,0.012397000000000004,0.757603
KXVANCEMENTION-26MAY16-ISRA,Mentions,"(0.4, 0.5]",-1,0.45,0.0,0.31999999999999995,0.015232,0.30476799999999993
KXVANCEMENTION-26MAY16-AI,Mentions,"(0.5, 0.6]",-1,0.6,0.0,0.405,0.01686825,0.38813175
KXVANCEMENTION-26MAY16-BORD,Mentions,"(0.3, 0.4]",-1,0.39,0.0,0.19999999999999996,0.0112,0.18879999999999997
KXVANCEMENTION-26MAY16-TARI,Mentions,"(0.4, 0.5]",-1,0.44,0.0,0.24,0.012768,0.227232
KXVANCEMENTION-26MAY16-MANU,Mentions,"(0.4, 0.5]",-1,0.45,0.0,0.25,0.013125000000000001,0.236875
KXVANCEMENTION-26MAY16-CAMP,Mentions,"(0.2, 0.3]",-1,0.2063,0.0,0.01629999999999998,0.0011224016999999988,0.015177598299999982
KXVANCEMENTION-26MAY16-TRAN,Mentions,"(0.3, 0.4]",-1,0.39,0.0,0.19999999999999996,0.0112,0.18879999999999997
KXVANCEMENTION-26MAY16-MARC,Mentions,"(0.2, 0.3]",-1,0.2392,0.0,-0.20579999999999998,0.0006930000000000006,-0.20649299999999998
KXWTAMATCH-26MAY18PARUCH-UCH,Sports,"(0.5, 0.6]",-1,0.57,0.0,0.1449999999999999,0.008678249999999997,0.1363217499999999
KXTRUMPSAY-26MAY18-NEWS,Mentions,"(0.8, 0.9]",-1,0.8415,0.0,0.47150000000000003,0.0174431425,0.4540568575
KXTRUMPSAY-26MAY18-RIGG,Mentions,"(0.8, 0.9]",-1,0.85,0.0,0.48,0.017472,0.462528
KXTRUMPSAY-26MAY18-TRAN,Mentions,"(0.8, 0.9]",-1,0.85,1.0,-0.37,0.016317,-0.386317
KXTRUMPSAY-26MAY18-KARO,Mentions,"(0.8, 0.9]",-1,0.8415,0.0,0.47650000000000003,0.017461342500000004,0.45903865750000006
KXTRUMPSAY-26MAY18-WHO,Mentions,"(0.4, 0.5]",-1,0.455,1.0,-0.905,0.006018249999999998,-0.91101825
KXTRUMPSAY-26MAY18-WIND,Mentions,"(0.8, 0.9]",-1,0.82,1.0,-0.55,0.017325,-0.5673250000000001
KXTRUMPSAY-26MAY18-MOG,Mentions,"(-0.001, 0.1]",1,0.06,0.0,-0.075,0.00485625,-0.07985625
KXTRUMPSAY-26MAY18-CRYP,Mentions,"(-0.001, 0.1]",1,0.06,0.0,-0.205,0.01140825,-0.21640825
KXTOBACCPI-26MAY12-T1731.417,Economics,"(0.9, 1.0]",-1,0.93,1.0,-0.14999999999999997,0.008925,-0.15892499999999996
KXMAMDANIMENTION-26MAY18-TRUM,Mentions,"(0.3, 0.4]",-1,0.34,1.0,-1.105,0.0006930000000000006,-1.105693
KXIPLFOUR-26MAY181000SRHCSK-32,Sports,"(0.5, 0.6]",-1,0.53,1.0,-0.965,0.002364250000000002,-0.9673642499999999
KXINXU-26MAY18H1500-T7349.9999,Financials,"(0.9, 1.0]",-1,0.96,1.0,-0.06000000000000005,0.003948000000000004,-0.06394800000000006
KXSOLD-26MAY1815-T83.9999,Crypto,"(0.2, 0.3]",-1,0.238,0.0,0.16300000000000003,0.009550170000000002,0.15344983000000004
KXBTCD-26MAY1815-T76799.99,Crypto,"(0.2, 0.3]",-1,0.239,0.0,0.23399999999999999,0.01254708,0.22145292
KXVANCEMENTION-26MAY18-NQE,Mentions,"(-0.001, 0.1]",1,0.038,0.0,-0.483,0.017479770000000002,-0.50047977
KXVANCEMENTION-26MAY18-ISRA,Mentions,"(0.3, 0.4]",-1,0.33,0.0,-0.11499999999999999,0.0006930000000000006,-0.11569299999999999
KXVANCEMENTION-26MAY18-CHIN,Mentions,"(0.5, 0.6]",-1,0.517,1.0,-0.9279999999999999,0.004677120000000004,-0.9326771199999999
KXVANCEMENTION-26MAY18-BIDE,Mentions,"(0.5, 0.6]",-1,0.51,1.0,-0.935,0.004254249999999997,-0.9392542500000001
KXVANCEMENTION-26MAY18-USHA,Mentions,"(0.3, 0.4]",-1,0.39,0.0,-0.05499999999999994,0.0006930000000000006,-0.05569299999999994
KXVANCEMENTION-26MAY18-CAMP,Mentions,"(0.2, 0.3]",-1,0.29,1.0,-1.155,0.0006930000000000006,-1.155693
KXATHLETEMENTION-26MAY17-THRE,Mentions,"(0.6, 0.7]",-1,0.6482,1.0,-0.7968,0.011333683200000003,-0.8081336832
KXATHLETEMENTION-26MAY17-FOUL,Mentions,"(0.6, 0.7]",-1,0.6205,0.0,0.1755,0.010128982500000001,0.1653710175
KXATHLETEMENTION-26MAY17-TURN,Mentions,"(0.8, 0.9]",-1,0.89,0.0,0.44500000000000006,0.017288250000000005,0.42771175000000006
KXATHLETEMENTION-26MAY17-CADE,Mentions,"(0.8, 0.9]",-1,0.9,0.0,0.8500000000000001,0.008925,0.8410750000000001
KXATHLETEMENTION-26MAY17-NQE,Mentions,"(-0.001, 0.1]",1,0.01,0.0,-0.455,0.01735825,-0.47235825000000004
KXATHLETEMENTION-26MAY17-DEFE,Mentions,"(0.8, 0.9]",-1,0.9,0.0,0.8500000000000001,0.008925,0.8410750000000001
KXBTCD-26MAY1816-T76399.99,Crypto,"(0.2, 0.3]",-1,0.3,1.0,-0.705,0.014558250000000003,-0.71955825
KXTRUMPENDORSEMENTS-26MAY23-A3,Politics,"(0.8, 0.9]",-1,0.85,1.0,-0.19000000000000006,0.010773000000000003,-0.20077300000000006
KXCANDACEMENTION-26MAY18-OIL,Mentions,"(0.5, 0.6]",-1,0.5433,0.0,0.09830000000000005,0.006204597700000004,0.09209540230000005
KXCANDACEMENTION-26MAY18-IRAN,Mentions,"(0.6, 0.7]",-1,0.61,1.0,-0.835,0.009644250000000002,-0.84464425
KXCANDACEMENTION-26MAY18-CONS,Mentions,"(0.4, 0.5]",-1,0.44,0.0,-0.0050000000000001155,0.0006930000000000006,-0.005693000000000116
KXTRUMPMENTION-26MAY18-TARI,Mentions,"(0.6, 0.7]",-1,0.66,1.0,-0.7849999999999999,0.011814250000000004,-0.79681425
KXTRUMPMENTION-26MAY18-INSU,Mentions,"(0.4, 0.5]",-1,0.44,1.0,-1.0050000000000001,0.0006930000000000006,-1.0056930000000002
KXTRUMPMENTION-26MAY18-CUBA,Mentions,"(0.5, 0.6]",-1,0.59,1.0,-0.835,0.009644250000000002,-0.84464425
KXTRUMPMENTION-26MAY18-BOBB,Mentions,"(0.8, 0.9]",-1,0.89,1.0,-0.5549999999999999,0.017288250000000005,-0.5722882499999999
KXTRUMPMENTION-26MAY18-ISRA,Mentions,"(0.2, 0.3]",-1,0.21,1.0,-1.235,0.0006930000000000006,-1.2356930000000002
KXTRUMPMENTION-26MAY18-VACC,Mentions,"(0.6, 0.7]",-1,0.64,0.0,0.19500000000000006,0.010988250000000005,0.18401175000000006
KXTRUMPMENTION-26MAY18-DUST,Mentions,"(0.7, 0.8]",-1,0.76,0.0,0.33499999999999996,0.01559425,0.31940575
KXTRUMPMENTION-26MAY18-EIGH,Mentions,"(0.6, 0.7]",-1,0.63,0.0,0.18500000000000005,0.010554250000000003,0.17444575000000004
KXTRUMPMENTION-26MAY18-FENT,Mentions,"(0.3, 0.4]",-1,0.3201,0.0,-0.1049,0.0006930000000000006,-0.10559299999999999
KXTRUMPMENTION-26MAY18-FRAU,Mentions,"(0.4, 0.5]",-1,0.44,0.0,-0.0050000000000001155,0.0006930000000000006,-0.005693000000000116
KXTRUMPMENTION-26MAY18-GREA,Mentions,"(0.8, 0.9]",-1,0.84,0.0,0.41500000000000004,0.016994250000000002,0.39800575000000005
KXTRUMPMENTION-26MAY18-FAKE,Mentions,"(0.3, 0.4]",-1,0.33,0.0,-0.11499999999999999,0.0006930000000000006,-0.11569299999999999
KXTRUMPMENTION-26MAY18-CANC,Mentions,"(0.6, 0.7]",-1,0.64,0.0,0.19500000000000006,0.010988250000000005,0.18401175000000006
KXTRUMPMENTION-26MAY18-TRAN,Mentions,"(0.4, 0.5]",-1,0.42,0.0,-0.025000000000000133,0.0006930000000000006,-0.025693000000000132
KXMAMDANIMENTION-26MAY18B-AFFO,Mentions,"(0.4, 0.5]",-1,0.45,1.0,-0.9950000000000001,0.0006930000000000006,-0.9956930000000002
KXMAMDANIMENTION-26MAY18B-TRUM,Mentions,"(0.7, 0.8]",-1,0.73,1.0,-0.7150000000000001,0.01426425,-0.7292642500000001
KXLIGAMX-26CLA-TOL,Sports,"(0.9, 1.0]",-1,0.99,0.0,0.87,0.007917,0.862083
KXWCSQUAD-26BRA-WESL,Sports,"(0.5, 0.6]",-1,0.55,1.0,-0.5,0.0175,-0.5175
KXTRUEV-26MAY18-T1240.16,Economics,"(0.4, 0.5]",-1,0.46,1.0,-1.0350000000000001,0.0006930000000000006,-1.0356930000000002
KXTRUEV-26MAY18-T1220.16,Economics,"(0.9, 1.0]",-1,0.97,1.0,-0.525,0.017456250000000003,-0.54245625
KXTRUEV-26MAY18-T1210.16,Economics,"(0.9, 1.0]",-1,0.9576,1.0,-0.5374,0.017402086800000004,-0.5548020868
KXTRUEV-26MAY18-T1200.16,Economics,"(0.9, 1.0]",-1,0.98,1.0,-0.515,0.017484250000000003,-0.53248425
KXTRUEV-26MAY18-T1180.16,Economics,"(0.9, 1.0]",-1,0.99,1.0,-0.505,0.017498250000000003,-0.52249825
KXTRUEV-26MAY18-T1310.16,Economics,"(-0.001, 0.1]",1,0.08,0.0,-0.575,0.017106250000000003,-0.59210625
KXTRUEV-26MAY18-T1250.16,Economics,"(0.4, 0.5]",-1,0.5,1.0,-0.995,0.0006930000000000006,-0.995693
KXTRUEV-26MAY18-T1190.16,Economics,"(0.9, 1.0]",-1,0.99,1.0,-0.505,0.017498250000000003,-0.52249825
KXTRUEV-26MAY18-T1320.16,Economics,"(-0.001, 0.1]",1,0.0111,0.0,-0.5061,0.0174973953,-0.5235973953
KXTRUMPMENTIONB-26MAY18-BORD,Mentions,"(0.4, 0.5]",-1,0.44,1.0,-0.9850000000000001,0.0010342499999999935,-0.9860342500000001
KXTRUMPMENTIONB-26MAY18-BIDE,Mentions,"(0.2, 0.3]",-1,0.24,1.0,-1.185,0.0006930000000000006,-1.185693
KXTRUMPMENTIONB-26MAY18-IRAN,Mentions,"(0.6, 0.7]",-1,0.6849,0.0,0.2599,0.013464639300000003,0.24643536070000002
KXTRUMPMENTIONB-26MAY18-LAND,Mentions,"(0.5, 0.6]",-1,0.56,0.0,0.135,0.008174250000000001,0.12682575000000001
KXAUWPCC-26MAY18-T7.0,Economics,"(0.8, 0.9]",-1,0.86,0.0,0.365,0.016224250000000003,0.34877575
KXAUWPCC-26MAY18-T8.0,Economics,"(0.9, 1.0]",-1,0.96,0.0,0.46499999999999997,0.01741425,0.44758574999999995
KXAUWPCC-26MAY18-T5.0,Economics,"(0.4, 0.5]",-1,0.49,0.0,-0.004999999999999893,0.0006930000000000006,-0.005692999999999894
KXAUWPCC-26MAY18-T4.0,Economics,"(0.8, 0.9]",-1,0.86,0.0,0.365,0.016224250000000003,0.34877575
KXMLBF5-26MAY181840CLEDET-DET,Sports,"(0.5, 0.6]",-1,0.54,0.0,0.06000000000000005,0.003948000000000004,0.056052000000000046
KXAUWPCC-26MAY12-T3.0,Economics,"(0.4, 0.5]",-1,0.41,1.0,-0.685,0.01510425,-0.7001042500000001
KXBTC-26MAY1821-B76950,Crypto,"(0.2, 0.3]",-1,0.2267,0.0,-0.24330000000000007,0.0006930000000000006,-0.24399300000000007
KXMLBHIT-26MAY181840BALTB-TBJDELUCA21-2,Sports,"(0.2, 0.3]",-1,0.245,1.0,-0.865,0.008174250000000001,-0.87317425
KXMLBHR-26MAY181840ATLMIA-MIACNORBY1-1,Sports,"(0.1, 0.2]",1,0.11,0.0,-0.165,0.00964425,-0.17464425
KXLIRRSTRIKE-26-MAY24,Economics,"(0.9, 1.0]",-1,0.94,1.0,-0.555,0.01728825,-0.57228825
KXLIRRSTRIKE-26-JUN01,Economics,"(0.9, 1.0]",-1,0.94,1.0,-0.55,0.017325,-0.5673250000000001
KXLIRRSTRIKE-26-JUN14,Economics,"(0.9, 1.0]",-1,0.93,1.0,-0.5599999999999999,0.017248000000000003,-0.577248
KXBTC-26MAY1822-B77050,Crypto,"(0.2, 0.3]",-1,0.225,0.0,0.02499999999999991,0.0017062499999999944,0.023293749999999915
KXMLBTOTAL-26MAY181940MILCHC-16,Sports,"(0.5, 0.6]",-1,0.565,0.0,0.29499999999999993,0.01455825,0.28044174999999993
KXMLBTOTAL-26MAY181905TORNYY-4,Sports,"(0.9, 1.0]",-1,0.93,1.0,-0.5349999999999999,0.017414250000000003,-0.5524142499999999
KXMLBMENTION-26MAY18CLEDET-TRAD,Mentions,"(0.8, 0.9]",-1,0.82,1.0,-0.23000000000000004,0.012397000000000004,-0.24239700000000003
KXMLBMENTION-26MAY18CLEDET-COME,Mentions,"(0.8, 0.9]",-1,0.82,1.0,-0.625,0.01640625,-0.64140625
KXMLBTOTAL-26MAY181845NYMWSH-18,Sports,"(0.9, 1.0]",-1,0.99,1.0,-0.21000000000000002,0.011613000000000004,-0.22161300000000003
KXNHLGOAL-26MAY18MTLBUF-MTLJEVANS71-1,Sports,"(0.1, 0.2]",1,0.13,0.0,-0.6,0.016800000000000002,-0.6168
KXNHLGOAL-26MAY18MTLBUF-MTLNSUZUKI14-1,Sports,"(0.2, 0.3]",-1,0.29,0.0,-0.17999999999999994,0.0006930000000000006,-0.18069299999999994
KXNBATOTAL-26MAY18SASOKC-253,Sports,"(0.1, 0.2]",1,0.1169,0.0,-0.2569,0.013363167300000001,-0.2702631673
KXAAAGASD-26MAY19-4.485,Economics,"(0.9, 1.0]",-1,0.96,1.0,-0.06000000000000005,0.003948000000000004,-0.06394800000000006
KXAAAGASD-26MAY19-4.490,Economics,"(0.9, 1.0]",-1,0.99,1.0,-0.030000000000000027,0.002037000000000002,-0.03203700000000003
KXAAAGASD-26MAY19-4.495,Economics,"(0.9, 1.0]",-1,0.95,1.0,-0.07000000000000006,0.004557000000000005,-0.07455700000000007
KXAAAGASD-26MAY19-4.500,Economics,"(0.9, 1.0]",-1,0.9109,1.0,-0.10909999999999997,0.006803803299999999,-0.11590380329999997
KXAAAGASD-26MAY19-4.505,Economics,"(0.9, 1.0]",-1,0.94,1.0,-0.08000000000000007,0.005152000000000005,-0.08515200000000007
KXAAAGASD-26MAY19-4.510,Economics,"(0.9, 1.0]",-1,0.92,1.0,-0.11499999999999994,0.007124249999999997,-0.12212424999999993
KXAAAGASD-26MAY19-4.515,Economics,"(0.8, 0.9]",-1,0.86,1.0,-0.18,0.010332000000000001,-0.190332
KXAAAGASD-26MAY19-4.545,Economics,"(-0.001, 0.1]",1,0.08,0.0,-0.12,0.007392000000000001,-0.127392
KXAAAGASD-26MAY19-4.550,Economics,"(-0.001, 0.1]",1,0.0515,0.0,-0.0765,0.0049453425,-0.0814453425
KXAAAGASD-26MAY19-4.555,Economics,"(-0.001, 0.1]",1,0.06,0.0,-0.08499999999999999,0.00544425,-0.09044424999999999
KXAAAGASD-26MAY19-4.560,Economics,"(-0.001, 0.1]",1,0.0182,0.0,-0.0432,0.0028933632000000004,-0.0460933632
KXAAAGASD-26MAY19-4.565,Economics,"(-0.001, 0.1]",1,0.01,0.0,-0.035,0.0023642500000000005,-0.03736425
KXAAAGASD-26MAY19-4.570,Economics,"(-0.001, 0.1]",1,0.05,0.0,-0.07500000000000001,0.004856250000000001,-0.07985625000000002
KXMLBTOTAL-26MAY182140SFAZ-4,Sports,"(0.9, 1.0]",-1,0.92,1.0,-0.5349999999999999,0.017414250000000003,-0.5524142499999999
KXNBA3PT-26MAY18SASOKC-SASVWEMBANYAMA1-2,Sports,"(0.5, 0.6]",-1,0.6,0.0,0.10999999999999999,0.006853,0.10314699999999999
KXMLBHIT-26MAY181940HOUMIN-HOUCSMITH11-2,Sports,"(0.1, 0.2]",1,0.2,0.0,-0.46,0.017388000000000004,-0.47738800000000003
KXMLBTB-26MAY181940HOUMIN-HOUJPENA3-3,Sports,"(0.2, 0.3]",-1,0.28,0.0,-0.030000000000000027,0.0006930000000000006,-0.030693000000000026
KXETH15M-26MAY190145-45,Crypto,"(0.2, 0.3]",-1,0.2876,1.0,-0.7273999999999999,0.013880246800000003,-0.7412802467999999
KXUKUNRATE-26MAY13-T4.9,Economics,"(0.4, 0.5]",-1,0.45,1.0,-1.04,0.0006930000000000006,-1.040693
KXHYPE15M-26MAY190200-00,Crypto,"(0.2, 0.3]",-1,0.2881,1.0,-0.7369,0.0135714873,-0.7504714873
KXNHLMENTION-26MTLBUFR2-GLAS,Mentions,"(0.7, 0.8]",-1,0.8,1.0,-0.645,0.01602825,-0.66102825
KXNBAMENTION-26MAY18SASOKC-BUZZ,Mentions,"(0.6, 0.7]",-1,0.67,1.0,-0.7749999999999999,0.012206250000000005,-0.7872062499999999
KXNBAMENTION-26MAY18SASOKC-INJU,Mentions,"(0.8, 0.9]",-1,0.9,1.0,-0.18499999999999994,0.01055425,-0.19555424999999993
KXNBAMENTION-26MAY18SASOKC-MVP,Mentions,"(0.8, 0.9]",-1,0.9,1.0,-0.2,0.011200000000000002,-0.2112
KXNBAMENTION-26MAY18SASOKC-TRAV,Mentions,"(0.8, 0.9]",-1,0.9,1.0,-0.5449999999999999,0.017358250000000002,-0.56235825
KXNBAMENTION-26MAY18SASOKC-KOBE,Mentions,"(-0.001, 0.1]",1,0.06,0.0,-0.505,0.017498250000000003,-0.52249825
KXNBAMENTION-26MAY18SASOKC-NQE,Mentions,"(-0.001, 0.1]",1,0.0101,0.0,-0.4551,0.0173588793,-0.4724588793
KXBNB15M-26MAY190415-15,Crypto,"(0.2, 0.3]",-1,0.2468,0.0,0.011800000000000033,0.0008162532000000022,0.01098374680000003
KXBTC-26MAY1906-B77050,Crypto,"(0.2, 0.3]",-1,0.27,0.0,-0.17500000000000004,0.0006930000000000006,-0.17569300000000004
KXDOGE15M-26MAY190700-00,Crypto,"(0.2, 0.3]",-1,0.3,1.0,-0.76,0.012768,-0.772768
KXCACPIYOY-26MAY19-T3.7,Economics,"(-0.001, 0.1]",1,0.06,0.0,-0.5549999999999999,0.017288250000000005,-0.5722882499999999
KXCACPIYOY-26MAY19-T2.5,Economics,"(0.9, 1.0]",-1,0.94,1.0,-0.555,0.01728825,-0.57228825
KXCACPIYOY-26MAY19-T3.1,Economics,"(0.4, 0.5]",-1,0.42,0.0,-0.07500000000000018,0.0006930000000000006,-0.07569300000000018
KXCACPIYOY-26MAY19-T2.3,Economics,"(0.9, 1.0]",-1,0.96,1.0,-0.535,0.01741425,-0.55241425
KXHORMUZWEEKLY-26MAY17-T10,Politics,"(0.8, 0.9]",-1,0.85,1.0,-0.22500000000000003,0.012206250000000002,-0.23720625000000004
KXHORMUZWEEKLY-26MAY17-T5,Politics,"(0.8, 0.9]",-1,0.9,1.0,-0.14499999999999996,0.008678249999999998,-0.15367824999999996
KXHORMUZWEEKLY-26MAY17-T15,Politics,"(0.8, 0.9]",-1,0.83,0.0,0.3899999999999999,0.016652999999999998,0.37334699999999993
KXHORMUZWEEKLY-26MAY17-T25,Politics,"(0.9, 1.0]",-1,0.99,0.0,0.51,0.017493,0.49250700000000003
KXMADDOWMENTION-26MAY18-CONS,Mentions,"(0.4, 0.5]",-1,0.4927,1.0,-0.9522999999999999,0.003179729700000005,-0.9554797297
KXMADDOWMENTION-26MAY18-CORR,Mentions,"(0.7, 0.8]",-1,0.74,1.0,-0.7050000000000001,0.01455825,-0.7195582500000001
KXMADDOWMENTION-26MAY18-OIL,Mentions,"(0.7, 0.8]",-1,0.73,0.0,0.2849999999999999,0.01426425,0.27073574999999994
KXMADDOWMENTION-26MAY18-CUBA,Mentions,"(0.4, 0.5]",-1,0.4938,0.0,0.048799999999999955,0.0032492991999999972,0.045550700799999955
KXNASDAQ100U-26MAY19H1000-T28589.99,Financials,"(0.9, 1.0]",-1,0.91,1.0,-0.11499999999999994,0.007124249999999997,-0.12212424999999993
KXNASDAQ100U-26MAY19H1000-T28579.99,Financials,"(0.9, 1.0]",-1,0.91,1.0,-0.11499999999999994,0.007124249999999997,-0.12212424999999993
KXNASDAQ100U-26MAY19H1000-T28569.99,Financials,"(0.9, 1.0]",-1,0.94,1.0,-0.08000000000000002,0.005152000000000001,-0.08515200000000002
KXLASTWORDCOUNT-LAWR26MAY11-50,Mentions,"(0.5, 0.6]",-1,0.55,1.0,-0.885,0.00712425,-0.8921242500000001
KXLASTWORDCOUNT-LAWR26MAY11-95,Mentions,"(-0.001, 0.1]",1,0.1,0.0,-0.535,0.01741425,-0.55241425
KXNASDAQ100U-26MAY19H1000-T28559.99,Financials,"(0.9, 1.0]",-1,0.93,1.0,-0.09499999999999992,0.006018249999999995,-0.1010182499999999
KXLASTWORDCOUNT-LAWR26MAY11-100,Mentions,"(-0.001, 0.1]",1,0.1,0.0,-0.535,0.01741425,-0.55241425
KXLASTWORDCOUNT-LAWR26MAY11-105,Mentions,"(-0.001, 0.1]",1,0.0513,0.0,-0.2363,0.012632361700000004,-0.24893236170000002
KXMLBMENTION-26MAY18CLEDET-PITC,Mentions,"(0.3, 0.4]",-1,0.39,0.0,-0.050000000000000044,0.0006930000000000006,-0.050693000000000044
KXNEXTTEAMNFL-26DNJOKU-ATL,Sports,"(0.9, 1.0]",-1,0.99,0.0,0.495,0.017498250000000003,0.47750175
KXEARNINGSMENTIONHD-26MAY19-SYNE,Mentions,"(0.5, 0.6]",-1,0.5199,0.0,0.3349,0.015591939300000001,0.31930806069999995
KXEARNINGSMENTIONHD-26MAY19-TARI,Mentions,"(0.5, 0.6]",-1,0.5819,1.0,-0.5181,0.0174770673,-0.5355770673
KXEARNINGSMENTIONHD-26MAY19-LUMB,Mentions,"(0.5, 0.6]",-1,0.6,0.0,0.35,0.015925,0.33407499999999996
KXEARNINGSMENTIONHD-26MAY19-REVE,Mentions,"(0.4, 0.5]",-1,0.46,0.0,0.09499999999999997,0.006018249999999998,0.08898174999999997
KXEARNINGSMENTIONHD-26MAY19-HEAD,Mentions,"(0.6, 0.7]",-1,0.6457,1.0,-0.7943,0.0114371257,-0.8057371257
KXNASDAQ100U-26MAY19H1100-T28599.99,Financials,"(0.9, 1.0]",-1,0.93,1.0,-0.09499999999999992,0.006018249999999995,-0.1010182499999999
KXATPMATCH-26MAY18HERUCH-HER,Sports,"(0.7, 0.8]",-1,0.7946,1.0,-0.6454,0.016020118800000004,-0.6614201188
KXWALLERMENTION-26MAY19-INFL,Mentions,"(0.8, 0.9]",-1,0.8471,1.0,-0.6029,0.016758811300000002,-0.6196588113
KXNHLMENTION-26MTLBUFR2-COME,Mentions,"(0.6, 0.7]",-1,0.65,0.0,0.20500000000000007,0.011408250000000003,0.19359175000000006
KXNHLMENTION-26MTLBUFR2-SLAP,Mentions,"(0.8, 0.9]",-1,0.83,0.0,0.385,0.016574250000000002,0.36842575
KXATHLETEMENTION-26MAY18-DEFE,Mentions,"(0.7, 0.8]",-1,0.8,1.0,-0.645,0.01602825,-0.66102825
KXATHLETEMENTION-26MAY18-TURN,Mentions,"(0.7, 0.8]",-1,0.8,0.0,0.355,0.01602825,0.33897174999999996
KXATHLETEMENTION-26MAY18-CHAM,Mentions,"(0.7, 0.8]",-1,0.75,0.0,0.30499999999999994,0.014838249999999999,0.29016174999999994
KXMAMDANIMENTION-26MAY19-BUDG,Mentions,"(0.7, 0.8]",-1,0.76,1.0,-0.625,0.01640625,-0.64140625
KXMAMDANIMENTION-26MAY19-FIVE,Mentions,"(0.7, 0.8]",-1,0.76,1.0,-0.625,0.01640625,-0.64140625
KXMAMDANIMENTION-26MAY19-ECON,Mentions,"(0.7, 0.8]",-1,0.78,0.0,0.395,0.016728250000000004,0.37827175
KXNASDAQ100U-26MAY19H1300-T28519.99,Financials,"(0.9, 1.0]",-1,0.95,1.0,-0.07000000000000006,0.004557000000000005,-0.07455700000000007
KXCARNEYMENTION-26MAY19-NQE,Mentions,"(0.8, 0.9]",-1,0.9,0.0,0.44999999999999996,0.017325,0.432675
KXCARNEYMENTION-26MAY19-OIL,Mentions,"(0.8, 0.9]",-1,0.84,0.0,0.3899999999999999,0.016652999999999998,0.37334699999999993
KXINXU-26MAY19H1400-T7354.9999,Financials,"(0.9, 1.0]",-1,0.9328,1.0,-0.0922,0.0058589412,-0.0980589412
KXVANCEMENTION-26MAY19-STOC,Mentions,"(0.5, 0.6]",-1,0.53,0.0,0.08499999999999996,0.005444249999999999,0.07955574999999997
KXVANCEMENTION-26MAY19-SOMA,Mentions,"(0.2, 0.3]",-1,0.25,0.0,-0.19500000000000006,0.0006930000000000006,-0.19569300000000006
KXVANCEMENTION-26MAY19-TERR,Mentions,"(0.3, 0.4]",-1,0.3912,1.0,-1.0538,0.0006930000000000006,-1.0544930000000001
KXVANCEMENTION-26MAY19-HEAL,Mentions,"(0.6, 0.7]",-1,0.69,1.0,-0.7550000000000001,0.012948249999999998,-0.7679482500000001
KXNASDAQ100U-26MAY19H1500-T28859.99,Financials,"(0.9, 1.0]",-1,0.95,1.0,-0.07500000000000001,0.004856250000000001,-0.07985625000000002
KXINXU-26MAY19H1600-T7324.9999,Financials,"(0.9, 1.0]",-1,0.91,1.0,-0.09999999999999998,0.006299999999999999,-0.10629999999999998
KXINXU-26MAY19H1600-T7274.9999,Financials,"(0.9, 1.0]",-1,0.97,1.0,-0.05500000000000005,0.003638250000000003,-0.05863825000000005
KXNASDAQ100U-26MAY19H1600-T28399.99,Financials,"(0.9, 1.0]",-1,0.95,1.0,-0.05500000000000005,0.003638250000000003,-0.05863825000000005
KXSCHUMERMENTION-26MAY19-TRUM,Mentions,"(0.5, 0.6]",-1,0.5033,1.0,-0.9467000000000001,0.003532137699999994,-0.9502321377000001
KXSCHUMERMENTION-26MAY19-IRAN,Mentions,"(0.5, 0.6]",-1,0.5033,1.0,-0.9467000000000001,0.003532137699999994,-0.9502321377000001
KXSCHUMERMENTION-26MAY19-HEAL,Mentions,"(0.4, 0.5]",-1,0.41,1.0,-1.04,0.0006930000000000006,-1.040693
KXNEWSOMMENTION-26MAY19-NQE,Mentions,"(-0.001, 0.1]",1,0.0198,0.0,-0.4648,0.017413267200000002,-0.4822132672
KXNEWSOMMENTION-26MAY19-IRAN,Mentions,"(0.6, 0.7]",-1,0.61,0.0,0.16500000000000004,0.009644250000000002,0.15535575000000004
KXNEWSOMMENTION-26MAY19-AI,Mentions,"(0.8, 0.9]",-1,0.9,1.0,-0.5449999999999999,0.017358250000000002,-0.56235825
KXNEWSOMMENTION-26MAY19-CLIM,Mentions,"(0.3, 0.4]",-1,0.3722,1.0,-1.0728,0.0006930000000000006,-1.073493
KXNEWSOMMENTION-26MAY19-ELEC,Mentions,"(0.5, 0.6]",-1,0.59,1.0,-0.855,0.008678250000000002,-0.86367825
KXNEWSOMMENTION-26MAY19-AFFO,Mentions,"(0.8, 0.9]",-1,0.84,1.0,-0.605,0.016728250000000004,-0.62172825
KXNEWSOMMENTION-26MAY19-BALL,Mentions,"(0.5, 0.6]",-1,0.51,1.0,-0.935,0.004254249999999997,-0.9392542500000001
KXFOXNEWSMENTION-26MAY19-ENDO,Mentions,"(0.7, 0.8]",-1,0.78,1.0,-0.665,0.01559425,-0.6805942500000001
KXPOLITICSMENTION-26MAY19C-OIL,Mentions,"(0.4, 0.5]",-1,0.4873,0.0,0.042300000000000004,0.0028357497000000005,0.0394642503
KXPOLITICSMENTION-26MAY19C-REDI,Mentions,"(0.5, 0.6]",-1,0.5933,0.0,0.1483000000000001,0.008841497700000006,0.1394585023000001
KXPOLITICSMENTION-26MAY19C-AI,Mentions,"(0.5, 0.6]",-1,0.52,0.0,0.07499999999999996,0.004856249999999999,0.07014374999999996
KXPOLITICSMENTION-26MAY19C-2028,Mentions,"(0.6, 0.7]",-1,0.68,0.0,0.2350000000000001,0.012584250000000005,0.22241575000000008
KXJUDGECOUNT-26MAY-0,Politics,"(0.8, 0.9]",-1,0.8687,1.0,-0.27629999999999993,0.013997081699999999,-0.29029708169999996
KXEPLGOAL-26MAY19CFCTOT-CFCEFERNA8-1,Sports,"(0.2, 0.3]",-1,0.25,1.0,-0.925,0.004856249999999999,-0.92985625
KXHEARINGMENTION-26MAY19B-AI,Mentions,"(0.5, 0.6]",-1,0.5951,0.0,0.1500999999999999,0.008929899299999995,0.1411701006999999
KXHEARINGMENTION-26MAY19B-BIDE,Mentions,"(0.4, 0.5]",-1,0.4067,1.0,-1.0383,0.0006930000000000006,-1.038993
KXHEARINGMENTION-26MAY19B-OIL,Mentions,"(0.5, 0.6]",-1,0.51,1.0,-0.935,0.004254249999999997,-0.9392542500000001
KXHEARINGMENTION-26MAY19B-EV,Mentions,"(0.4, 0.5]",-1,0.4067,1.0,-1.0383,0.0006930000000000006,-1.038993
KXFREYMENTION-26MAY19-IMMI,Mentions,"(0.8, 0.9]",-1,0.83,1.0,-0.615,0.016574250000000002,-0.63157425
KXFREYMENTION-26MAY19-ICE,Mentions,"(0.8, 0.9]",-1,0.835,1.0,-0.6100000000000001,0.016652999999999998,-0.6266530000000001
KXFREYMENTION-26MAY19-SOMA,Mentions,"(0.5, 0.6]",-1,0.52,0.0,0.07499999999999996,0.004856249999999999,0.07014374999999996
KXJEFFRIESMENTION-26MAY19-IRAN,Mentions,"(0.4, 0.5]",-1,0.5,0.0,0.050000000000000044,0.0033250000000000033,0.04667500000000004
KXJEFFRIESMENTION-26MAY19-AFFO,Mentions,"(0.8, 0.9]",-1,0.9,1.0,-0.55,0.017325,-0.5673250000000001
KXJEFFRIESMENTION-26MAY19-ICE,Mentions,"(0.5, 0.6]",-1,0.54,1.0,-0.9099999999999999,0.0057330000000000055,-0.9157329999999999
KXBTC-26MAY1919-B76750,Crypto,"(0.2, 0.3]",-1,0.22,0.0,-0.2250000000000001,0.0006930000000000006,-0.2256930000000001
KXPOLITICSMENTION-26MAY19B-ZOHR,Mentions,"(-0.001, 0.1]",1,0.08,1.0,0.495,0.017498250000000003,0.47750175
KXPOLITICSMENTION-26MAY19B-HEAL,Mentions,"(0.5, 0.6]",-1,0.59,0.0,0.16500000000000004,0.009644250000000002,0.15535575000000004
KXPOLITICSMENTION-26MAY19B-BILL,Mentions,"(0.8, 0.9]",-1,0.85,0.0,0.42500000000000004,0.017106250000000003,0.40789375000000005
KXPOLITICSMENTION-26MAY19B-AI,Mentions,"(0.2, 0.3]",-1,0.253,0.0,-0.17199999999999993,0.0006930000000000006,-0.17269299999999993
KXPOLITICSMENTION-26MAY19B-NQE,Mentions,"(-0.001, 0.1]",1,0.01,0.0,-0.435,0.01720425,-0.45220425
KXPOLITICSMENTION-26MAY19B-PRED,Mentions,"(-0.001, 0.1]",1,0.08,0.0,-0.505,0.017498250000000003,-0.52249825
KXMLBTOTAL-26MAY191610ATLMIA-8,Sports,"(0.5, 0.6]",-1,0.55,1.0,-0.9299999999999999,0.004557000000000005,-0.934557
KXEARNINGSMENTIONCAVA-26MAY19-DIGI,Mentions,"(0.8, 0.9]",-1,0.89,1.0,-0.135,0.008174250000000001,-0.14317425
KXEARNINGSMENTIONCAVA-26MAY19-TARI,Mentions,"(0.6, 0.7]",-1,0.65,0.0,0.20999999999999996,0.011613,0.19838699999999995
KXTRUEV-26MAY19-T1316.13,Economics,"(0.8, 0.9]",-1,0.8546,0.0,0.35960000000000003,0.0161201488,0.3434798512
KXTRUEV-26MAY19-T1326.13,Economics,"(-0.001, 0.1]",1,0.08,0.0,-0.575,0.017106250000000003,-0.59210625
KXTRUEV-26MAY19-T1186.13,Economics,"(0.8, 0.9]",-1,0.8733,1.0,-0.6217,0.0164632377,-0.6381632377
KXTRUEV-26MAY19-T1196.13,Economics,"(0.8, 0.9]",-1,0.8733,1.0,-0.6217,0.0164632377,-0.6381632377
KXTRUFTSA-26MAY19-T2490000,Economics,"(-0.001, 0.1]",1,0.08,0.0,-0.135,0.008174250000000001,-0.14317425
KXTRUEV-26MAY19-T1296.13,Economics,"(0.8, 0.9]",-1,0.82,0.0,0.32499999999999996,0.01535625,0.30964374999999994
KXTRUEV-26MAY19-T1206.13,Economics,"(0.8, 0.9]",-1,0.86,1.0,-0.635,0.016224250000000003,-0.6512242500000001
KXTRUEV-26MAY19-T1246.13,Economics,"(0.8, 0.9]",-1,0.89,0.0,0.395,0.016728250000000004,0.37827175
KXTRUEV-26MAY19-T1306.13,Economics,"(0.8, 0.9]",-1,0.85,0.0,0.355,0.01602825,0.33897174999999996
KXTRUEV-26MAY19-T1266.13,Economics,"(0.8, 0.9]",-1,0.81,0.0,0.31500000000000006,0.015104250000000003,0.29989575000000007
KXTRUEV-26MAY19-T1226.13,Economics,"(0.8, 0.9]",-1,0.9,1.0,-0.595,0.01686825,-0.61186825
KXTRUEV-26MAY19-T1236.13,Economics,"(0.8, 0.9]",-1,0.9,1.0,-0.595,0.01686825,-0.61186825
KXTRUEV-26MAY19-T1216.13,Economics,"(0.8, 0.9]",-1,0.8657,1.0,-0.6293,0.016329705700000002,-0.6456297057
KXMLBTOTAL-26MAY191840CINPHI-12,Sports,"(0.2, 0.3]",-1,0.27,0.0,-0.20999999999999996,0.0006930000000000006,-0.21069299999999996
KXMLBHR-26MAY191840CINPHI-PHIBHARPER3-1,Sports,"(0.1, 0.2]",1,0.19,0.0,-0.355,0.01602825,-0.37102825
KXMLBHIT-26MAY191840BALTB-BALJHOLLIDAY7-2,Sports,"(0.2, 0.3]",-1,0.21,0.0,-0.21500000000000008,0.0006930000000000006,-0.21569300000000008
KXTRUMPMENTION-26MAY19-NQE,Mentions,"(-0.001, 0.1]",1,0.05,0.0,-0.495,0.01749825,-0.51249825
KXTRUMPMENTION-26MAY19-HANT,Mentions,"(-0.001, 0.1]",1,0.05,0.0,-0.495,0.01749825,-0.51249825
KXTRUMPMENTION-26MAY19-ISRA,Mentions,"(0.4, 0.5]",-1,0.4329,0.0,-0.0121,0.0006930000000000006,-0.012793
KXTRUMPMENTION-26MAY19-DEMO,Mentions,"(0.7, 0.8]",-1,0.74,0.0,0.29499999999999993,0.01455825,0.28044174999999993
KXTRUMPMENTION-26MAY19-MOVI,Mentions,"(0.3, 0.4]",-1,0.35,0.0,-0.09499999999999997,0.0006930000000000006,-0.09569299999999997
KXTRUMPMENTION-26MAY19-ELEC,Mentions,"(0.7, 0.8]",-1,0.74,1.0,-0.7050000000000001,0.01455825,-0.7195582500000001
KXTRUMPMENTION-26MAY19-BORD,Mentions,"(0.5, 0.6]",-1,0.5036,1.0,-0.9414,0.0038616227999999997,-0.9452616228
KXTRUMPMENTION-26MAY19-OIL,Mentions,"(0.4, 0.5]",-1,0.45,1.0,-0.9950000000000001,0.0006930000000000006,-0.9956930000000002
KXTRUMPMENTION-26MAY19-CHIN,Mentions,"(0.6, 0.7]",-1,0.67,1.0,-0.7749999999999999,0.012206250000000005,-0.7872062499999999
KXTRUMPMENTION-26MAY19-INVE,Mentions,"(0.3, 0.4]",-1,0.37,1.0,-1.075,0.0006930000000000006,-1.075693
KXTRUMPMENTION-26MAY19-TERR,Mentions,"(0.4, 0.5]",-1,0.4152,0.0,-0.02980000000000005,0.0006930000000000006,-0.030493000000000048
KXMLBTOTAL-26MAY191905TORNYY-3,Sports,"(0.9, 1.0]",-1,0.98,1.0,-0.505,0.017498250000000003,-0.52249825
KXNBATOTAL-26MAY19CLENYK-185,Sports,"(0.8, 0.9]",-1,0.87,1.0,-0.51,0.017493,-0.527493
KXNBASPREAD-26MAY19CLENYK-NYK28,Sports,"(0.1, 0.2]",1,0.11,0.0,-0.5,0.0175,-0.5175
KXMLBF5SPREAD-26MAY192140CWSSEA-SEA3,Sports,"(0.2, 0.3]",-1,0.24,0.0,-0.24,0.0006930000000000006,-0.240693
KXSENATECONFIRM-26APR29-BLON,Politics,"(0.9, 1.0]",-1,0.95,1.0,-0.07000000000000006,0.004557000000000005,-0.07455700000000007
KXSENATECONFIRM-26APR29-SPEA,Politics,"(0.9, 1.0]",-1,0.95,1.0,-0.07000000000000006,0.004557000000000005,-0.07455700000000007
KXPRESSBRIEFINGCOUNT-26MAY-A2,Politics,"(0.8, 0.9]",-1,0.84,1.0,-0.19,0.010773000000000001,-0.200773
KXAAAGASD-26MAY20-4.530,Economics,"(0.9, 1.0]",-1,0.92,1.0,-0.575,0.017106250000000003,-0.59210625
KXAAAGASD-26MAY20-4.525,Economics,"(0.9, 1.0]",-1,0.94,1.0,-0.555,0.01728825,-0.57228825
KXAAAGASD-26MAY20-4.520,Economics,"(0.9, 1.0]",-1,0.99,1.0,-0.255,0.013298250000000001,-0.26829825
KXAAAGASD-26MAY20-4.540,Economics,"(0.8, 0.9]",-1,0.85,1.0,-0.645,0.01602825,-0.66102825
KXAAAGASD-26MAY20-4.550,Economics,"(0.4, 0.5]",-1,0.5,1.0,-0.875,0.007656250000000001,-0.88265625
KXAAAGASD-26MAY20-4.570,Economics,"(-0.001, 0.1]",1,0.02,0.0,-0.245,0.012948250000000001,-0.25794825
KXAAAGASD-26MAY20-4.515,Economics,"(0.9, 1.0]",-1,0.99,1.0,-0.505,0.017498250000000003,-0.52249825
KXAAAGASD-26MAY20-4.565,Economics,"(-0.001, 0.1]",1,0.1,0.0,-0.35,0.015925,-0.365925
KXAAAGASD-26MAY20-4.500,Economics,"(0.9, 1.0]",-1,0.99,1.0,-0.505,0.017498250000000003,-0.52249825
KXAAAGASD-26MAY20-4.505,Economics,"(0.9, 1.0]",-1,0.99,1.0,-0.505,0.017498250000000003,-0.52249825
KXAAAGASD-26MAY20-4.535,Economics,"(0.8, 0.9]",-1,0.87,1.0,-0.625,0.01640625,-0.64140625
KXPOWELLPROTEMP-26MAY-MAY20,Politics,"(0.8, 0.9]",-1,0.85,0.0,0.7749999999999999,0.012206250000000002,0.7627937499999999
KXAAAGASD-26MAY20-4.585,Economics,"(-0.001, 0.1]",1,0.0708,0.0,-0.5658,0.0171969252,-0.5829969252
KXAAAGASD-26MAY20-4.510,Economics,"(0.9, 1.0]",-1,0.99,1.0,-0.505,0.017498250000000003,-0.52249825
KXMLBGAME-26MAY192140SFAZ-AZ,Sports,"(0.5, 0.6]",-1,0.56,1.0,-0.7349999999999999,0.013634250000000006,-0.7486342499999998
KXMLBHR-26MAY192140CWSSEA-CWSCMONTGOMERY12-1,Sports,"(0.2, 0.3]",-1,0.21,0.0,-0.28,0.0006930000000000006,-0.280693
KXMLBHIT-26MAY192140CWSSEA-SEAJNAYLOR12-2,Sports,"(0.2, 0.3]",-1,0.24,0.0,0.15500000000000003,0.009168250000000001,0.14583175000000004
KXMLBHIT-26MAY192140CWSSEA-SEAPWISDOM-1,Sports,"(0.5, 0.6]",-1,0.57,0.0,0.49,0.017493,0.472507
KXNCAABBGAME-26MAY192200WAHOSB-OSB,Sports,"(0.5, 0.6]",-1,0.57,0.0,0.48,0.017472,0.462528
KXUKCPIYOY-26MAY20-T2.4,Economics,"(0.4, 0.5]",-1,0.41,1.0,-1.085,0.0006930000000000006,-1.085693
KXUKCPIYOY-26MAY20-T2.6,Economics,"(-0.001, 0.1]",1,0.08,1.0,0.42500000000000004,0.017106250000000003,0.40789375000000005
KXUKCPIYOY-26MAY20-T2.7,Economics,"(-0.001, 0.1]",1,0.08,1.0,0.42500000000000004,0.017106250000000003,0.40789375000000005
KXUKCPIYOY-26MAY20-T3.0,Economics,"(-0.001, 0.1]",1,0.1,0.0,-0.58,0.017052000000000005,-0.5970519999999999
KXUKCPIYOY-26MAY20-T3.2,Economics,"(-0.001, 0.1]",1,0.09,0.0,-0.57,0.017157000000000002,-0.5871569999999999
KXEZCPIYOYF-26MAY20-T3.7,Economics,"(-0.001, 0.1]",1,0.02,0.0,-0.51,0.017493,-0.527493
KXEZCPIYOYF-26MAY20-T3.6,Economics,"(-0.001, 0.1]",1,0.02,0.0,-0.51,0.017493,-0.527493
KXEZCPIYOYF-26MAY20-T3.5,Economics,"(-0.001, 0.1]",1,0.02,0.0,-0.51,0.017493,-0.527493
KXEZCPIYOYF-26MAY20-T3.4,Economics,"(-0.001, 0.1]",1,0.02,0.0,-0.51,0.017493,-0.527493
KXEZCPIYOYF-26MAY20-T2.3,Economics,"(0.9, 1.0]",-1,0.99,1.0,-0.5,0.0175,-0.5175
KXEZCPIYOYF-26MAY20-T3.3,Economics,"(-0.001, 0.1]",1,0.02,0.0,-0.51,0.017493,-0.527493
KXEZCPIYOYF-26MAY20-T3.1,Economics,"(-0.001, 0.1]",1,0.08,0.0,-0.57,0.017157000000000002,-0.5871569999999999
KXEZCPIYOYF-26MAY20-T2.5,Economics,"(0.9, 1.0]",-1,0.98,1.0,-0.51,0.017493,-0.527493
KXEZCPIYOYF-26MAY20-T2.6,Economics,"(0.9, 1.0]",-1,0.98,1.0,-0.51,0.017493,-0.527493
KXEZCPIYOYF-26MAY20-T2.8,Economics,"(0.8, 0.9]",-1,0.89,1.0,-0.6,0.016800000000000002,-0.6168
KXEZCPIYOYF-26MAY20-T2.4,Economics,"(0.9, 1.0]",-1,0.98,1.0,-0.51,0.017493,-0.527493
KXBTC-26MAY2005-B77250,Crypto,"(0.2, 0.3]",-1,0.29,0.0,0.09000000000000008,0.0057330000000000055,0.08426700000000008
KXATPCHALLENGERMATCH-26MAY20RAWMIL-RAW,Sports,"(0.2, 0.3]",-1,0.25,0.0,0.14,0.008428000000000001,0.13157200000000002
KXBNB15M-26MAY200600-00,Crypto,"(0.2, 0.3]",-1,0.2867,1.0,-0.7833000000000001,0.011881877699999996,-0.7951818777000002
KXATPMATCH-26MAY19DEJDRA-DEJ,Sports,"(0.7, 0.8]",-1,0.74,1.0,-0.7,0.014700000000000003,-0.7147
KXLOLGAME-26MAY200400DRXT1-T1,Sports,"(0.8, 0.9]",-1,0.88,1.0,-0.13,0.007917,-0.137917
KXWTAMATCH-26MAY20STEPIG-PIG,Sports,"(0.5, 0.6]",-1,0.58,0.0,0.15499999999999992,0.009168249999999996,0.14583174999999993
KXNBAMENTION-26MAY19CLENYK-TRAV,Mentions,"(0.8, 0.9]",-1,0.8003,1.0,-0.6496999999999999,0.0159312937,-0.6656312937
KXNBAMENTION-26MAY19CLENYK-JORD,Mentions,"(0.8, 0.9]",-1,0.9,1.0,-0.5449999999999999,0.017358250000000002,-0.56235825
KXNBAMENTION-26MAY19CLENYK-OVER,Mentions,"(0.8, 0.9]",-1,0.83,1.0,-0.615,0.016574250000000002,-0.63157425
KXMLBMENTION-26MAY19TORNYY-EXTR,Mentions,"(-0.001, 0.1]",1,0.08,0.0,-0.52,0.017472,-0.5374720000000001
KXMLBMENTION-26MAY19TORNYY-BULL,Mentions,"(0.8, 0.9]",-1,0.9,1.0,-0.18499999999999994,0.01055425,-0.19555424999999993
KXSTARMERMENTIONB-26MAY20-UKRA,Mentions,"(0.5, 0.6]",-1,0.55,1.0,-0.895,0.00657825,-0.90157825
KXSTARMERMENTIONB-26MAY20-EPST,Mentions,"(-0.001, 0.1]",1,0.07,0.0,-0.515,0.017484250000000003,-0.53248425
KXITFWMATCH-26MAY20SAFVAS-SAF,Sports,"(0.7, 0.8]",-1,0.71,0.0,0.24,0.012768,0.227232
KXATPMATCH-26MAY20AUGKOV-AUG,Sports,"(0.8, 0.9]",-1,0.86,0.0,0.42000000000000004,0.017052000000000005,0.40294800000000003
KXSTARMERMENTIONB-26MAY20-TRUM,Mentions,"(0.2, 0.3]",-1,0.251,0.0,-0.19399999999999995,0.0006930000000000006,-0.19469299999999995
KXETH-26MAY2010-B2150,Crypto,"(0.2, 0.3]",-1,0.24,0.0,0.22499999999999998,0.01220625,0.21279374999999998
KXATHLETEMENTION-26MAY19-FREE,Mentions,"(0.6, 0.7]",-1,0.67,0.0,0.21999999999999997,0.012012,0.20798799999999998
KXATHLETEMENTION-26MAY19-REST,Mentions,"(0.8, 0.9]",-1,0.81,0.0,0.3600000000000001,0.016128000000000003,0.34387200000000007
KXATHLETEMENTION-26MAY19-MSG,Mentions,"(0.6, 0.7]",-1,0.68,0.0,0.22999999999999998,0.012397,0.217603
KXATHLETEMENTION-26MAY19-FOUL,Mentions,"(0.7, 0.8]",-1,0.78,1.0,-0.6699999999999999,0.015477000000000003,-0.6854769999999999
KXATHLETEMENTION-26MAY19-CROW,Mentions,"(0.7, 0.8]",-1,0.77,1.0,-0.6799999999999999,0.015232000000000004,-0.695232
KXEARNINGSMENTIONLOW-26MAY20-TARI,Mentions,"(0.8, 0.9]",-1,0.85,1.0,-0.5900000000000001,0.016933,-0.6069330000000001
KXEARNINGSMENTIONLOW-26MAY20-COMP,Mentions,"(0.8, 0.9]",-1,0.85,0.0,0.4099999999999999,0.016933,0.39306699999999994
KXEARNINGSMENTIONLOW-26MAY20-VOLA,Mentions,"(0.5, 0.6]",-1,0.51,0.0,0.07000000000000006,0.004557000000000005,0.06544300000000006
KXHEARINGMENTION-26MAY18-TRUM,Mentions,"(0.8, 0.9]",-1,0.8118,0.0,0.6968,0.014788883200000002,0.6820111167999999
KXHEARINGMENTION-26MAY18-BID,Mentions,"(0.4, 0.5]",-1,0.4067,0.0,0.25670000000000004,0.013356357700000002,0.24334364230000005
KXHEARINGMENTION-26MAY18-NATI,Mentions,"(0.5, 0.6]",-1,0.6,0.0,0.565,0.01720425,0.5477957499999999
KXMLBMENTION-26MAY19TORNYY-WILD,Mentions,"(0.4, 0.5]",-1,0.43,1.0,-0.9950000000000001,0.0006930000000000006,-0.9956930000000002
KXBTCD-26MAY2012-T77599.99,Crypto,"(0.2, 0.3]",-1,0.2237,0.0,0.2187,0.011960921700000002,0.2067390783
KXNASDAQ100U-26MAY20H1300-T29109.99,Financials,"(0.9, 1.0]",-1,0.92,1.0,-0.10499999999999993,0.006578249999999996,-0.11157824999999992
KXEARNINGSMENTIONTGT-26MAY20-SYNT,Mentions,"(0.5, 0.6]",-1,0.56,1.0,-0.8599999999999999,0.008428000000000007,-0.8684279999999999
KXCARNEYMENTION-26MAY20-NATO,Mentions,"(0.3, 0.4]",-1,0.3444,1.0,-1.1006,0.0006930000000000006,-1.101293
KXCARNEYMENTION-26MAY20-AI,Mentions,"(0.6, 0.7]",-1,0.68,1.0,-0.7649999999999999,0.012584250000000005,-0.7775842499999999
KXTRUMPMENTION-26MAY20C-NQE,Mentions,"(-0.001, 0.1]",1,0.07,0.0,-0.07500000000000001,0.004856250000000001,-0.07985625000000002
KXTRUMPMENTION-26MAY20C-HOTT,Mentions,"(0.6, 0.7]",-1,0.61,1.0,-0.43000000000000005,0.017157000000000002,-0.447157
KXTRUMPMENTION-26MAY20C-ELEC,Mentions,"(0.5, 0.6]",-1,0.5527,1.0,-0.4873,0.0174887097,-0.5047887097
KXTRUMPMENTION-26MAY20C-AI,Mentions,"(0.5, 0.6]",-1,0.56,0.0,0.52,0.017471999999999998,0.502528
KXTRUMPMENTION-26MAY20C-CRYP,Mentions,"(-0.001, 0.1]",1,0.04,0.0,-0.06,0.003948,-0.063948
KXTRUMPMENTION-26MAY20C-BORD,Mentions,"(0.6, 0.7]",-1,0.64,1.0,-0.39999999999999997,0.016800000000000002,-0.41679999999999995
KXTRUMPMENTION-26MAY20C-ILLE,Mentions,"(0.5, 0.6]",-1,0.57,1.0,-0.47000000000000003,0.017437000000000005,-0.487437
KXTRUMPMENTION-26MAY20C-IRAN,Mentions,"(0.7, 0.8]",-1,0.76,1.0,-0.28,0.014112000000000001,-0.29411200000000004
KXTRUMPMENTION-26MAY20C-DEI,Mentions,"(0.6, 0.7]",-1,0.66,0.0,0.6200000000000001,0.016492000000000003,0.6035080000000002
KXTRUMPMENTION-26MAY20C-DRUG,Mentions,"(0.2, 0.3]",-1,0.29,1.0,-0.75,0.013125000000000001,-0.763125
KXTRUMPMENTION-26MAY20C-250,Mentions,"(0.8, 0.9]",-1,0.86,0.0,0.84,0.009408000000000003,0.830592
KXTRUMPMENTION-26MAY20-CUBA,Mentions,"(0.6, 0.7]",-1,0.66,0.0,0.21500000000000008,0.011814250000000004,0.20318575000000008
KXTRUMPMENTION-26MAY20-TRIL,Mentions,"(0.4, 0.5]",-1,0.46,1.0,-0.9850000000000001,0.0010342499999999935,-0.9860342500000001
KXTRUMPMENTION-26MAY20-LONG,Mentions,"(0.6, 0.7]",-1,0.66,1.0,-0.7649999999999999,0.012584250000000005,-0.7775842499999999
KXINXU-26MAY20H1400-T7394.9999,Financials,"(0.9, 1.0]",-1,0.95,1.0,-0.19000000000000006,0.010773000000000003,-0.20077300000000006
KXINXU-26MAY20H1500-T7399.9999,Financials,"(0.9, 1.0]",-1,0.9001,1.0,-0.2249,0.0122023993,-0.2371023993
KXMLBSPREAD-26MAY201305CINPHI-PHI4,Sports,"(0.2, 0.3]",-1,0.3,0.0,-0.10499999999999998,0.0006930000000000006,-0.10569299999999998
KXMLBSPREAD-26MAY201305CINPHI-CIN5,Sports,"(0.2, 0.3]",-1,0.28,1.0,-1.125,0.0006930000000000006,-1.125693
KXMLBHR-26MAY201305CINPHI-PHIESOSA33-1,Sports,"(0.1, 0.2]",1,0.11,1.0,0.825,0.01010625,0.81489375
KXMLBTB-26MAY201305CINPHI-CINSSTEER7-3,Sports,"(0.2, 0.3]",-1,0.26,0.0,-0.020000000000000018,0.0006930000000000006,-0.020693000000000017
KXDOGE15M-26MAY201615-15,Crypto,"(0.2, 0.3]",-1,0.2618,1.0,-0.7532,0.013012283200000002,-0.7662122832
KXMLBHR-26MAY201540SFAZ-SFBELDRIDGE8-1,Sports,"(0.1, 0.2]",1,0.11,0.0,-0.185,0.010554250000000001,-0.19555424999999999
KXMLBHR-26MAY201510TEXCOL-TEXKHIGASHIOKA11-1,Sports,"(0.1, 0.2]",1,0.14,0.0,-0.63,0.016317,-0.646317
KXMLBHR-26MAY201510TEXCOL-COLTRUMFIELD64-1,Sports,"(0.1, 0.2]",1,0.12,0.0,-0.56,0.017248,-0.5772480000000001
KXMLBHRR-26MAY201510TEXCOL-TEXJBURGER21-2,Sports,"(0.5, 0.6]",-1,0.59,1.0,-0.895,0.00657825,-0.90157825
KXTRUMPSAY-26MAY25-50,Mentions,"(0.8, 0.9]",-1,0.8498,1.0,-0.6402,0.016124077200000003,-0.6563240772
KXTRUMPSAY-26MAY25-BARA,Mentions,"(0.8, 0.9]",-1,0.8498,1.0,-0.6402,0.016124077200000003,-0.6563240772
KXTRUMPSAY-26MAY25-DUMO,Mentions,"(0.8, 0.9]",-1,0.8498,1.0,-0.6402,0.016124077200000003,-0.6563240772
KXTRUMPSAY-26MAY25-MELA,Mentions,"(0.8, 0.9]",-1,0.8498,1.0,-0.6352,0.0162204672,-0.6514204672
KXTRUMPSAY-26MAY25-THUG,Mentions,"(0.3, 0.4]",-1,0.4,1.0,-1.085,0.0006930000000000006,-1.085693
KXEARNINGSMENTIONNVDA-26MAY20-H20,Mentions,"(0.5, 0.6]",-1,0.5005,0.0,0.3054999999999999,0.014851882499999998,0.29064811749999986
KXEARNINGSMENTIONNVDA-26MAY20-TAIW,Mentions,"(0.5, 0.6]",-1,0.5051,0.0,0.07010000000000005,0.004563019300000003,0.06553698070000005
KXEARNINGSMENTIONNVDA-26MAY20-OMNI,Mentions,"(0.7, 0.8]",-1,0.78,0.0,0.5900000000000001,0.016933000000000004,0.5730670000000001
KXEARNINGSMENTIONNVDA-26MAY20-HYPE,Mentions,"(0.8, 0.9]",-1,0.9,1.0,-0.295,0.014558250000000003,-0.30955825
KXEARNINGSMENTIONNVDA-26MAY20-TRUM,Mentions,"(0.6, 0.7]",-1,0.7,0.0,0.365,0.016224250000000003,0.34877575
KXEARNINGSMENTIONNVDA-26MAY20-VR,Mentions,"(0.4, 0.5]",-1,0.4717,0.0,0.036699999999999955,0.002474717699999997,0.03422528229999996
KXEARNINGSMENTIONNVDA-26MAY20-HUMA,Mentions,"(0.5, 0.6]",-1,0.5712,1.0,-0.8637999999999999,0.008235469200000007,-0.8720354691999999
KXMLBHR-26MAY201610CWSSEA-CWSCMONTGOMERY12-1,Sports,"(0.1, 0.2]",1,0.2,0.0,-0.31,0.014972999999999998,-0.324973
KXMLBHRR-26MAY201610CWSSEA-SEAPWISDOM-1,Sports,"(0.5, 0.6]",-1,0.55,1.0,-0.94,0.003948000000000004,-0.9439479999999999
KXXRP15M-26MAY201915-15,Crypto,"(0.2, 0.3]",-1,0.2803,0.0,0.25529999999999997,0.013308533700000002,0.24199146629999996
KXTRUEV-26MAY20-T1301.99,Economics,"(-0.001, 0.1]",1,0.09,0.0,-0.585,0.016994250000000002,-0.60199425
KXTRUEV-26MAY20-T1311.99,Economics,"(-0.001, 0.1]",1,0.07,0.0,-0.565,0.017204250000000004,-0.58220425
KXTRUEV-26MAY20-T1251.99,Economics,"(0.4, 0.5]",-1,0.46,1.0,-1.0350000000000001,0.0006930000000000006,-1.0356930000000002
KXTRUEV-26MAY20-T1231.99,Economics,"(0.9, 1.0]",-1,0.904,1.0,-0.591,0.016920330000000004,-0.60792033
KXTRUEV-26MAY20-T1221.99,Economics,"(0.9, 1.0]",-1,0.91,1.0,-0.585,0.016994250000000002,-0.60199425
KXTRUFTSA-26MAY20-T2480000,Economics,"(0.8, 0.9]",-1,0.88,1.0,-0.58,0.017052000000000005,-0.5970519999999999
KXTRUEV-26MAY20-T1211.99,Economics,"(0.9, 1.0]",-1,0.97,1.0,-0.525,0.017456250000000003,-0.54245625
KXTRUEV-26MAY20-T1321.99,Economics,"(-0.001, 0.1]",1,0.06,0.0,-0.5549999999999999,0.017288250000000005,-0.5722882499999999
KXTRUFTSA-26MAY20-T2380000,Economics,"(0.8, 0.9]",-1,0.8734,1.0,-0.40160000000000007,0.016822220800000003,-0.4184222208000001
KXMLBF5TOTAL-26MAY201845NYMWSH-1,Sports,"(0.9, 1.0]",-1,0.98,1.0,-0.51,0.017493,-0.527493
KXMLBSPREAD-26MAY201840ATLMIA-MIA2,Sports,"(0.2, 0.3]",-1,0.26,0.0,-0.14500000000000002,0.0006930000000000006,-0.14569300000000002
KXMLBHR-26MAY201840ATLMIA-ATLRACUNA13-1,Sports,"(0.1, 0.2]",1,0.17,0.0,-0.24500000000000002,0.012948250000000001,-0.25794825000000005
KXUE-AUS26APRIL-4.1,Economics,"(0.9, 1.0]",-1,0.91,1.0,-0.14999999999999997,0.008925,-0.15892499999999996
KXMLBHIT-26MAY201840CLEDET-DETZMCKINSTRY39-1,Sports,"(0.5, 0.6]",-1,0.51,1.0,-0.98,0.0013720000000000015,-0.981372
KXNBA3PT-26MAY20SASOKC-SASVWEMBANYAMA1-1,Sports,"(0.7, 0.8]",-1,0.8,1.0,-0.6799999999999999,0.015232000000000004,-0.695232
KXMLBHIT-26MAY201940MILCHC-CHCNHOERNER2-2,Sports,"(0.2, 0.3]",-1,0.29,0.0,-0.16999999999999993,0.0006930000000000006,-0.17069299999999993
KXNBATOTAL-26MAY20SASOKC-201,Sports,"(0.8, 0.9]",-1,0.88,1.0,-0.6,0.016800000000000002,-0.6168
KXMLBHR-26MAY201945PITSTL-STLABURLESON41-1,Sports,"(0.1, 0.2]",1,0.12,0.0,-0.185,0.010554250000000001,-0.19555424999999999
KXNBATOTAL-26MAY20SASOKC-249,Sports,"(0.1, 0.2]",1,0.12,0.0,-0.5,0.0175,-0.5175
KXNBASPREAD-26MAY20SASOKC-SAS9,Sports,"(0.1, 0.2]",1,0.14,0.0,-0.53,0.017437,-0.5474370000000001
KXNBA3PT-26MAY20SASOKC-OKCCHOLMGREN7-3,Sports,"(0.1, 0.2]",1,0.18,0.0,-0.26,0.013468,-0.273468
KXMLBHR-26MAY202040LADSD-SDRLAUREANO5-1,Sports,"(0.1, 0.2]",1,0.11,0.0,-0.16999999999999998,0.009877000000000002,-0.17987699999999998
KXNHLGOAL-26MAY20VGKCOL-VGKBHOWDEN21-1,Sports,"(0.2, 0.3]",-1,0.24,1.0,-0.865,0.008174250000000001,-0.87317425
KXNHLPTS-26MAY20VGKCOL-VGKIBARBASHEV49-2,Sports,"(0.1, 0.2]",1,0.13,0.0,-0.61,0.016653,-0.626653
KXNBAPTS-26MAY20SASOKC-OKCLDORT5-10,Sports,"(0.2, 0.3]",-1,0.21,0.0,-0.29000000000000004,0.0006930000000000006,-0.29069300000000003
KXAAAGASD-26MAY21-4.560,Economics,"(0.4, 0.5]",-1,0.48,1.0,-0.97,0.002037000000000002,-0.9720369999999999
KXAAAGASD-26MAY21-4.580,Economics,"(-0.001, 0.1]",1,0.01,0.0,-0.505,0.017498250000000003,-0.52249825
KXAAAGASD-26MAY21-4.565,Economics,"(0.4, 0.5]",-1,0.44,0.0,-0.05500000000000016,0.0006930000000000006,-0.05569300000000016
KXAAAGASD-26MAY21-4.555,Economics,"(0.9, 1.0]",-1,0.99,1.0,-0.46,0.017388000000000004,-0.47738800000000003
KXAAAGASD-26MAY21-4.530,Economics,"(0.9, 1.0]",-1,0.99,1.0,-0.015000000000000013,0.001034250000000001,-0.016034250000000014
KXAAAGASD-26MAY21-4.545,Economics,"(0.9, 1.0]",-1,0.986,1.0,-0.509,0.017494330000000002,-0.52649433
KXAAAGASD-26MAY21-4.540,Economics,"(0.9, 1.0]",-1,0.99,1.0,-0.505,0.017498250000000003,-0.52249825
KXAAAGASD-26MAY21-4.535,Economics,"(0.9, 1.0]",-1,0.99,1.0,-0.505,0.017498250000000003,-0.52249825
KXPOWELLPROTEMP-26MAY-MAY21,Politics,"(0.8, 0.9]",-1,0.85,0.0,0.7749999999999999,0.012206250000000002,0.7627937499999999
KXAAAGASD-26MAY21-4.550,Economics,"(0.9, 1.0]",-1,0.99,1.0,-0.46,0.017388000000000004,-0.47738800000000003
KXBTC-26MAY2100-B77750,Crypto,"(0.2, 0.3]",-1,0.2015,0.0,-0.25350000000000006,0.0006930000000000006,-0.25419300000000006
KXSURVIVORMENTION-26MAY20-FIRE,Mentions,"(0.8, 0.9]",-1,0.9,1.0,-0.515,0.017484250000000003,-0.53248425
KXSURVIVORMENTION-26MAY20-FALL,Mentions,"(0.8, 0.9]",-1,0.8196,1.0,-0.6004,0.0167943888,-0.6171943888
KXSURVIVORMENTION-26MAY20-FIJI,Mentions,"(0.8, 0.9]",-1,0.82,1.0,-0.605,0.016728250000000004,-0.62172825
KXSURVIVORMENTION-26MAY20-BILL,Mentions,"(0.8, 0.9]",-1,0.82,1.0,-0.22500000000000003,0.012206250000000002,-0.23720625000000004
KXSURVIVORMENTION-26MAY20-HUNG,Mentions,"(0.4, 0.5]",-1,0.48,0.0,0.05499999999999994,0.0036382499999999965,0.05136174999999994
KXSURVIVORMENTION-26MAY20-AUCT,Mentions,"(0.8, 0.9]",-1,0.83,0.0,0.405,0.01686825,0.38813175
KXMLBHR-26MAY202138ATHLAA-ATHSLANGELIERS23-1,Sports,"(0.2, 0.3]",-1,0.2285,0.0,0.09350000000000003,0.005933042500000002,0.08756695750000003
KXSURVIVORMENTION-26MAY21-BETR,Mentions,"(0.6, 0.7]",-1,0.6376,1.0,-0.5574000000000001,0.0172693668,-0.5746693668000001
KXSURVIVORMENTION-26MAY21-BOND,Mentions,"(0.9, 1.0]",-1,0.9079,1.0,-0.16709999999999992,0.009742431299999998,-0.1768424312999999
KXSURVIVORMENTION-26MAY21-FALL,Mentions,"(0.5, 0.6]",-1,0.55,0.0,0.28,0.014112000000000001,0.265888
KXSURVIVORMENTION-26MAY21-TARG,Mentions,"(0.8, 0.9]",-1,0.85,1.0,-0.22000000000000003,0.012012000000000004,-0.23201200000000002
KXSURVIVORMENTION-26MAY21-MILL,Mentions,"(0.9, 1.0]",-1,0.927,1.0,-0.15799999999999992,0.009312519999999996,-0.1673125199999999
KXSURVIVORMENTION-26MAY21-DRAM,Mentions,"(0.5, 0.6]",-1,0.55,0.0,0.28,0.014112000000000001,0.265888
KXSURVIVORMENTION-26MAY21-CLUE,Mentions,"(0.5, 0.6]",-1,0.55,1.0,-0.72,0.014112000000000001,-0.734112
KXSURVIVORMENTION-26MAY21-STRA,Mentions,"(0.9, 1.0]",-1,0.9079,1.0,-0.16709999999999992,0.009742431299999998,-0.1768424312999999
KXMLBHRR-26MAY202138ATHLAA-ATHSLANGELIERS23-1,Sports,"(0.8, 0.9]",-1,0.82,1.0,-0.595,0.01686825,-0.61186825
KXBTCD-26MAY2101-T78099.99,Crypto,"(0.2, 0.3]",-1,0.2866,0.0,0.27159999999999995,0.0138483408,0.2577516591999999
KXNHLMENTION-26MAY20VGKCOL-CROS,Mentions,"(0.8, 0.9]",-1,0.82,1.0,-0.625,0.01640625,-0.64140625
KXITFWMATCH-26MAY20HOUYAN-YAN,Sports,"(0.8, 0.9]",-1,0.9,1.0,-0.58,0.017052000000000005,-0.5970519999999999
KXLOLGAME-26MAY210400HLEFOX-FOX,Sports,"(0.1, 0.2]",1,0.15,0.0,-0.185,0.010554250000000001,-0.19555424999999999
KXNBAMENTION-26MAY20SASOKC-TRAV,Mentions,"(0.8, 0.9]",-1,0.9,1.0,-0.245,0.012948250000000001,-0.25794825
KXJOBLESSCLAIMS-26MAY21-210000,Economics,"(0.4, 0.5]",-1,0.46,0.0,-0.015000000000000124,0.0006930000000000006,-0.015693000000000124
KXJOBLESSCLAIMS-26MAY21-200000,Economics,"(0.8, 0.9]",-1,0.88,1.0,-0.3,0.0147,-0.3147
KXHOUSINGSTART-26MAY21-T1.525,Economics,"(0.4, 0.5]",-1,0.48,0.0,0.44499999999999995,0.01728825,0.42771174999999995
KXHOUSINGSTART-26MAY21-T1.550,Economics,"(0.4, 0.5]",-1,0.48,0.0,0.44499999999999995,0.01728825,0.42771174999999995
KXHOUSINGSTART-26MAY21-T1.500,Economics,"(0.4, 0.5]",-1,0.48,0.0,0.45499999999999996,0.01735825,0.43764174999999994
KXHOUSINGSTART-26MAY21-T1.475,Economics,"(0.4, 0.5]",-1,0.48,0.0,0.45499999999999996,0.01735825,0.43764174999999994
KXHOUSINGSTART-26MAY21-T1.400,Economics,"(0.4, 0.5]",-1,0.48,1.0,-0.55,0.017325,-0.5673250000000001
KXHOUSINGSTART-26MAY21-T1.575,Economics,"(0.4, 0.5]",-1,0.48,0.0,0.44499999999999995,0.01728825,0.42771174999999995
KXHOUSINGSTART-26MAY21-T1.450,Economics,"(0.4, 0.5]",-1,0.48,1.0,-0.55,0.017325,-0.5673250000000001
KXITFMATCH-26MAY21LAZALV-ALV,Sports,"(0.8, 0.9]",-1,0.9,1.0,-0.59,0.016933000000000004,-0.606933
KXPOLITICSMENTION-26MAY20-MASS,Mentions,"(0.8, 0.9]",-1,0.88,1.0,-0.565,0.017204250000000004,-0.58220425
KXPOLITICSMENTION-26MAY20-NQE,Mentions,"(-0.001, 0.1]",1,0.01,0.0,-0.455,0.01735825,-0.47235825000000004
KXPOLITICSMENTION-26MAY20-OIL,Mentions,"(0.6, 0.7]",-1,0.61,0.0,0.16500000000000004,0.009644250000000002,0.15535575000000004
KXPOLITICSMENTION-26MAY20-DEMO,Mentions,"(0.8, 0.9]",-1,0.85,0.0,0.405,0.01686825,0.38813175
KXPOLITICSMENTION-26MAY20-FRAU,Mentions,"(0.6, 0.7]",-1,0.63,0.0,0.18500000000000005,0.010554250000000003,0.17444575000000004
KXLASTWORDMENTION-26MAY20-HEAL,Mentions,"(0.3, 0.4]",-1,0.3933,1.0,-1.0517,0.0006930000000000006,-1.0523930000000001
KXLASTWORDMENTION-26MAY20-IRAN,Mentions,"(0.6, 0.7]",-1,0.6433,0.0,0.19829999999999992,0.011128397699999997,0.18717160229999993
KXLASTWORDMENTION-26MAY20-ECON,Mentions,"(0.5, 0.6]",-1,0.55,0.0,0.10499999999999998,0.00657825,0.09842174999999999
KXLASTWORDMENTION-26MAY20-AFFO,Mentions,"(0.5, 0.6]",-1,0.5433,0.0,0.09830000000000005,0.006204597700000004,0.09209540230000005
KXLASTWORDMENTION-26MAY20B-HEAL,Mentions,"(0.4, 0.5]",-1,0.4351,1.0,-1.0099,0.0006930000000000006,-1.010593
KXLASTWORDMENTION-26MAY20B-IRAN,Mentions,"(0.5, 0.6]",-1,0.592,1.0,-0.853,0.008777370000000001,-0.86177737
KXLASTWORDMENTION-26MAY20B-REPU,Mentions,"(0.6, 0.7]",-1,0.63,1.0,-0.815,0.010554250000000003,-0.8255542499999999
KXLASTWORDMENTION-26MAY20B-NQE,Mentions,"(-0.001, 0.1]",1,0.0198,0.0,-0.4648,0.017413267200000002,-0.4822132672
KXEARNINGSMENTIONTOL-26MAY20-CUST,Mentions,"(0.5, 0.6]",-1,0.5716,1.0,-0.8684000000000001,0.007999700799999997,-0.8763997008000001
KXEARNINGSMENTIONTOL-26MAY20-TARI,Mentions,"(0.7, 0.8]",-1,0.8,1.0,-0.6399999999999999,0.016128000000000003,-0.6561279999999999
KXEARNINGSMENTIONTOL-26MAY20-CALI,Mentions,"(0.8, 0.9]",-1,0.85,0.0,0.4099999999999999,0.016933,0.39306699999999994
KXEARNINGSMENTIONTOL-26MAY20-MILL,Mentions,"(0.8, 0.9]",-1,0.84,0.0,0.3999999999999999,0.0168,0.38319999999999993
KXEARNINGSMENTIONURBN-26MAY20-BEAU,Mentions,"(0.8, 0.9]",-1,0.81,1.0,-0.615,0.016574250000000002,-0.63157425
KXEARNINGSMENTIONURBN-26MAY20-STOR,Mentions,"(0.8, 0.9]",-1,0.85,1.0,-0.575,0.017106250000000003,-0.59210625
KXEARNINGSMENTIONURBN-26MAY20-HOLI,Mentions,"(0.8, 0.9]",-1,0.85,0.0,0.42500000000000004,0.017106250000000003,0.40789375000000005
KXEARNINGSMENTIONWMT-26MAY21-AUTOM,Mentions,"(0.7, 0.8]",-1,0.77,1.0,-0.26499999999999996,0.013634250000000002,-0.27863424999999997
KXEARNINGSMENTIONWMT-26MAY21-SNAP,Mentions,"(0.4, 0.5]",-1,0.4135,0.0,-0.031500000000000083,0.0006930000000000006,-0.03219300000000008
KXNBAMENTION-26MAY20SASOKC-RETI,Mentions,"(0.2, 0.3]",-1,0.21,0.0,-0.21500000000000008,0.0006930000000000006,-0.21569300000000008
KXNASDAQ100U-26MAY21H1000-T28959.99,Financials,"(0.9, 1.0]",-1,0.94,1.0,-0.08500000000000002,0.005444250000000002,-0.09044425000000002
KXNASDAQ100U-26MAY21H1000-T28899.99,Financials,"(0.9, 1.0]",-1,0.94,1.0,-0.08000000000000007,0.005152000000000005,-0.08515200000000007
KXATHLETEMENTION-26MAY20-REST,Mentions,"(0.3, 0.4]",-1,0.31,0.0,-0.135,0.0006930000000000006,-0.135693
KXATHLETEMENTION-26MAY20-TURN,Mentions,"(0.7, 0.8]",-1,0.74,0.0,0.29499999999999993,0.01455825,0.28044174999999993
KXATHLETEMENTION-26MAY20-MVP,Mentions,"(0.4, 0.5]",-1,0.48,0.0,0.03499999999999992,0.0023642499999999953,0.03263574999999992
KXMAMDANIMENTION-26MAY20-KNIC,Mentions,"(0.7, 0.8]",-1,0.77,1.0,-0.675,0.01535625,-0.69035625
KXMAMDANIMENTION-26MAY20-NEWJ,Mentions,"(0.6, 0.7]",-1,0.663,1.0,-0.762,0.01269492,-0.7746949200000001
KXEARNINGSMENTIONDE-26MAY21-OIL,Mentions,"(0.6, 0.7]",-1,0.69,1.0,-0.75,0.013125000000000001,-0.763125
KXINXU-26MAY21H1200-T7364.9999,Financials,"(0.9, 1.0]",-1,0.97,1.0,-0.050000000000000044,0.0033250000000000033,-0.053325000000000046
KXBUILDPERMS-26MAY28-T1.350,Economics,"(0.9, 1.0]",-1,0.91,1.0,-0.12999999999999995,0.007916999999999999,-0.13791699999999996
KXBUILDPERMS-26MAY28-T1.300,Economics,"(0.9, 1.0]",-1,0.97,1.0,-0.05500000000000005,0.003638250000000003,-0.05863825000000005
KXBUILDPERMS-26MAY28-T1.550,Economics,"(-0.001, 0.1]",1,0.1,0.0,-0.14,0.008428000000000001,-0.148428
KXNASDAQ100U-26MAY21H1300-T29039.99,Financials,"(0.9, 1.0]",-1,0.97,1.0,-0.05499999999999999,0.00363825,-0.058638249999999996
KXTRUMPMENTION-26MAY21-GREE,Mentions,"(0.7, 0.8]",-1,0.76,0.0,0.33499999999999996,0.01559425,0.31940575
KXTRUMPMENTION-26MAY21-EV,Mentions,"(0.8, 0.9]",-1,0.82,0.0,0.395,0.016728250000000004,0.37827175
KXTRUMPMENTION-26MAY21-OIL,Mentions,"(0.8, 0.9]",-1,0.82,0.0,0.395,0.016728250000000004,0.37827175
KXTRUMPMENTION-26MAY21-AFFO,Mentions,"(0.6, 0.7]",-1,0.6335,1.0,-0.7915000000000001,0.011551942499999997,-0.8030519425000001
KXTRUMPMENTION-26MAY21-NUCL,Mentions,"(0.6, 0.7]",-1,0.6205,1.0,-0.8045,0.011009582500000002,-0.8155095824999999
KXTRUMPMENTION-26MAY21-CRYP,Mentions,"(-0.001, 0.1]",1,0.05,0.0,-0.475,0.017456250000000003,-0.49245625
KXTRUMPMENTION-26MAY21-NATI,Mentions,"(-0.001, 0.1]",1,0.08,1.0,0.495,0.017498250000000003,0.47750175
KXTRUMPMENTION-26MAY21-MAHA,Mentions,"(0.3, 0.4]",-1,0.3978,0.0,-0.027200000000000113,0.0006930000000000006,-0.027893000000000112
KXTRUMPMENTION-26MAY21-BALL,Mentions,"(0.6, 0.7]",-1,0.6307,1.0,-0.7943,0.0114371257,-0.8057371257
KXIPLGAME-26MAY211000CSKGT-GT,Sports,"(0.9, 1.0]",-1,0.95,1.0,-0.515,0.017484250000000003,-0.53248425
KXINXU-26MAY21H1400-T7394.9999,Financials,"(0.9, 1.0]",-1,0.925,1.0,-0.23499999999999993,0.012584249999999998,-0.24758424999999992
KXNASDAQ100U-26MAY21H1500-T29259.99,Financials,"(0.9, 1.0]",-1,0.95,0.0,0.925,0.004856250000000001,0.92014375
KXINXU-26MAY21H1500-T7404.9999,Financials,"(0.9, 1.0]",-1,0.99,1.0,-0.030000000000000027,0.002037000000000002,-0.03203700000000003
KXINXU-26MAY21H1500-T7429.9999,Financials,"(0.9, 1.0]",-1,0.946,0.0,0.921,0.005093130000000002,0.91590687
KXMLBHRR-26MAY211315PITSTL-STLIHERRERA48-2,Sports,"(0.5, 0.6]",-1,0.51,1.0,-0.98,0.0013720000000000015,-0.981372
KXBULL-26MAYFUND-5050000,Financials,"(0.9, 1.0]",-1,0.91,1.0,-0.11499999999999994,0.007124249999999997,-0.12212424999999993
KXBTCD-26MAY2117-T78499.99,Crypto,"(0.2, 0.3]",-1,0.21,0.0,0.18999999999999995,0.010772999999999998,0.17922699999999994
KXEARNINGSMENTIONBULL-26MAY21-BLAC,Mentions,"(0.6, 0.7]",-1,0.6565,0.0,0.24649999999999994,0.013001642499999999,0.23349835749999995
KXEARNINGSMENTIONBULL-26MAY21-KALS,Mentions,"(0.6, 0.7]",-1,0.6622,0.0,0.2472000000000001,0.013026451200000004,0.23417354880000008
KXHEARINGMENTION-26MAY21-SHUT,Mentions,"(0.4, 0.5]",-1,0.4599,1.0,-0.9901,0.0006930000000000006,-0.990793
KXHEARINGMENTION-26MAY21-ATC,Mentions,"(0.8, 0.9]",-1,0.84,1.0,-0.6100000000000001,0.016652999999999998,-0.6266530000000001
KXHEARINGMENTION-26MAY21-AFFO,Mentions,"(0.4, 0.5]",-1,0.4047,1.0,-1.0453,0.0006930000000000006,-1.045993
KXHEARINGMENTION-26MAY21-ROAD,Mentions,"(0.6, 0.7]",-1,0.67,1.0,-0.78,0.012012,-0.792012
KXHEARINGMENTION-26MAY21-IRAN,Mentions,"(0.3, 0.4]",-1,0.35,0.0,-0.10000000000000009,0.0006930000000000006,-0.10069300000000009
KXHEARINGMENTION-26MAY21-AI,Mentions,"(0.4, 0.5]",-1,0.4547,0.0,0.0046999999999999265,0.0006930000000000006,0.0040069999999999256
KXHEARINGMENTION-26MAY21-EV,Mentions,"(0.5, 0.6]",-1,0.52,0.0,0.07000000000000006,0.004557000000000005,0.06544300000000006
KXHEARINGMENTION-26MAY21-BOEI,Mentions,"(0.6, 0.7]",-1,0.7,0.0,0.25,0.013125000000000001,0.236875
KXMLBTOTAL-26MAY211605NYMWSH-5,Sports,"(0.8, 0.9]",-1,0.85,0.0,0.385,0.016574250000000002,0.36842575
KXJPMOMINF-26MAY21-T0.5,Economics,"(-0.001, 0.1]",1,0.02,0.0,-0.51,0.017493,-0.527493
KXJPMOMINF-26MAY21-T-0.3,Economics,"(-0.001, 0.1]",1,0.02,1.0,0.49,0.017493,0.472507
KXJPMOMINF-26MAY21-T-0.2,Economics,"(0.8, 0.9]",-1,0.81,1.0,-0.6799999999999999,0.015232000000000004,-0.695232
KXJPCPIYOY-26MAY21-T2.4,Economics,"(-0.001, 0.1]",1,0.0548,0.0,-0.5498,0.017326397200000003,-0.5671263971999999
KXJPCPIYOY-26MAY21-T2.5,Economics,"(-0.001, 0.1]",1,0.0883,0.0,-0.5833,0.0170142777,-0.6003142777
KXCANDACEMENTION-26MAY21-CHIN,Mentions,"(0.8, 0.9]",-1,0.8249,1.0,-0.6201000000000001,0.0164903193,-0.6365903193000001
KXCANDACEMENTION-26MAY21-CORR,Mentions,"(0.8, 0.9]",-1,0.89,1.0,-0.5549999999999999,0.017288250000000005,-0.5722882499999999
KXCANDACEMENTION-26MAY21-ELEC,Mentions,"(0.8, 0.9]",-1,0.89,1.0,-0.5549999999999999,0.017288250000000005,-0.5722882499999999
KXCANDACEMENTION-26MAY21-RUSS,Mentions,"(0.3, 0.4]",-1,0.3071,0.0,-0.13790000000000013,0.0006930000000000006,-0.13859300000000013
KXCANDACEMENTION-26MAY21-PROP,Mentions,"(0.4, 0.5]",-1,0.4744,0.0,0.02939999999999987,0.001997494799999992,0.02740250519999988
KXCANDACEMENTION-26MAY21-FBI,Mentions,"(0.8, 0.9]",-1,0.85,0.0,0.405,0.01686825,0.38813175
KXCANDACEMENTION-26MAY21-MELA,Mentions,"(0.8, 0.9]",-1,0.9,0.0,0.45500000000000007,0.017358250000000002,0.43764175000000005
KXCANDACEMENTION-26MAY21-WEAP,Mentions,"(0.8, 0.9]",-1,0.9,0.0,0.45500000000000007,0.017358250000000002,0.43764175000000005
KXCANDACEMENTION-26MAY21-BIBI,Mentions,"(0.4, 0.5]",-1,0.5,0.0,0.05499999999999994,0.0036382499999999965,0.05136174999999994
KXTRUFTSA-26MAY21-T2710000,Economics,"(0.9, 1.0]",-1,0.99,1.0,-0.10999999999999999,0.006853,-0.11685299999999998
KXTRUFTSA-26MAY21-T2810000,Economics,"(0.9, 1.0]",-1,0.99,1.0,-0.16999999999999998,0.009877000000000002,-0.17987699999999998
KXTRUFTSA-26MAY21-T2910000,Economics,"(0.9, 1.0]",-1,0.99,1.0,-0.48,0.017472,-0.49747199999999997
KXTRUEV-26MAY21-T1252.70,Economics,"(0.4, 0.5]",-1,0.43,1.0,-1.02,0.0006930000000000006,-1.020693
KXTRUEV-26MAY21-T1192.70,Economics,"(0.9, 1.0]",-1,0.99,1.0,-0.505,0.017498250000000003,-0.52249825
KXTRUEV-26MAY21-T1182.70,Economics,"(0.9, 1.0]",-1,0.99,1.0,-0.505,0.017498250000000003,-0.52249825
KXTRUEV-26MAY21-T1312.70,Economics,"(-0.001, 0.1]",1,0.01,0.0,-0.26,0.013468,-0.273468
KXTRUEV-26MAY21-T1302.70,Economics,"(0.9, 1.0]",-1,0.96,0.0,0.46499999999999997,0.01741425,0.44758574999999995
KXTRUEV-26MAY21-T1272.70,Economics,"(-0.001, 0.1]",1,0.1,0.0,-0.5,0.0175,-0.5175
KXTRUEV-26MAY21-T1202.70,Economics,"(0.9, 1.0]",-1,0.9876,1.0,-0.5024,0.0174995968,-0.5198995968
KXCONMEBOLLIBGAME-26MAY07DIMFLA-TIE,Sports,"(0.2, 0.3]",-1,0.28,0.0,0.22999999999999998,0.012397,0.217603
KXMLBHIT-26MAY211840ATLMIA-ATLHKIM7-1,Sports,"(0.5, 0.6]",-1,0.54,1.0,-0.9299999999999999,0.004557000000000005,-0.934557
KXNBAAST-26MAY21CLENYK-NYKJBRUNSON11-6,Sports,"(0.5, 0.6]",-1,0.57,1.0,-0.92,0.005151999999999999,-0.9251520000000001
KXMLBTEAMTOTAL-26MAY211905TORNYY-TOR4,Sports,"(0.5, 0.6]",-1,0.51,0.0,0.13,0.007917,0.122083
KXNBAPTS-26MAY21CLENYK-CLEJHARDEN1-25,Sports,"(0.1, 0.2]",1,0.19,0.0,-0.685,0.01510425,-0.7001042500000001
KXNBATOTAL-26MAY21CLENYK-229,Sports,"(0.1, 0.2]",1,0.2,0.0,-0.5700000000000001,0.017157,-0.587157
KXNBASPREAD-26MAY21CLENYK-CLE2,Sports,"(0.2, 0.3]",-1,0.27,0.0,-0.20999999999999996,0.0006930000000000006,-0.21069299999999996
KXNHLSERIESSCORE-26MTLCARECF-CAR40,Sports,"(0.9, 1.0]",-1,0.97,0.0,0.485,0.017484250000000003,0.46751575
KXBTCD-26MAY2123-T77699.99,Crypto,"(0.2, 0.3]",-1,0.2585,0.0,0.24849999999999994,0.013072342499999999,0.23542765749999994
KXNBAAST-26MAY21CLENYK-CLEJHARDEN1-4,Sports,"(0.8, 0.9]",-1,0.87,0.0,0.385,0.016574250000000002,0.36842575
KXAAAGASD-26MAY22-4.545,Economics,"(0.8, 0.9]",-1,0.86,1.0,-0.635,0.016224250000000003,-0.6512242500000001
KXAAAGASD-26MAY22-4.540,Economics,"(0.9, 1.0]",-1,0.93,1.0,-0.565,0.017204250000000004,-0.58220425
KXAAAGASD-26MAY22-4.535,Economics,"(0.9, 1.0]",-1,0.99,1.0,-0.505,0.017498250000000003,-0.52249825
KXAAAGASD-26MAY22-4.530,Economics,"(0.9, 1.0]",-1,0.99,1.0,-0.505,0.017498250000000003,-0.52249825
KXPOWELLPROTEMP-26MAY-MAY22,Politics,"(0.8, 0.9]",-1,0.85,0.0,0.7749999999999999,0.012206250000000002,0.7627937499999999
KXAAAGASD-26MAY22-4.580,Economics,"(-0.001, 0.1]",1,0.0348,0.0,-0.5298,0.0174378372,-0.5472378372000001
KXLIGAMXSPREAD-26MAY21CRAPUM-CRA2,Sports,"(0.1, 0.2]",1,0.18,0.0,-0.6,0.016800000000000002,-0.6168
KXNHLGOAL-26MAY21MTLCAR-CARANIKISHIN21-1,Sports,"(0.1, 0.2]",1,0.11,0.0,-0.155,0.00916825,-0.16416825
KXNHLPTS-26MAY21MTLCAR-CARLSTANKOVEN22-1,Sports,"(0.5, 0.6]",-1,0.53,0.0,0.27,0.013797000000000002,0.256203
KXNHLPTS-26MAY21MTLCAR-CARLSTANKOVEN22-2,Sports,"(0.1, 0.2]",1,0.1872,0.0,-0.6772,0.015302011200000002,-0.6925020112
KXNHLPTS-26MAY21MTLCAR-CARSAHO20-2,Sports,"(0.2, 0.3]",-1,0.24,0.0,-0.25,0.0006930000000000006,-0.250693
KXMLBHR-26MAY212140COLAZ-COLCSTEVENS39-1,Sports,"(0.1, 0.2]",1,0.11,0.0,-0.605,0.016728250000000004,-0.62172825
KXMLBHR-26MAY212138ATHLAA-LAAJADELL7-1,Sports,"(0.1, 0.2]",1,0.16,0.0,-0.23,0.012397000000000004,-0.242397
KXMLBHRR-26MAY212138ATHLAA-ATHBROOKER25-2,Sports,"(0.5, 0.6]",-1,0.51,1.0,-0.955,0.003008250000000003,-0.95800825
KXNHLMENTION-26MAY21MTLCAR-NQE,Mentions,"(-0.001, 0.1]",1,0.01,0.0,-0.455,0.01735825,-0.47235825000000004
KXNHLMENTION-26MAY21MTLCAR-OVER,Mentions,"(0.9, 1.0]",-1,0.9009,1.0,-0.5441,0.0173638633,-0.5614638633
KXNHLMENTION-26MAY21MTLCAR-CROS,Mentions,"(0.7, 0.8]",-1,0.75,1.0,-0.6950000000000001,0.014838249999999999,-0.7098382500000001
KXDEGDPQOQF-26MAY22-T-0.4,Economics,"(0.9, 1.0]",-1,0.99,1.0,-0.5,0.0175,-0.5175
KXDEGDPQOQF-26MAY22-T-0.2,Economics,"(0.9, 1.0]",-1,0.99,1.0,-0.5,0.0175,-0.5175
KXDEGDPQOQF-26MAY22-T-0.3,Economics,"(0.9, 1.0]",-1,0.99,1.0,-0.5,0.0175,-0.5175
KXDEGDPQOQF-26MAY22-T0.6,Economics,"(-0.001, 0.1]",1,0.02,0.0,-0.51,0.017493,-0.527493
KXDEGDPYOYF-26MAY22-T0.8,Economics,"(-0.001, 0.1]",1,0.01,0.0,-0.5,0.0175,-0.5175
KXDEGDPQOQF-26MAY22-T0.8,Economics,"(-0.001, 0.1]",1,0.01,0.0,-0.5,0.0175,-0.5175
KXDEGDPYOYF-26MAY22-T1.6,Economics,"(-0.001, 0.1]",1,0.02,0.0,-0.51,0.017493,-0.527493
KXUKRETAIL-26MAY22-T1.5,Economics,"(-0.001, 0.1]",1,0.01,0.0,-0.5,0.0175,-0.5175
KXUKRETAIL-26MAY22-T-1.0,Economics,"(0.9, 1.0]",-1,0.98,0.0,0.49,0.017493,0.472507
KXDEGFK-26MAY22-T-29.0,Economics,"(-0.001, 0.1]",1,0.1,0.0,-0.59,0.016933000000000004,-0.606933
KXDEGDPQOQF-26MAY22-T0.7,Economics,"(-0.001, 0.1]",1,0.01,0.0,-0.5,0.0175,-0.5175
KXDEGFK-26MAY22-T-27.0,Economics,"(-0.001, 0.1]",1,0.07,0.0,-0.56,0.017248,-0.5772480000000001
KXDEGDPYOYF-26MAY22-T1.4,Economics,"(-0.001, 0.1]",1,0.01,0.0,-0.5,0.0175,-0.5175
KXDEGDPYOYF-26MAY22-T1.2,Economics,"(-0.001, 0.1]",1,0.01,0.0,-0.5,0.0175,-0.5175
KXDEGFK-26MAY22-T-28.0,Economics,"(-0.001, 0.1]",1,0.08,0.0,-0.57,0.017157000000000002,-0.5871569999999999
KXDEGDPYOYF-26MAY22-T-1.2,Economics,"(0.9, 1.0]",-1,0.99,1.0,-0.5,0.0175,-0.5175
KXDEGDPQOQF-26MAY22-T1.0,Economics,"(-0.001, 0.1]",1,0.02,0.0,-0.51,0.017493,-0.527493
KXDEGDPQOQF-26MAY22-T0.9,Economics,"(-0.001, 0.1]",1,0.01,0.0,-0.5,0.0175,-0.5175
KXDEGDPYOYF-26MAY22-T-0.4,Economics,"(0.9, 1.0]",-1,0.99,1.0,-0.5,0.0175,-0.5175
KXDEGDPYOYF-26MAY22-T-0.6,Economics,"(0.9, 1.0]",-1,0.99,1.0,-0.5,0.0175,-0.5175
KXDEGDPYOYF-26MAY22-T0.6,Economics,"(-0.001, 0.1]",1,0.05,0.0,-0.54,0.017388,-0.557388
KXDEGDPYOYF-26MAY22-T-0.8,Economics,"(0.9, 1.0]",-1,0.99,1.0,-0.5,0.0175,-0.5175
KXDEGDPYOYF-26MAY22-T-1.0,Economics,"(0.9, 1.0]",-1,0.99,1.0,-0.5,0.0175,-0.5175
KXDEGDPYOYF-26MAY22-T1.0,Economics,"(-0.001, 0.1]",1,0.01,0.0,-0.5,0.0175,-0.5175
KXNBAMENTION-26MAY21CLENYK-BUZZ,Mentions,"(0.2, 0.3]",-1,0.225,1.0,-1.21,0.0006930000000000006,-1.210693
KXNBAMENTION-26MAY21CLENYK-JORD,Mentions,"(0.6, 0.7]",-1,0.6401,1.0,-0.7948999999999999,0.011412379300000003,-0.8063123793
KXNBAMENTION-26MAY21CLENYK-TRAV,Mentions,"(0.3, 0.4]",-1,0.39,1.0,-1.045,0.0006930000000000006,-1.045693
KXNBAMENTION-26MAY21CLENYK-ELBO,Mentions,"(0.5, 0.6]",-1,0.57,1.0,-0.865,0.008174250000000001,-0.87317425
KXNBAMENTION-26MAY21CLENYK-NQE,Mentions,"(-0.001, 0.1]",1,0.1,0.0,-0.54,0.017388,-0.557388
KXNBAMENTION-26MAY21CLENYK-MSG,Mentions,"(0.8, 0.9]",-1,0.82,1.0,-0.22500000000000003,0.012206250000000002,-0.23720625000000004
KXBTC-26MAY2207-B77250,Crypto,"(0.2, 0.3]",-1,0.29,1.0,-1.135,0.0006930000000000006,-1.135693
KXITFWMATCH-26MAY22LAZBAR-LAZ,Sports,"(0.7, 0.8]",-1,0.74,1.0,-0.74,0.013468000000000003,-0.753468
KXDEIFO-26MAY22-T75.0,Economics,"(0.9, 1.0]",-1,0.99,1.0,-0.5,0.0175,-0.5175
KXDEIFO-26MAY22-T76.0,Economics,"(0.9, 1.0]",-1,0.99,1.0,-0.5,0.0175,-0.5175
KXNASDAQ100U-26MAY22H1000-T29299.99,Financials,"(0.9, 1.0]",-1,0.92,1.0,-0.10499999999999993,0.006578249999999996,-0.11157824999999992
KXNBAATTEND-26MAY-CLENYKG2-TIM,Politics,"(0.9, 1.0]",-1,0.98,1.0,-0.51,0.017493,-0.527493
KXNBAATTEND-26MAY-CLENYKG2-SPI,Politics,"(0.9, 1.0]",-1,0.99,1.0,-0.5,0.0175,-0.5175
KXLASTWORDCOUNT-LAWR26MAY21-45,Mentions,"(0.8, 0.9]",-1,0.86,1.0,-0.63,0.016317,-0.646317
KXLASTWORDCOUNT-LAWR26MAY21-85,Mentions,"(0.2, 0.3]",-1,0.28,0.0,-0.20999999999999996,0.0006930000000000006,-0.21069299999999996
KXLASTWORDCOUNT-LAWR26MAY21-75,Mentions,"(0.4, 0.5]",-1,0.46,0.0,-0.030000000000000027,0.0006930000000000006,-0.030693000000000026
KXLASTWORDCOUNT-LAWR26MAY21-90,Mentions,"(0.2, 0.3]",-1,0.21,0.0,-0.28,0.0006930000000000006,-0.280693
KXALLINMENTION-26MAY21-AFFO,Mentions,"(0.4, 0.5]",-1,0.4025,1.0,-1.0425,0.0006930000000000006,-1.043193
KXALLINMENTION-26MAY21-ELEC,Mentions,"(0.7, 0.8]",-1,0.78,1.0,-0.665,0.01559425,-0.6805942500000001
KXALLINMENTION-26MAY21-REPU,Mentions,"(0.8, 0.9]",-1,0.81,1.0,-0.635,0.016224250000000003,-0.6512242500000001
KXALLINMENTION-26MAY21-OIL,Mentions,"(0.8, 0.9]",-1,0.82,0.0,0.375,0.01640625,0.35859375
KXATHLETEMENTION-26MAY21-FOUL,Mentions,"(0.6, 0.7]",-1,0.64,1.0,-0.81,0.010772999999999998,-0.8207730000000001
KXATHLETEMENTION-26MAY21-MSG,Mentions,"(0.2, 0.3]",-1,0.285,0.0,-0.16500000000000004,0.0006930000000000006,-0.16569300000000003
KXATHLETEMENTION-26MAY21-HARD,Mentions,"(0.5, 0.6]",-1,0.53,0.0,0.08000000000000007,0.005152000000000005,0.07484800000000007
KXNHLMENTION-26MAY21MTLCAR-LENO,Mentions,"(0.8, 0.9]",-1,0.88,0.0,0.43500000000000005,0.017204250000000004,0.41779575
KXPOLITICSMENTION-26MAY22B-ARCT,Mentions,"(0.4, 0.5]",-1,0.4933,1.0,-0.9517,0.0032176977000000014,-0.9549176977
KXPOLITICSMENTION-26MAY22B-RUSS,Mentions,"(0.6, 0.7]",-1,0.65,1.0,-0.7949999999999999,0.011408250000000003,-0.8064082499999999
KXPOLITICSMENTION-26MAY22B-AI,Mentions,"(0.3, 0.4]",-1,0.39,0.0,-0.05499999999999994,0.0006930000000000006,-0.05569299999999994
KXPOLITICSMENTION-26MAY22B-NQE,Mentions,"(-0.001, 0.1]",1,0.02,0.0,-0.465,0.01741425,-0.48241425000000004
KXPOLITICSMENTION-26MAY22B-OIL,Mentions,"(0.4, 0.5]",-1,0.4933,0.0,0.04830000000000001,0.0032176977000000014,0.04508230230000001
KXPOLITICSMENTION-26MAY22B-GREE,Mentions,"(0.4, 0.5]",-1,0.45,0.0,0.004999999999999893,0.0006930000000000006,0.0043069999999998925
KXTRUMPMEETING-27JAN01-KWAR,Politics,"(0.8, 0.9]",-1,0.8329,1.0,-0.2071,0.0114946713,-0.21859467130000002
KXATPMATCH-26MAY22TIEBUB-TIE,Sports,"(0.9, 1.0]",-1,0.93,1.0,-0.5099999999999999,0.017493,-0.5274929999999999
KXJUDGECOUNT-26MAY-1,Politics,"(0.8, 0.9]",-1,0.865,1.0,-0.37,0.016317,-0.386317
KXINXU-26MAY22H1200-T7454.9999,Financials,"(0.9, 1.0]",-1,0.9001,1.0,-0.3599,0.016126039300000002,-0.3760260393
KXPOWELLPROTEMP-26MAY-JUN01,Politics,"(0.9, 1.0]",-1,0.98,1.0,-0.09000000000000002,0.005733000000000002,-0.09573300000000003
KXTRUMPMENTIONB-26MAY22-BIDE,Mentions,"(0.6, 0.7]",-1,0.64,1.0,-0.8049999999999999,0.010988250000000005,-0.81598825
KXTRUMPMENTIONB-26MAY22-FIRS,Mentions,"(0.6, 0.7]",-1,0.63,1.0,-0.815,0.010554250000000003,-0.8255542499999999
KXTRUMPMENTIONB-26MAY22-CHIN,Mentions,"(0.4, 0.5]",-1,0.483,0.0,0.038000000000000034,0.0025589200000000027,0.03544108000000003
KXTRUMPMENTIONB-26MAY22-EGG,Mentions,"(0.5, 0.6]",-1,0.51,0.0,0.06499999999999995,0.004254249999999997,0.06074574999999995
KXTRUMPMENTIONB-26MAY22-POWE,Mentions,"(0.8, 0.9]",-1,0.82,0.0,0.375,0.01640625,0.35859375
KXTRUMPMENTIONB-26MAY22-TRIL,Mentions,"(0.4, 0.5]",-1,0.4952,1.0,-0.9298,0.004569037200000003,-0.9343690372
KXTRUMPMENTIONB-26MAY22-CEAS,Mentions,"(0.3, 0.4]",-1,0.4,0.0,-0.04499999999999993,0.0006930000000000006,-0.04569299999999993
KXINXU-26MAY22H1300-T7464.9999,Financials,"(0.9, 1.0]",-1,0.98,1.0,-0.044999999999999984,0.003008249999999999,-0.04800824999999998
KXCABLEAVE-26MAY-27JAN,Politics,"(0.8, 0.9]",-1,0.8261,1.0,-0.19390000000000002,0.010941195300000001,-0.20484119530000003
KXINXU-26MAY22H1500-T7469.9999,Financials,"(0.9, 1.0]",-1,0.94,1.0,-0.08500000000000008,0.005444250000000005,-0.09044425000000009
KXPOLITICSMENTION-26MAY22-TRIL,Mentions,"(0.3, 0.4]",-1,0.35,0.0,-0.09499999999999997,0.0006930000000000006,-0.09569299999999997
KXPOLITICSMENTION-26MAY22-TRUM,Mentions,"(0.3, 0.4]",-1,0.3433,0.0,-0.10170000000000012,0.0006930000000000006,-0.10239300000000012
KXNASDAQ100U-26MAY22H1600-T28899.99,Financials,"(0.9, 1.0]",-1,0.93,1.0,-0.09499999999999997,0.006018249999999999,-0.10101824999999998
KXNASDAQ100U-26MAY22H1600-T28499.99,Financials,"(0.9, 1.0]",-1,0.99,1.0,-0.030000000000000027,0.002037000000000002,-0.03203700000000003
KXPOLITICSMENTION-26MAY22-DRON,Mentions,"(0.4, 0.5]",-1,0.4933,0.0,0.04830000000000001,0.0032176977000000014,0.04508230230000001
KXUSFLYCAN-26MAY22-T4000,Economics,"(0.8, 0.9]",-1,0.9,0.0,0.44999999999999996,0.017325,0.432675
KXMLBHIT-26MAY221420HOUCHC-CHCMBUSCH29-1,Sports,"(0.5, 0.6]",-1,0.56,0.0,0.07500000000000007,0.004856250000000005,0.07014375000000006
KXMLBMENTION-26MAY22HOUCHC-OHTA,Mentions,"(0.6, 0.7]",-1,0.66,1.0,-0.7849999999999999,0.011814250000000004,-0.79681425
KXMLBMENTION-26MAY22HOUCHC-TRAD,Mentions,"(0.8, 0.9]",-1,0.82,1.0,-0.23000000000000004,0.012397000000000004,-0.24239700000000003
KXMLBMENTION-26MAY22HOUCHC-BULL,Mentions,"(0.8, 0.9]",-1,0.9,1.0,-0.19499999999999995,0.010988249999999998,-0.20598824999999996
KXMLBMENTION-26MAY22HOUCHC-NQE,Mentions,"(-0.001, 0.1]",1,0.0101,0.0,-0.4551,0.0173588793,-0.4724588793
KXTRUMPSTATES-27JAN01-NY,Politics,"(0.8, 0.9]",-1,0.8558,1.0,-0.18919999999999998,0.0107382352,-0.19993823519999998
KXBTC-26MAY2218-B76050,Crypto,"(0.2, 0.3]",-1,0.205,0.0,0.10499999999999998,0.00657825,0.09842174999999999
KXTRUMPMENTIONDURATION-MAY2326-49,Mentions,"(0.7, 0.8]",-1,0.73,1.0,-0.7150000000000001,0.01426425,-0.7292642500000001
KXTRUMPMENTIONDURATION-MAY2326-64,Mentions,"(0.3, 0.4]",-1,0.4,1.0,-1.045,0.0006930000000000006,-1.045693
KXTRUFTSA-26MAY22-T2860000,Economics,"(0.8, 0.9]",-1,0.8021,1.0,-0.29789999999999994,0.014640891299999998,-0.31254089129999996
KXTRUEV-26MAY22-T1239.32,Economics,"(0.8, 0.9]",-1,0.89,1.0,-0.605,0.016728250000000004,-0.62172825
KXTRUEV-26MAY22-T1229.32,Economics,"(0.8, 0.9]",-1,0.8733,1.0,-0.6217,0.0164632377,-0.6381632377
KXTRUEV-26MAY22-T1219.32,Economics,"(0.9, 1.0]",-1,0.99,1.0,-0.505,0.017498250000000003,-0.52249825
KXTRUEV-26MAY22-T1289.32,Economics,"(-0.001, 0.1]",1,0.09,0.0,-0.585,0.016994250000000002,-0.60199425
KXTRUEV-26MAY22-T1319.32,Economics,"(-0.001, 0.1]",1,0.01,0.0,-0.505,0.017498250000000003,-0.52249825
KXTRUEV-26MAY22-T1329.32,Economics,"(-0.001, 0.1]",1,0.01,0.0,-0.505,0.017498250000000003,-0.52249825
KXTRUEV-26MAY22-T1299.32,Economics,"(-0.001, 0.1]",1,0.1,0.0,-0.595,0.01686825,-0.61186825
KXTRUMPMENTION-26MAY22-NQE,Mentions,"(0.2, 0.3]",-1,0.28,0.0,-0.14500000000000002,0.0006930000000000006,-0.14569300000000002
KXTRUMPMENTION-26MAY22-HOTT,Mentions,"(0.8, 0.9]",-1,0.84,1.0,-0.585,0.016994250000000002,-0.60199425
KXTRUMPMENTION-26MAY22-ISRA,Mentions,"(0.5, 0.6]",-1,0.53,0.0,0.10499999999999998,0.00657825,0.09842174999999999
KXTRUMPMENTION-26MAY22-AI,Mentions,"(0.4, 0.5]",-1,0.4971,0.0,0.07210000000000005,0.004683111300000003,0.06741688870000005
KXTRUMPMENTION-26MAY22-ELEC,Mentions,"(0.9, 1.0]",-1,0.9135,1.0,-0.5115000000000001,0.017490742500000003,-0.5289907425000001
KXTRUMPMENTION-26MAY22-BORD,Mentions,"(0.7, 0.8]",-1,0.797,1.0,-0.6279999999999999,0.016353120000000006,-0.6443531199999999
KXTRUMPMENTION-26MAY22-SOCI,Mentions,"(0.6, 0.7]",-1,0.6557,1.0,-0.7693000000000001,0.012423425699999997,-0.7817234257000001
KXTRUMPMENTION-26MAY22-STOC,Mentions,"(0.7, 0.8]",-1,0.79,1.0,-0.635,0.016224250000000003,-0.6512242500000001
KXTRUMPMENTION-26MAY22-SAVE,Mentions,"(0.2, 0.3]",-1,0.25,1.0,-1.175,0.0006930000000000006,-1.175693
KXTRUMPMENTION-26MAY22-WORL,Mentions,"(0.4, 0.5]",-1,0.402,0.0,-0.02299999999999991,0.0006930000000000006,-0.02369299999999991
KXTRUMPMENTION-26MAY22-AMER,Mentions,"(0.4, 0.5]",-1,0.4676,1.0,-0.9574,0.0028549667999999986,-0.9602549668
KXTRUMPMENTION-26MAY22-CENT,Mentions,"(0.4, 0.5]",-1,0.4059,0.0,0.16089999999999993,0.009450783299999998,0.15144921669999994
KXTRUMPMENTION-26MAY22-WARS,Mentions,"(0.6, 0.7]",-1,0.68,1.0,-0.7449999999999999,0.013298250000000005,-0.7582982499999998
KXTRUMPMENTION-26MAY22-DEAT,Mentions,"(0.5, 0.6]",-1,0.55,0.0,0.28,0.014112000000000001,0.265888
KXTRUMPMENTION-26MAY22-EPIC,Mentions,"(0.3, 0.4]",-1,0.35,1.0,-1.075,0.0006930000000000006,-1.075693
KXPGATOP10-THCCBN26-HLI,Sports,"(0.1, 0.2]",1,0.12,0.0,-0.19999999999999998,0.011200000000000002,-0.2112
KXWNBAGAME-26MAY22DALATL-ATL,Sports,"(0.7, 0.8]",-1,0.8,1.0,-0.57,0.017157000000000002,-0.5871569999999999
KXMLBHIT-26MAY221905TBNYY-NYYTGRISHAM12-1,Sports,"(0.5, 0.6]",-1,0.59,1.0,-0.45,0.017325000000000007,-0.467325
KXNBAAST-26MAY22OKCSAS-OKCSGILGEOUSALEXANDER2-6,Sports,"(0.8, 0.9]",-1,0.82,1.0,-0.675,0.01535625,-0.69035625
KXMLBSPREAD-26MAY221910MINBOS-BOS4,Sports,"(0.1, 0.2]",1,0.19,0.0,-0.61,0.016653,-0.626653
KXWNBA3PT-26MAY22GSIND-GSVBURTON22-2,Sports,"(0.5, 0.6]",-1,0.5025,1.0,-0.9925,0.0006930000000000006,-0.9931930000000001
KXMLBHR-26MAY221940SEAKC-SEAMGARVER77-1,Sports,"(0.1, 0.2]",1,0.12,1.0,0.39,0.016653,0.373347
KXMLBHR-26MAY221915DETBAL-BALSBASALLO29-1,Sports,"(0.1, 0.2]",1,0.14,0.0,-0.63,0.016317,-0.646317
KXMLBHIT-26MAY221915DETBAL-DETWPREZ46-1,Sports,"(0.5, 0.6]",-1,0.57,1.0,-0.915,0.005444249999999999,-0.9204442500000001
KXMLBHIT-26MAY221940LADMIL-MILJBAUERS9-2,Sports,"(0.1, 0.2]",1,0.2,0.0,-0.665,0.01559425,-0.6805942500000001
KXNBAH2HPRA-26MAY22VWEMSGIL-VWEM,Sports,"(0.5, 0.6]",-1,0.52,0.0,0.030000000000000027,0.002037000000000002,0.027963000000000026
KXAAAGASD-26MAY23-4.560,Economics,"(-0.001, 0.1]",1,0.05,0.0,-0.07500000000000001,0.004856250000000001,-0.07985625000000002
KXAAAGASD-26MAY23-4.570,Economics,"(-0.001, 0.1]",1,0.0562,0.0,-0.0812,0.0052224592000000005,-0.0864224592
KXAAAGASD-26MAY23-4.520,Economics,"(0.8, 0.9]",-1,0.8421,1.0,-0.1779,0.010237611300000001,-0.1881376113
KXAAAGASD-26MAY23-4.550,Economics,"(-0.001, 0.1]",1,0.06,0.0,-0.09999999999999999,0.0063,-0.10629999999999999
KXAAAGASD-26MAY23-4.545,Economics,"(-0.001, 0.1]",1,0.07,0.0,-0.11000000000000001,0.0068530000000000015,-0.11685300000000001
KXAAAGASD-26MAY23-4.525,Economics,"(0.8, 0.9]",-1,0.8421,1.0,-0.6279,0.0163549113,-0.6442549113
KXAAAGASD-26MAY23-4.555,Economics,"(-0.001, 0.1]",1,0.05,0.0,-0.09,0.005733,-0.095733
KXBTC-26MAY2300-B75450,Crypto,"(0.2, 0.3]",-1,0.2276,0.0,0.02760000000000007,0.0018786768000000047,0.025721323200000062
KXMLBSPREAD-26MAY222138TEXLAA-LAA3,Sports,"(0.1, 0.2]",1,0.18,1.0,0.41500000000000004,0.016994250000000002,0.39800575000000005
KXMLBTB-26MAY221910NYMMIA-NYMMVIENTOS27-4,Sports,"(0.1, 0.2]",1,0.16,0.0,-0.23500000000000001,0.012584250000000002,-0.24758425
KXMLBHR-26MAY222215CWSSF-SFCSCHMITT10-1,Sports,"(0.1, 0.2]",1,0.101,0.0,-0.15100000000000002,0.008973930000000001,-0.15997393000000001
KXMLBSPREAD-26MAY222215CWSSF-SF4,Sports,"(0.1, 0.2]",1,0.15,0.0,-0.5499999999999999,0.017325000000000004,-0.567325
KXMLBSPREAD-26MAY222215CWSSF-CWS11,Sports,"(0.1, 0.2]",1,0.12,0.0,-0.495,0.01749825,-0.51249825
KXMLBHRR-26MAY222215CWSSF-CWSMMURAKAMI5-4,Sports,"(0.2, 0.3]",-1,0.239,1.0,-0.866,0.008123080000000001,-0.8741230799999999
KXNBAMENTION-26MAY22OKCSAS-ALLE,Mentions,"(0.3, 0.4]",-1,0.31,0.0,-0.125,0.0006930000000000006,-0.125693
KXNBAMENTION-26MAY22OKCSAS-MVP,Mentions,"(0.8, 0.9]",-1,0.88,1.0,-0.5549999999999999,0.017288250000000005,-0.5722882499999999
KXNBAMENTION-26MAY22OKCSAS-INJU,Mentions,"(0.8, 0.9]",-1,0.9,1.0,-0.14499999999999996,0.008678249999999998,-0.15367824999999996
KXNBAMENTION-26MAY22OKCSAS-ANKL,Mentions,"(0.2, 0.3]",-1,0.23,1.0,-1.205,0.0006930000000000006,-1.2056930000000001
KXNBAMENTION-26MAY22OKCSAS-TRAV,Mentions,"(0.8, 0.9]",-1,0.9,1.0,-0.5349999999999999,0.017414250000000003,-0.5524142499999999
KXNBAMENTION-26MAY22OKCSAS-TECH,Mentions,"(0.8, 0.9]",-1,0.9,1.0,-0.5349999999999999,0.017414250000000003,-0.5524142499999999
KXNBAMENTION-26MAY22OKCSAS-MOME,Mentions,"(0.8, 0.9]",-1,0.81,1.0,-0.625,0.01640625,-0.64140625
KXNBAMENTION-26MAY22OKCSAS-NQE,Mentions,"(-0.001, 0.1]",1,0.0101,0.0,-0.4501,0.0173256993,-0.4674256993
KXBTC-26MAY2302-B75450,Crypto,"(0.2, 0.3]",-1,0.2913,1.0,-0.9587,0.0027716017000000005,-0.9614716017
KXBTCD-26MAY2305-T74799.99,Crypto,"(0.2, 0.3]",-1,0.2298,0.0,0.06979999999999997,0.004544957199999999,0.06525504279999997
KXMLBMENTION-26MAY22DETBAL-TRAD,Mentions,"(0.8, 0.9]",-1,0.84,0.0,0.79,0.011613000000000004,0.778387
KXMLBMENTION-26MAY22DETBAL-WILD,Mentions,"(0.5, 0.6]",-1,0.57,0.0,0.125,0.007656250000000001,0.11734375
KXTRUMPMENTION-26MAY22-250,Mentions,"(0.3, 0.4]",-1,0.3113,0.0,-0.13369999999999993,0.0006930000000000006,-0.13439299999999993
KXNBAMENTION-26MAY22OKCSAS-RETI,Mentions,"(0.2, 0.3]",-1,0.24,0.0,-0.19500000000000006,0.0006930000000000006,-0.19569300000000006
KXATHLETEMENTION-26MAY22-DEFE,Mentions,"(0.7, 0.8]",-1,0.8,1.0,-0.6499999999999999,0.015925000000000005,-0.6659249999999999
KXATHLETEMENTION-26MAY22-FOUL,Mentions,"(0.7, 0.8]",-1,0.73,1.0,-0.72,0.014112000000000001,-0.734112
KXATHLETEMENTION-26MAY22-TURN,Mentions,"(0.7, 0.8]",-1,0.735,0.0,0.2849999999999999,0.01426425,0.27073574999999994
KXATHLETEMENTION-26MAY22-FLAG,Mentions,"(0.4, 0.5]",-1,0.41,0.0,-0.040000000000000036,0.0006930000000000006,-0.040693000000000035
KXATHLETEMENTION-26MAY22-OVER,Mentions,"(0.5, 0.6]",-1,0.51,0.0,0.06000000000000005,0.003948000000000004,0.056052000000000046
KXBTC-26MAY2315-B75750,Crypto,"(0.2, 0.3]",-1,0.2442,1.0,-1.2258,0.0006930000000000006,-1.226493
KXMLBTB-26MAY231420HOUCHC-CHCMBUSCH29-3,Sports,"(0.2, 0.3]",-1,0.22,0.0,-0.27,0.0006930000000000006,-0.270693
KXSOL15M-26MAY231745-45,Crypto,"(0.2, 0.3]",-1,0.2004,0.0,0.1904,0.010790348800000002,0.1796096512
KXMLBTOTAL-26MAY231507PITTOR-5,Sports,"(0.8, 0.9]",-1,0.81,1.0,-0.6449999999999999,0.016028250000000004,-0.6610282499999999
KXMLBHR-26MAY231507PITTOR-PITMOZUNA24-1,Sports,"(0.1, 0.2]",1,0.16,0.0,-0.245,0.012948250000000001,-0.25794825
KXMLBHIT-26MAY231610SEAKC-SEAJPEREDA5-1,Sports,"(0.5, 0.6]",-1,0.59,0.0,0.29000000000000004,0.014413000000000002,0.275587
KXDOTA2GAME-26MAY231300FLCAUR-FLC,Sports,"(0.8, 0.9]",-1,0.87,0.0,0.4,0.016800000000000002,0.38320000000000004
KXCS2GAME-26MAY231545ICEACE-ICE,Sports,"(0.7, 0.8]",-1,0.7091,1.0,-0.7609,0.0127351833,-0.7736351833
KXMLBHRR-26MAY231605CWSSF-CWSSANTONACCI17-2,Sports,"(0.5, 0.6]",-1,0.54,1.0,-0.75,0.013125000000000001,-0.763125
KXMLBHR-26MAY231605CLEPHI-CLEKMANZARDO9-1,Sports,"(0.1, 0.2]",1,0.12,0.0,-0.185,0.010554250000000001,-0.19555424999999999
KXNCAALAXFINAL-26-DUKE,Sports,"(0.1, 0.2]",1,0.11,0.0,-0.605,0.016728250000000004,-0.62172825
KXMLSGAME-26MAY23CLTNE-TIE,Sports,"(0.2, 0.3]",-1,0.25,0.0,0.21999999999999997,0.012012,0.20798799999999998
KXNBASPREAD-26MAY23NYKCLE-NYK8,Sports,"(0.2, 0.3]",-1,0.2271,1.0,-1.1629,0.0006930000000000006,-1.163593
KXMLBMENTION-26MAY23LADMIL-DOUB,Mentions,"(0.8, 0.9]",-1,0.82,1.0,-0.625,0.01640625,-0.64140625
KXMLBMENTION-26MAY23LADMIL-TRAD,Mentions,"(0.8, 0.9]",-1,0.835,1.0,-0.21500000000000002,0.01181425,-0.22681425000000002
KXNHLPTS-26MAY23MTLCAR-MTLJSLAFKOVSK20-2,Sports,"(0.2, 0.3]",-1,0.22,0.0,-0.27,0.0006930000000000006,-0.270693
KXMLBMENTION-26MAY23LADMIL-TRIP,Mentions,"(0.8, 0.9]",-1,0.8136,1.0,-0.2364,0.0126360528,-0.2490360528
KXNBAAST-26MAY23NYKCLE-CLEJHARDEN1-6,Sports,"(0.5, 0.6]",-1,0.558,0.0,0.06800000000000006,0.004436320000000004,0.06356368000000005
KXNBAAST-26MAY23NYKCLE-NYKJHART3-6,Sports,"(0.2, 0.3]",-1,0.29,0.0,-0.19999999999999996,0.0006930000000000006,-0.20069299999999995
KXMLBMENTION-26MAY23STLCIN-NQE,Mentions,"(-0.001, 0.1]",1,0.02,0.0,-0.08,0.005152000000000001,-0.085152
KXAAAGASD-26MAY24-4.470,Economics,"(0.9, 1.0]",-1,0.99,1.0,-0.26,0.013468,-0.273468
KXAAAGASD-26MAY24-4.475,Economics,"(0.9, 1.0]",-1,0.99,1.0,-0.26,0.013468,-0.273468
KXAAAGASD-26MAY24-4.480,Economics,"(0.9, 1.0]",-1,0.99,1.0,-0.26,0.013468,-0.273468
KXAAAGASD-26MAY24-4.485,Economics,"(0.9, 1.0]",-1,0.9525,1.0,-0.39749999999999996,0.0167645625,-0.4142645625
KXAAAGASD-26MAY24-4.490,Economics,"(0.9, 1.0]",-1,0.99,1.0,-0.41000000000000003,0.016933,-0.426933
KXAAAGASD-26MAY24-4.495,Economics,"(0.9, 1.0]",-1,0.99,1.0,-0.41000000000000003,0.016933,-0.426933
KXAAAGASD-26MAY24-4.505,Economics,"(0.8, 0.9]",-1,0.84,1.0,-0.6100000000000001,0.016652999999999998,-0.6266530000000001
KXAAAGASD-26MAY24-4.515,Economics,"(0.4, 0.5]",-1,0.5,0.0,0.050000000000000044,0.0033250000000000033,0.04667500000000004
KXAAAGASD-26MAY24-4.530,Economics,"(-0.001, 0.1]",1,0.06,0.0,-0.5349999999999999,0.017414250000000003,-0.5524142499999999
KXAAAGASD-26MAY24-4.535,Economics,"(-0.001, 0.1]",1,0.0671,0.0,-0.5171,0.017479531300000004,-0.5345795313
KXAAAGASD-26MAY24-4.540,Economics,"(-0.001, 0.1]",1,0.0354,0.0,-0.4354,0.017207878800000003,-0.45260787880000003
KXAAAGASD-26MAY24-4.500,Economics,"(0.9, 1.0]",-1,0.93,1.0,-0.52,0.017472,-0.5374720000000001
KXMLBHIT-26MAY232140ATHSD-ATHNKURTZ16-2,Sports,"(0.2, 0.3]",-1,0.22,1.0,-0.9400000000000001,0.003947999999999997,-0.943948
KXMLSGAME-26MAY23LAGHOU-TIE,Sports,"(0.2, 0.3]",-1,0.27,1.0,-0.7949999999999999,0.011408250000000003,-0.8064082499999999
KXMLBHRR-26MAY232210COLAZ-AZKMARTE4-1,Sports,"(0.8, 0.9]",-1,0.83,1.0,-0.66,0.015708,-0.675708
KXMLBKS-26MAY232205TEXLAA-TEXNEOVALDI17-5,Sports,"(0.8, 0.9]",-1,0.84,1.0,-0.655,0.015818250000000002,-0.6708182500000001
KXMLBHRR-26MAY232205TEXLAA-LAAZNETO9-1,Sports,"(0.7, 0.8]",-1,0.71,1.0,-0.47000000000000003,0.017437000000000005,-0.487437
KXNBAMENTION-26MAY23NYKCLE-MVP,Mentions,"(0.3, 0.4]",-1,0.39,1.0,-1.045,0.0006930000000000006,-1.045693
KXNBAMENTION-26MAY23NYKCLE-INJU,Mentions,"(0.8, 0.9]",-1,0.9,1.0,-0.15499999999999997,0.00916825,-0.16416824999999996
KXNBAMENTION-26MAY23NYKCLE-AIRB,Mentions,"(0.2, 0.3]",-1,0.24,1.0,-1.195,0.0006930000000000006,-1.1956930000000001
KXNBAMENTION-26MAY23NYKCLE-RETI,Mentions,"(-0.001, 0.1]",1,0.05,1.0,0.515,0.01748425,0.49751575000000003
KXNBAMENTION-26MAY23NYKCLE-OVER,Mentions,"(0.7, 0.8]",-1,0.7071,1.0,-0.7279,0.013864311300000001,-0.7417643113
KXNBAMENTION-26MAY23NYKCLE-NQE,Mentions,"(-0.001, 0.1]",1,0.0103,0.0,-0.4503,0.017327093700000004,-0.4676270937
KXBTC-26MAY2403-B76650,Crypto,"(0.2, 0.3]",-1,0.2262,0.0,-0.24380000000000002,0.0006930000000000006,-0.24449300000000002
KXMLBMENTION-26MAY23SEAKC-DOUB,Mentions,"(0.8, 0.9]",-1,0.9,1.0,-0.25,0.013125000000000001,-0.263125
KXMLBMENTION-26MAY23SEAKC-TRAD,Mentions,"(0.8, 0.9]",-1,0.9,1.0,-0.14499999999999996,0.008678249999999998,-0.15367824999999996
KXMLBMENTION-26MAY23SEAKC-BULL,Mentions,"(0.8, 0.9]",-1,0.9,1.0,-0.15999999999999998,0.009408000000000001,-0.16940799999999998
KXMLBMENTION-26MAY23SEAKC-KAUF,Mentions,"(0.8, 0.9]",-1,0.9,1.0,-0.16999999999999998,0.009877000000000002,-0.17987699999999998
KXMLBMENTION-26MAY23SEAKC-NQE,Mentions,"(-0.001, 0.1]",1,0.01,0.0,-0.04,0.0026880000000000003,-0.042688000000000004
KXETHD-26MAY2406-T2119.99,Crypto,"(0.2, 0.3]",-1,0.27,1.0,-0.735,0.01363425,-0.74863425
KXTRUMPACT-26MAY17-T3,Politics,"(0.9, 1.0]",-1,0.9072,1.0,-0.13280000000000003,0.008061491200000001,-0.14086149120000002
KXTRUMPACT-26MAY17-T1,Politics,"(0.9, 1.0]",-1,0.93,1.0,-0.09999999999999992,0.006299999999999997,-0.10629999999999992
KXTRUMPACT-26MAY17-T2,Politics,"(0.8, 0.9]",-1,0.89,1.0,-0.14999999999999997,0.008925,-0.15892499999999996
KXF1RACESPRINT-CANGP26-NOR,Sports,"(0.1, 0.2]",1,0.19,0.0,-0.25,0.013125000000000001,-0.263125
KXOWGAME-26MAY240500TMCR-CR,Sports,"(0.1, 0.2]",1,0.2,1.0,0.37,0.016317,0.35368299999999997
KXWTAMATCH-26MAY25VALLIN-LIN,Sports,"(0.2, 0.3]",-1,0.25,1.0,-1.23,0.0006930000000000006,-1.230693
KXETH-26MAY2413-B2110,Crypto,"(0.2, 0.3]",-1,0.3,1.0,-0.8049999999999999,0.010988250000000005,-0.81598825
KXEPLGAME-26MAY24CRYARS-ARS,Sports,"(0.7, 0.8]",-1,0.71,1.0,-0.36500000000000005,0.016224250000000006,-0.38122425000000004
KXMLBMENTION-26MAY23SEAKC-WHAT,Mentions,"(0.2, 0.3]",-1,0.25,0.0,0.13,0.007917,0.122083
KXMLBMENTION-26MAY23LADMIL-AMER,Mentions,"(0.6, 0.7]",-1,0.62,0.0,0.17500000000000004,0.010106250000000002,0.16489375000000003
KXFOXNEWSMENTION-26MAY23-REPU,Mentions,"(0.7, 0.8]",-1,0.74,0.0,0.345,0.015818250000000002,0.32918175
KXFOXNEWSMENTION-26MAY23-CEAS,Mentions,"(0.4, 0.5]",-1,0.43,0.0,0.03499999999999992,0.0023642499999999953,0.03263574999999992
KXFOXNEWSMENTION-26MAY23-OIL,Mentions,"(0.5, 0.6]",-1,0.51,0.0,0.11499999999999999,0.00712425,0.10787574999999999
KXMLBF5-26MAY241335CLEPHI-PHI,Sports,"(0.1, 0.2]",1,0.16,0.0,-0.64,0.016128000000000003,-0.656128
KXMLBMENTION-26MAY24PITTOR-TRIP,Mentions,"(0.8, 0.9]",-1,0.822,1.0,-0.22800000000000004,0.012321120000000005,-0.24032112000000005
KXMLBMENTION-26MAY24PITTOR-PINC,Mentions,"(0.7, 0.8]",-1,0.76,1.0,-0.685,0.01510425,-0.7001042500000001
KXMLBHR-26MAY241235DETBALG1-BALPALONSO25-1,Sports,"(0.1, 0.2]",1,0.12,0.0,-0.2,0.011200000000000002,-0.2112
KXMLBTOTAL-26MAY241335TBNYY-3,Sports,"(0.9, 1.0]",-1,0.94,0.0,0.48,0.017472,0.462528
KXMLBHR-26MAY241335TBNYY-NYYAJUDGE99-1,Sports,"(0.2, 0.3]",-1,0.234,1.0,-0.856,0.008628480000000003,-0.86462848
KXMLBHR-26MAY241335TBNYY-NYYBRICE22-1,Sports,"(0.1, 0.2]",1,0.17,0.0,-0.64,0.016128000000000003,-0.656128
KXMLBKS-26MAY241335TBNYY-TBDRASMUSSEN57-8,Sports,"(0.1, 0.2]",1,0.13,0.0,-0.27,0.013797000000000002,-0.283797
KXMLBHIT-26MAY241335CLEPHI-PHIKSCHWARBER12-2,Sports,"(0.1, 0.2]",1,0.15,1.0,0.765,0.01258425,0.75241575
KXMLBHIT-26MAY241340NYMMIA-NYMTTAYLOR15-1,Sports,"(0.5, 0.6]",-1,0.5636,0.0,0.5286,0.0174427428,0.5111572571999999
KXMLBKS-26MAY241410LADMIL-LADYYAMAMOTO18-4,Sports,"(0.8, 0.9]",-1,0.9,0.0,0.42500000000000004,0.017106250000000003,0.40789375000000005
KXBTCD-26MAY2417-T76499.99,Crypto,"(0.2, 0.3]",-1,0.27,1.0,-0.775,0.01220625,-0.78720625
KXMLBTOTAL-26MAY241420HOUCHC-3,Sports,"(0.9, 1.0]",-1,0.94,1.0,-0.44000000000000006,0.017248000000000003,-0.45724800000000004
KXMLBKS-26MAY241420HOUCHC-HOUPLAMBERT38-7,Sports,"(0.2, 0.3]",-1,0.21,0.0,-0.21500000000000008,0.0006930000000000006,-0.21569300000000008
KXMLBHIT-26MAY241420HOUCHC-CHCMBALLESTEROS25-1,Sports,"(0.5, 0.6]",-1,0.53,0.0,0.07499999999999996,0.004856249999999999,0.07014374999999996
KXMLBTB-26MAY241420HOUCHC-HOUCWALKER8-4,Sports,"(0.1, 0.2]",1,0.15,1.0,0.64,0.016128,0.623872
KXMLBTOTAL-26MAY241605CWSSF-3,Sports,"(0.9, 1.0]",-1,0.94,1.0,-0.52,0.017472,-0.5374720000000001
KXATPCHALLENGERMATCH-26MAY24RODLAN-ROD,Sports,"(0.2, 0.3]",-1,0.3,0.0,0.17500000000000004,0.010106250000000002,0.16489375000000003
KXINDYCARTOP10-INDY50026-GRRA,Sports,"(0.1, 0.2]",1,0.1133,0.0,-0.1633,0.009564317700000002,-0.1728643177
KXBERNIEMENTION-26MAY24-BERN,Mentions,"(0.4, 0.5]",-1,0.4067,1.0,-0.7333,0.013689977700000003,-0.7469899777
KXBERNIEMENTION-26MAY24-SOCIA,Mentions,"(0.5, 0.6]",-1,0.55,1.0,-0.615,0.016574250000000002,-0.63157425
KXBERNIEMENTION-26MAY24-ZOHR,Mentions,"(0.4, 0.5]",-1,0.4568,1.0,-0.7432,0.013359763200000001,-0.7565597632
KXBERNIEMENTION-26MAY24-ROBO,Mentions,"(0.6, 0.7]",-1,0.625,1.0,-0.38999999999999996,0.016653000000000005,-0.406653
KXBERNIEMENTION-26MAY24-VERM,Mentions,"(0.4, 0.5]",-1,0.4067,1.0,-0.6582999999999999,0.015745877700000004,-0.6740458776999999
KXBERNIEMENTION-26MAY24-ISRA,Mentions,"(0.6, 0.7]",-1,0.6495,0.0,0.48449999999999993,0.0174831825,0.4670168174999999
KXBERNIEMENTION-26MAY24-PAYC,Mentions,"(0.9, 1.0]",-1,0.9095,1.0,-0.1305,0.0079428825,-0.1384428825
KXBERNIEMENTION-26MAY24-ZILL,Mentions,"(0.5, 0.6]",-1,0.5051,0.0,0.34010000000000007,0.0157102393,0.3243897607000001
KXBERNIEMENTION-26MAY24-HORM,Mentions,"(0.2, 0.3]",-1,0.2137,0.0,0.03370000000000006,0.0022795017000000043,0.03142049830000006
KXWNBAPTS-26MAY24WSHSEA-WSHKIRIAFEN44-10,Sports,"(0.7, 0.8]",-1,0.79,1.0,-0.53,0.017437,-0.5474370000000001
KXMLBHIT-26MAY241610WSHATL-WSHCMEAD17-2,Sports,"(0.2, 0.3]",-1,0.26,0.0,0.21999999999999997,0.012012,0.20798799999999998
KXPGATOP10-THCCBN26-MMEI,Sports,"(0.1, 0.2]",1,0.16,0.0,-0.24,0.012768000000000002,-0.252768
KXPGATOP20-THCCBN26-EVAN,Sports,"(0.1, 0.2]",1,0.13,1.0,0.8049999999999999,0.010988250000000001,0.7940117499999999
KXNBAREB-26MAY24OKCSAS-OKCCHOLMGREN7-4,Sports,"(0.8, 0.9]",-1,0.8808,1.0,-0.6042,0.0167399652,-0.6209399651999999
KXMLBKS-26MAY241920TEXLAA-LAARDETMERS48-7,Sports,"(0.5, 0.6]",-1,0.51,1.0,-0.985,0.001034250000000001,-0.98603425
KXMLBHIT-26MAY241920TEXLAA-TEXSHAGGERTY0-2,Sports,"(0.1, 0.2]",1,0.13,0.0,-0.15000000000000002,0.008925000000000002,-0.15892500000000004
KXMLBHRR-26MAY241920TEXLAA-TEXMHELMAN23-1,Sports,"(0.5, 0.6]",-1,0.56,0.0,0.2650000000000001,0.013634250000000006,0.2513657500000001
KXMLBMENTION-26MAY24TEXLAA-TRIP,Mentions,"(0.8, 0.9]",-1,0.822,1.0,-0.22800000000000004,0.012321120000000005,-0.24032112000000005
KXMLBMENTION-26MAY24TEXLAA-NQE,Mentions,"(-0.001, 0.1]",1,0.01,0.0,-0.455,0.01735825,-0.47235825000000004
KXNASCARRACE-COC26-KYLA,Sports,"(0.1, 0.2]",1,0.13,0.0,-0.315,0.015104250000000003,-0.33010425
KXAAAGASD-26MAY25-4.530,Economics,"(-0.001, 0.1]",1,0.01,0.0,-0.060000000000000005,0.003948,-0.063948
KXAAAGASD-26MAY25-4.525,Economics,"(-0.001, 0.1]",1,0.04,0.0,-0.09,0.005733,-0.095733
KXAAAGASW-26MAY25-4.480,Economics,"(0.8, 0.9]",-1,0.82,1.0,-0.22000000000000003,0.012012000000000004,-0.23201200000000002
KXAAAGASW-26MAY25-4.590,Economics,"(-0.001, 0.1]",1,0.08,0.0,-0.115,0.007124250000000001,-0.12212425
KXAAAGASW-26MAY25-4.500,Economics,"(0.8, 0.9]",-1,0.81,1.0,-0.22499999999999998,0.01220625,-0.23720624999999998
KXAAAGASW-26MAY25-4.505,Economics,"(0.8, 0.9]",-1,0.81,1.0,-0.5999999999999999,0.016800000000000002,-0.6167999999999999
KXAAAGASW-26MAY25-4.510,Economics,"(0.8, 0.9]",-1,0.82,0.0,0.7649999999999999,0.01258425,0.7524157499999999
KXAAAGASW-26MAY25-4.580,Economics,"(0.4, 0.5]",-1,0.5,0.0,0.45999999999999996,0.017388,0.44261199999999995
KXAAAGASW-26MAY25-4.700,Economics,"(-0.001, 0.1]",1,0.04,0.0,-0.075,0.00485625,-0.07985625
KXAAAGASW-26MAY25-4.740,Economics,"(-0.001, 0.1]",1,0.07,0.0,-0.11000000000000001,0.0068530000000000015,-0.11685300000000001
KXAAAGASD-26MAY25-4.495,Economics,"(0.9, 1.0]",-1,0.99,1.0,-0.10999999999999999,0.006853,-0.11685299999999998
KXAAAGASD-26MAY25-4.490,Economics,"(0.9, 1.0]",-1,0.99,1.0,-0.10999999999999999,0.006853,-0.11685299999999998
KXAAAGASD-26MAY25-4.485,Economics,"(0.9, 1.0]",-1,0.95,1.0,-0.15000000000000002,0.008925000000000002,-0.15892500000000004
KXAAAGASD-26MAY25-4.480,Economics,"(0.9, 1.0]",-1,0.99,1.0,-0.10999999999999999,0.006853,-0.11685299999999998
KXTSAW-26MAY24-A2.75,Economics,"(-0.001, 0.1]",1,0.07,0.0,-0.10500000000000001,0.006578250000000002,-0.11157825000000002
KXAAAGASW-26MAY25-4.720,Economics,"(-0.001, 0.1]",1,0.08,0.0,-0.12,0.007392000000000001,-0.127392
KXTSAW-26MAY24-A2.60,Economics,"(0.9, 1.0]",-1,0.92,1.0,-0.16999999999999996,0.009876999999999999,-0.17987699999999995
KXTSAW-26MAY24-A2.55,Economics,"(0.9, 1.0]",-1,0.9145,1.0,-0.1755,0.010128982500000001,-0.18562898249999998
KXAAAGASD-26MAY25-4.470,Economics,"(0.9, 1.0]",-1,0.95,1.0,-0.09500000000000003,0.006018250000000002,-0.10101825000000003
KXAAAGASW-26MAY25-4.460,Economics,"(0.8, 0.9]",-1,0.82,1.0,-0.22000000000000008,0.012012000000000005,-0.23201200000000008
KXTSAW-26MAY24-A2.45,Economics,"(0.9, 1.0]",-1,0.97,1.0,-0.065,0.00425425,-0.06925425
KXAAAGASD-26MAY25-4.475,Economics,"(0.9, 1.0]",-1,0.91,1.0,-0.13499999999999995,0.00817425,-0.14317424999999995
KXTRUMPSAY-26MAY25-WHO,Mentions,"(0.7, 0.8]",-1,0.73,0.0,0.37,0.016317,0.35368299999999997
KXTRUMPSAY-26MAY25-URAN,Mentions,"(0.3, 0.4]",-1,0.3433,0.0,0.20829999999999993,0.011543777699999999,0.19675622229999992
KXTRUMPSAY-26MAY25-TDS,Mentions,"(0.8, 0.9]",-1,0.8466,1.0,-0.4134,0.016975030800000002,-0.4303750308
KXTRUMPSAY-26MAY25-NEWS,Mentions,"(0.5, 0.6]",-1,0.55,0.0,0.3700000000000001,0.016317,0.3536830000000001
KXTRUMPSAY-26MAY25-KARO,Mentions,"(0.7, 0.8]",-1,0.71,0.0,0.4099999999999999,0.016933,0.39306699999999994
KXTRUMPSAY-26MAY25-HOTT,Mentions,"(0.8, 0.9]",-1,0.8498,1.0,-0.3252,0.015361147200000003,-0.34056114719999997
KXTRUMPSAY-26MAY25-GOLD,Mentions,"(0.3, 0.4]",-1,0.39,0.0,0.19999999999999996,0.0112,0.18879999999999997
KXTRUMPSAY-26MAY25-DRIL,Mentions,"(0.3, 0.4]",-1,0.34,0.0,0.08500000000000008,0.005444250000000005,0.07955575000000006
KXTRUMPSAY-26MAY25-BIBI,Mentions,"(0.4, 0.5]",-1,0.45,1.0,-0.765,0.012584250000000002,-0.77758425
KXATPMATCH-26MAY24HUMMAN-HUM,Sports,"(0.8, 0.9]",-1,0.87,1.0,-0.55,0.017325,-0.5673250000000001
KXWTAMATCH-26MAY24GIBPUT-PUT,Sports,"(0.8, 0.9]",-1,0.89,1.0,-0.52,0.017472,-0.5374720000000001
KXBNB15M-26MAY251230-30,Crypto,"(0.2, 0.3]",-1,0.3,0.0,0.275,0.013956250000000002,0.26104375
KXNASCARTOP10-COC26-ERJO,Sports,"(0.1, 0.2]",1,0.2,0.0,-0.305,0.014838250000000002,-0.31983825
KXNASCARTOP10-COC26-AJAL,Sports,"(0.1, 0.2]",1,0.16,0.0,-0.26,0.013468,-0.273468
KXATPMATCH-26MAY25MERSHE-SHE,Sports,"(0.7, 0.8]",-1,0.77,1.0,-0.605,0.016728250000000004,-0.62172825
KXMLBMENTION-26MAY24TEXLAA-BASE,Mentions,"(0.5, 0.6]",-1,0.52,1.0,-0.925,0.004856249999999999,-0.92985625
KXMLBMENTION-26MAY24TEXLAA-ANGE,Mentions,"(0.8, 0.9]",-1,0.82,1.0,-0.625,0.01640625,-0.64140625
KXMLBMENTION-26MAY24PITTOR-ERRO,Mentions,"(0.7, 0.8]",-1,0.71,0.0,0.27,0.013797000000000002,0.256203
KXMLBHIT-26MAY251335TBBAL-BALTONEILL9-1,Sports,"(0.5, 0.6]",-1,0.52,1.0,-0.54,0.017388,-0.557388
KXBTC-26MAY2518-B77350,Crypto,"(0.2, 0.3]",-1,0.26,1.0,-1.21,0.0006930000000000006,-1.210693
KXMLBHR-26MAY251540NYYKC-KCBWITT7-1,Sports,"(0.1, 0.2]",1,0.13,1.0,0.74,0.013468,0.726532
KXMLBHIT-26MAY251540NYYKC-NYYBRICE22-2,Sports,"(0.2, 0.3]",-1,0.3,0.0,-0.18999999999999995,0.0006930000000000006,-0.19069299999999995
KXMLBMENTION-26MAY25NYYKC-BULL,Mentions,"(0.8, 0.9]",-1,0.9,1.0,-0.19499999999999995,0.010988249999999998,-0.20598824999999996
KXSUPERLIG-26-TRA,Sports,"(0.1, 0.2]",1,0.11,0.0,-0.16,0.009408000000000001,-0.169408
KXSOL15M-26MAY251845-45,Crypto,"(0.2, 0.3]",-1,0.2544,0.0,0.24439999999999995,0.012926804799999999,0.23147319519999995
KXBTC15M-26MAY251845-45,Crypto,"(0.2, 0.3]",-1,0.2688,0.0,0.2637999999999999,0.0135946692,0.2502053307999999
KXNHLMENTION-26MAY24COLVGK-BUZZ,Mentions,"(0.4, 0.5]",-1,0.45,0.0,0.004999999999999893,0.0006930000000000006,0.0043069999999998925
KXNHLMENTION-26MAY24COLVGK-TRAD,Mentions,"(0.8, 0.9]",-1,0.8165,1.0,-0.6285000000000001,0.0163441425,-0.6448441425000001
KXNHLMENTION-26MAY24COLVGK-OLYM,Mentions,"(0.6, 0.7]",-1,0.6914,0.0,0.24639999999999995,0.0129980928,0.23340190719999995
KXNHLMENTION-26MAY24COLVGK-OVER,Mentions,"(0.6, 0.7]",-1,0.648,1.0,-0.7969999999999999,0.011325370000000003,-0.8083253699999999
KXNHLMENTION-26MAY24COLVGK-SLAP,Mentions,"(0.6, 0.7]",-1,0.64,1.0,-0.8049999999999999,0.010988250000000005,-0.81598825
KXNHLMENTION-26MAY24COLVGK-WHAT,Mentions,"(0.6, 0.7]",-1,0.6579,0.0,0.2129000000000001,0.011730151300000005,0.2011698487000001
KXNHLMENTION-26MAY24COLVGK-NQE,Mentions,"(-0.001, 0.1]",1,0.01,0.0,-0.015,0.0010342500000000002,-0.01603425
KXMLBHR-26MAY251705AZSF-SFBELDRIDGE8-1,Sports,"(0.1, 0.2]",1,0.12,0.0,-0.19,0.010773000000000001,-0.200773
KXMLBHR-26MAY251705AZSF-SFCSCHMITT10-1,Sports,"(0.1, 0.2]",1,0.15,0.0,-0.22499999999999998,0.01220625,-0.23720624999999998
KXTRUEV-26MAY25-T1332.09,Economics,"(-0.001, 0.1]",1,0.1,0.0,-0.595,0.01686825,-0.61186825
KXTRUFTSA-26MAY25-T2580000,Economics,"(0.9, 1.0]",-1,0.98,1.0,-0.515,0.017484250000000003,-0.53248425
KXTRUFTSA-26MAY25-T2680000,Economics,"(0.9, 1.0]",-1,0.98,1.0,-0.515,0.017484250000000003,-0.53248425
KXTRUEV-26MAY25-T1322.09,Economics,"(-0.001, 0.1]",1,0.1,0.0,-0.595,0.01686825,-0.61186825
KXTRUEV-26MAY25-T1292.09,Economics,"(-0.001, 0.1]",1,0.09,0.0,-0.585,0.016994250000000002,-0.60199425
KXTRUEV-26MAY25-T1302.09,Economics,"(-0.001, 0.1]",1,0.1,0.0,-0.595,0.01686825,-0.61186825
KXTRUEV-26MAY25-T1192.09,Economics,"(-0.001, 0.1]",1,0.1,1.0,0.405,0.01686825,0.38813175
KXTRUEV-26MAY25-T1202.09,Economics,"(0.8, 0.9]",-1,0.8974,1.0,-0.5976,0.016833196800000002,-0.6144331968
KXTRUEV-26MAY25-T1212.09,Economics,"(0.8, 0.9]",-1,0.9,1.0,-0.595,0.01686825,-0.61186825
KXTRUEV-26MAY25-T1222.09,Economics,"(0.8, 0.9]",-1,0.8974,1.0,-0.5976,0.016833196800000002,-0.6144331968
KXTRUEV-26MAY25-T1232.09,Economics,"(0.8, 0.9]",-1,0.89,1.0,-0.605,0.016728250000000004,-0.62172825
KXTRUEV-26MAY25-T1242.09,Economics,"(0.9, 1.0]",-1,0.9018,1.0,-0.5932,0.016891963200000002,-0.6100919631999999
KXBERNIEMENTION-26MAY25-BERN,Mentions,"(0.4, 0.5]",-1,0.4794,1.0,-0.5455999999999999,0.017354444800000004,-0.5629544447999999
KXBERNIEMENTION-26MAY25-ROBO,Mentions,"(0.5, 0.6]",-1,0.5975,1.0,-0.5925,0.0169010625,-0.6094010625
KXBERNIEMENTION-26MAY25-AFFO,Mentions,"(0.8, 0.9]",-1,0.8159,1.0,-0.3241,0.0153341433,-0.3394341433
KXBERNIEMENTION-26MAY25-BALL,Mentions,"(0.5, 0.6]",-1,0.59,0.0,0.3999999999999999,0.0168,0.38319999999999993
KXBERNIEMENTION-26MAY25-NETA,Mentions,"(0.5, 0.6]",-1,0.51,0.0,0.31999999999999995,0.015232,0.30476799999999993
KXBERNIEMENTION-26MAY25-PAYC,Mentions,"(0.8, 0.9]",-1,0.82,1.0,-0.24500000000000005,0.012948250000000003,-0.25794825000000005
KXBERNIEMENTION-26MAY25-SOCI,Mentions,"(0.3, 0.4]",-1,0.35,0.0,0.16999999999999993,0.009876999999999999,0.16012299999999993
KXMLBTOTAL-26MAY251840PHISD-12,Sports,"(0.1, 0.2]",1,0.18,0.0,-0.6599999999999999,0.015708000000000003,-0.675708
KXMLBGAME-26MAY251840PHISD-SD,Sports,"(0.5, 0.6]",-1,0.51,0.0,0.22999999999999998,0.012397,0.217603
KXNBASERIESSPREAD-26CLENYKECF-NYK2,Sports,"(0.5, 0.6]",-1,0.54,1.0,-0.5,0.0175,-0.5175
KXAAAGASD-26MAY26-4.515,Economics,"(-0.001, 0.1]",1,0.06,0.0,-0.46,0.017388000000000004,-0.47738800000000003
KXAAAGASD-26MAY26-4.510,Economics,"(0.4, 0.5]",-1,0.49,0.0,0.040000000000000036,0.002688000000000003,0.03731200000000003
KXAAAGASD-26MAY26-4.505,Economics,"(0.4, 0.5]",-1,0.5,0.0,0.025000000000000022,0.0017062500000000016,0.02329375000000002
KXAAAGASD-26MAY26-4.485,Economics,"(0.8, 0.9]",-1,0.85,1.0,-0.55,0.017325,-0.5673250000000001
KXAAAGASD-26MAY26-4.475,Economics,"(0.9, 1.0]",-1,0.99,1.0,-0.21000000000000002,0.011613000000000004,-0.22161300000000003
KXAAAGASD-26MAY26-4.470,Economics,"(0.9, 1.0]",-1,0.99,1.0,-0.16000000000000003,0.009408000000000003,-0.16940800000000003
KXNHLPTS-26MAY25CARMTL-CARJBLAKE53-2,Sports,"(0.1, 0.2]",1,0.16,0.0,-0.63,0.016317,-0.646317
KXWNBAGAME-26MAY25CONNGS-GS,Sports,"(0.7, 0.8]",-1,0.74,1.0,-0.63,0.016317,-0.646317
KXMLBHR-26MAY252140SEAATH-ATHZGELOF20-1,Sports,"(0.1, 0.2]",1,0.13,0.0,-0.21000000000000002,0.011613000000000004,-0.22161300000000003
KXNHLMENTION-26MAY25CARMTL-COME,Mentions,"(0.7, 0.8]",-1,0.78,1.0,-0.665,0.01559425,-0.6805942500000001
KXNHLMENTION-26MAY25CARMTL-GLAS,Mentions,"(0.9, 1.0]",-1,0.9083,1.0,-0.5367,0.0174057177,-0.5541057177
KXNHLMENTION-26MAY25CARMTL-TRAD,Mentions,"(0.5, 0.6]",-1,0.53,1.0,-0.915,0.005444249999999999,-0.9204442500000001
KXNBAMENTION-26MAY25NYKCLE-BUZZ,Mentions,"(0.2, 0.3]",-1,0.23,1.0,-1.205,0.0006930000000000006,-1.2056930000000001
KXNBAMENTION-26MAY25NYKCLE-TRIP,Mentions,"(0.4, 0.5]",-1,0.46,0.0,0.02499999999999991,0.0017062499999999944,0.023293749999999915
KXNBAMENTION-26MAY25NYKCLE-INJU,Mentions,"(0.8, 0.9]",-1,0.9,1.0,-0.15499999999999997,0.00916825,-0.16416824999999996
KXNBAMENTION-26MAY25NYKCLE-AIRB,Mentions,"(0.2, 0.3]",-1,0.24,1.0,-1.195,0.0006930000000000006,-1.1956930000000001
KXNBAMENTION-26MAY25NYKCLE-OVER,Mentions,"(0.6, 0.7]",-1,0.6906,0.0,0.25560000000000005,0.013318804800000004,0.24228119520000005
KXNBAMENTION-26MAY25NYKCLE-WING,Mentions,"(0.3, 0.4]",-1,0.3357,0.0,-0.09929999999999994,0.0006930000000000006,-0.09999299999999994
KXBTC-26MAY2602-B76550,Crypto,"(0.2, 0.3]",-1,0.26,0.0,-0.20999999999999996,0.0006930000000000006,-0.21069299999999996
KXWTAMATCH-26MAY24NAVTJE-TJE,Sports,"(0.2, 0.3]",-1,0.29,0.0,-0.1200000000000001,0.0006930000000000006,-0.1206930000000001
KXATHLETEMENTION-26MAY24-TURN,Mentions,"(0.3, 0.4]",-1,0.3617,1.0,-1.0883,0.0006930000000000006,-1.088993
KXATHLETEMENTION-26MAY24-DEFE,Mentions,"(0.8, 0.9]",-1,0.85,1.0,-0.6000000000000001,0.0168,-0.6168000000000001
KXATHLETEMENTION-26MAY24-FREN,Mentions,"(-0.001, 0.1]",1,0.06,0.0,-0.51,0.017493,-0.527493
KXATHLETEMENTION-26MAY24-OVER,Mentions,"(0.4, 0.5]",-1,0.44,0.0,-0.010000000000000009,0.0006930000000000006,-0.01069300000000001
KXNBAMENTION-26MAY25NYKCLE-MVP,Mentions,"(0.2, 0.3]",-1,0.22,0.0,-0.21500000000000008,0.0006930000000000006,-0.21569300000000008
KXINXU-26MAY26H1000-T7474.9999,Financials,"(0.9, 1.0]",-1,0.96,1.0,-0.06000000000000005,0.003948000000000004,-0.06394800000000006
KXBTCD-26MAY2610-T77299.99,Crypto,"(0.2, 0.3]",-1,0.2411,0.0,0.23609999999999998,0.0126249753,0.22347502469999997
KXMADDOWMENTION-26MAY25-ELON,Mentions,"(0.3, 0.4]",-1,0.36,0.0,-0.08499999999999996,0.0006930000000000006,-0.08569299999999996
KXMADDOWMENTION-26MAY25-CORR,Mentions,"(0.8, 0.9]",-1,0.88,0.0,0.43500000000000005,0.017204250000000004,0.41779575
KXMADDOWMENTION-26MAY25-CONS,Mentions,"(0.8, 0.9]",-1,0.88,0.0,0.43500000000000005,0.017204250000000004,0.41779575
KXMADDOWMENTION-26MAY25-HEAL,Mentions,"(0.3, 0.4]",-1,0.36,0.0,-0.08499999999999996,0.0006930000000000006,-0.08569299999999996
KXMADDOWMENTION-26MAY25-ISRA,Mentions,"(0.7, 0.8]",-1,0.79,0.0,0.345,0.015818250000000002,0.32918175
KXMADDOWMENTION-26MAY25-RUSS,Mentions,"(0.7, 0.8]",-1,0.79,0.0,0.3500000000000001,0.015925000000000005,0.33407500000000007
KXMADDOWMENTION-26MAY25-BALL,Mentions,"(0.8, 0.9]",-1,0.82,0.0,0.375,0.01640625,0.35859375
KXMADDOWMENTION-26MAY25-ELEC,Mentions,"(0.8, 0.9]",-1,0.88,0.0,0.43500000000000005,0.017204250000000004,0.41779575
KXBNB15M-26MAY261145-45,Crypto,"(0.2, 0.3]",-1,0.2498,0.0,0.2248,0.012198547200000001,0.2126014528
KXMAMDANIMENTION-26MAY26-BUDG,Mentions,"(0.7, 0.8]",-1,0.77,1.0,-0.675,0.01535625,-0.69035625
KXINXU-26MAY26H1300-T7484.9999,Financials,"(0.9, 1.0]",-1,0.9647,1.0,-0.060299999999999965,0.003966473699999998,-0.06426647369999997
KXIPLSIX-26MAY261000GTRCB-20,Sports,"(0.5, 0.6]",-1,0.5088,1.0,-0.9862,0.0009526692000000023,-0.9871526692
KXVANCEMENTION-26MAY26-NQE,Mentions,"(-0.001, 0.1]",1,0.01,0.0,-0.455,0.01735825,-0.47235825000000004
KXVANCEMENTION-26MAY26-HOSP,Mentions,"(0.6, 0.7]",-1,0.6063,1.0,-0.8387,0.0094697617,-0.8481697617
KXVANCEMENTION-26MAY26-AFFO,Mentions,"(0.3, 0.4]",-1,0.4,0.0,-0.04499999999999993,0.0006930000000000006,-0.04569299999999993
KXVANCEMENTION-26MAY26-CORR,Mentions,"(0.8, 0.9]",-1,0.9,0.0,0.45500000000000007,0.017358250000000002,0.43764175000000005
KXATPSETWINNER-26MAY25SINTAB-1-SIN,Sports,"(0.9, 1.0]",-1,0.91,1.0,-0.12499999999999994,0.007656249999999998,-0.13265624999999995
KXVANCEMENTION-26MAY26-SHUT,Mentions,"(0.2, 0.3]",-1,0.3,0.0,-0.14500000000000002,0.0006930000000000006,-0.14569300000000002
KXVANCEMENTION-26MAY26-AI,Mentions,"(0.3, 0.4]",-1,0.36,0.0,-0.08499999999999996,0.0006930000000000006,-0.08569299999999996
KXPERSONMENTION-26MAY26-BLUE,Mentions,"(0.3, 0.4]",-1,0.34,1.0,-1.105,0.0006930000000000006,-1.105693
KXINXU-26MAY26H1600-T7424.9999,Financials,"(0.9, 1.0]",-1,0.95,1.0,-0.07500000000000007,0.004856250000000005,-0.07985625000000007
KXLIGUE1SPREAD-26MAY26STENIC-NIC1,Sports,"(0.1, 0.2]",1,0.2,0.0,-0.5449999999999999,0.017358250000000002,-0.56235825
KXITFMATCH-26MAY26KUHJOH-JOH,Sports,"(0.5, 0.6]",-1,0.6,1.0,-0.89,0.006853,-0.896853
KXTRUFTSA-26MAY26-T2620000,Economics,"(-0.001, 0.1]",1,0.0317,0.0,-0.23170000000000002,0.012461057700000003,-0.24416105770000002
KXTRUEV-26MAY26-T1201.18,Economics,"(0.8, 0.9]",-1,0.8865,1.0,-0.6085,0.016675942500000002,-0.6251759425000001
KXTRUEV-26MAY26-T1211.18,Economics,"(0.8, 0.9]",-1,0.89,1.0,-0.605,0.016728250000000004,-0.62172825
KXTRUEV-26MAY26-T1261.18,Economics,"(0.8, 0.9]",-1,0.82,1.0,-0.675,0.01535625,-0.69035625
KXTRUFTSA-26MAY26-T2320000,Economics,"(0.9, 1.0]",-1,0.98,1.0,-0.27,0.013797000000000002,-0.283797
KXTRUEV-26MAY26-T1221.18,Economics,"(0.8, 0.9]",-1,0.9,1.0,-0.595,0.01686825,-0.61186825
KXTRUFTSA-26MAY26-T2220000,Economics,"(0.9, 1.0]",-1,0.98,1.0,-0.27,0.013797000000000002,-0.283797
KXTRUFTSA-26MAY26-T2120000,Economics,"(0.9, 1.0]",-1,0.98,1.0,-0.27,0.013797000000000002,-0.283797
KXTRUEV-26MAY26-T1241.18,Economics,"(0.9, 1.0]",-1,0.93,1.0,-0.565,0.017204250000000004,-0.58220425
KXTRUFTSA-26MAY26-T2520000,Economics,"(0.8, 0.9]",-1,0.88,0.0,0.45500000000000007,0.017358250000000002,0.43764175000000005
KXTRUFEGGS-26MAY26-T2.75,Economics,"(0.4, 0.5]",-1,0.4123,0.0,-0.0827,0.0006930000000000006,-0.083393
KXTRUEV-26MAY26-T1291.18,Economics,"(-0.001, 0.1]",1,0.03,0.0,-0.525,0.017456250000000003,-0.54245625
KXTRUEV-26MAY26-T1311.18,Economics,"(-0.001, 0.1]",1,0.09,0.0,-0.585,0.016994250000000002,-0.60199425
KXBTC15M-26MAY262030-30,Crypto,"(0.2, 0.3]",-1,0.2905,0.0,0.2855,0.0142792825,0.2712207175
KXBTC-26MAY2621-B75850,Crypto,"(0.2, 0.3]",-1,0.28,0.0,0.13,0.007917,0.122083
KXNHLMENTION-26MAY26COLVGK-NQE,Mentions,"(-0.001, 0.1]",1,0.01,0.0,-0.455,0.01735825,-0.47235825000000004
KXMLBHIT-26MAY261810WSHCLE-WSHCABRAMS5-2,Sports,"(0.2, 0.3]",-1,0.22,0.0,-0.2650000000000001,0.0006930000000000006,-0.2656930000000001
KXMLBHR-26MAY261835TBBAL-BALGHENDERSON2-1,Sports,"(0.1, 0.2]",1,0.17,0.0,-0.64,0.016128000000000003,-0.656128
KXMLBHIT-26MAY261835TBBAL-TBCMULLINS31-2,Sports,"(0.1, 0.2]",1,0.1783,0.0,-0.6583,0.0157458777,-0.6740458777
KXMLBSPREAD-26MAY261840CHCPIT-CHC4,Sports,"(0.1, 0.2]",1,0.19,0.0,-0.6699999999999999,0.015477000000000003,-0.6854769999999999
KXMLBTOTAL-26MAY261845ATLBOS-3,Sports,"(0.9, 1.0]",-1,0.94,1.0,-0.52,0.017472,-0.5374720000000001
KXMLBTOTAL-26MAY261845ATLBOS-8,Sports,"(0.5, 0.6]",-1,0.54,1.0,-0.9149999999999999,0.005444250000000005,-0.92044425
KXMLBKS-26MAY261845ATLBOS-ATLSSTRIDER99-8,Sports,"(0.2, 0.3]",-1,0.27,0.0,-0.19499999999999984,0.0006930000000000006,-0.19569299999999984
KXMLBHIT-26MAY261845ATLBOS-BOSJDURAN16-2,Sports,"(0.2, 0.3]",-1,0.26,1.0,-1.02,0.0006930000000000006,-1.020693
KXMLBHR-26MAY261907MIATOR-MIACNORBY1-1,Sports,"(0.1, 0.2]",1,0.11,0.0,-0.175,0.01010625,-0.18510625
KXMLBMENTION-26MAY26ATLBOS-DOUB,Mentions,"(0.8, 0.9]",-1,0.9,1.0,-0.5449999999999999,0.017358250000000002,-0.56235825
KXMLBMENTION-26MAY26ATLBOS-FENW,Mentions,"(0.8, 0.9]",-1,0.9,1.0,-0.5449999999999999,0.017358250000000002,-0.56235825
KXPSAKIMENTION-26MAY26-NQE,Mentions,"(-0.001, 0.1]",1,0.01,0.0,-0.09,0.005733,-0.095733
KXPSAKIMENTION-26MAY26-AFFO,Mentions,"(0.3, 0.4]",-1,0.3702,1.0,-1.0748,0.0006930000000000006,-1.075493
KXPSAKIMENTION-26MAY26-HEAL,Mentions,"(0.3, 0.4]",-1,0.3739,1.0,-1.0711,0.0006930000000000006,-1.071793
KXPSAKIMENTION-26MAY26-DEMO,Mentions,"(0.3, 0.4]",-1,0.3742,1.0,-1.0708,0.0006930000000000006,-1.071493
KXNBASTL-26MAY26SASOKC-SASDVASSELL24-1,Sports,"(0.9, 1.0]",-1,0.91,1.0,-0.57,0.017157000000000002,-0.5871569999999999
KXMLBTOTAL-26MAY262005HOUTEX-6,Sports,"(0.7, 0.8]",-1,0.74,1.0,-0.735,0.01363425,-0.74863425
KXMLBTOTAL-26MAY262005HOUTEX-12,Sports,"(0.2, 0.3]",-1,0.23,1.0,-1.245,0.0006930000000000006,-1.2456930000000002
KXMLBHIT-26MAY262005HOUTEX-TEXEDURAN20-1,Sports,"(0.5, 0.6]",-1,0.55,1.0,-0.77,0.012397,-0.782397
KXNBATEAMTOTAL-26MAY26SASOKC-SAS105,Sports,"(0.5, 0.6]",-1,0.55,1.0,-0.8999999999999999,0.006300000000000005,-0.9062999999999999
KXLASTWORDMENTION-26MAY26-AFFO,Mentions,"(0.5, 0.6]",-1,0.5962,1.0,-0.8488,0.0089836992,-0.8577836992
KXLASTWORDMENTION-26MAY26-BORD,Mentions,"(0.3, 0.4]",-1,0.3644,1.0,-1.0806,0.0006930000000000006,-1.081293
KXLASTWORDMENTION-26MAY26-IRAN,Mentions,"(0.6, 0.7]",-1,0.68,1.0,-0.7649999999999999,0.012584250000000005,-0.7775842499999999
KXLASTWORDMENTION-26MAY26-REPU,Mentions,"(0.7, 0.8]",-1,0.7539,1.0,-0.6911,0.0149436553,-0.7060436553
KXLASTWORDMENTION-26MAY26-REDI,Mentions,"(0.4, 0.5]",-1,0.4392,0.0,-0.005800000000000027,0.0006930000000000006,-0.006493000000000028
KXLASTWORDMENTION-26MAY26-BILL,Mentions,"(0.4, 0.5]",-1,0.47,1.0,-0.9750000000000001,0.0017062499999999944,-0.9767062500000001
KXITFMATCH-26MAY26HWADEL-DEL,Sports,"(0.9, 1.0]",-1,0.94,1.0,-0.55,0.017325,-0.5673250000000001
KXMLBTOTAL-26MAY261940NYYKC-15,Sports,"(0.2, 0.3]",-1,0.23,1.0,-1.27,0.0006930000000000006,-1.270693
KXAAAGASD-26MAY27-4.490,Economics,"(-0.001, 0.1]",1,0.07,0.0,-0.11000000000000001,0.0068530000000000015,-0.11685300000000001
KXAAAGASD-26MAY27-4.485,Economics,"(-0.001, 0.1]",1,0.1,0.0,-0.14,0.008428000000000001,-0.148428
KXAAAGASD-26MAY27-4.470,Economics,"(0.4, 0.5]",-1,0.48,0.0,0.43999999999999995,0.017248,0.42275199999999996
KXAAAGASD-26MAY27-4.455,Economics,"(0.9, 1.0]",-1,0.955,1.0,-0.08500000000000002,0.005444250000000002,-0.09044425000000002
KXAAAGASD-26MAY27-4.450,Economics,"(0.9, 1.0]",-1,0.93,1.0,-0.10499999999999993,0.006578249999999996,-0.11157824999999992
KXAAAGASD-26MAY27-4.495,Economics,"(-0.001, 0.1]",1,0.05,0.0,-0.07500000000000001,0.004856250000000001,-0.07985625000000002
KXAAAGASD-26MAY27-4.500,Economics,"(-0.001, 0.1]",1,0.07,0.0,-0.095,0.006018250000000001,-0.10101825
KXBTC-26MAY2700-B75850,Crypto,"(0.2, 0.3]",-1,0.2769,0.0,0.10189999999999988,0.0064061472999999945,0.09549385269999988
KXBTC-26MAY2700-B75750,Crypto,"(0.2, 0.3]",-1,0.28,0.0,-0.19499999999999984,0.0006930000000000006,-0.19569299999999984
KXMLBSPREAD-26MAY262140PHISD-SD3,Sports,"(0.2, 0.3]",-1,0.25,0.0,-0.24,0.0006930000000000006,-0.240693
KXMLBSPREAD-26MAY262140PHISD-PHI4,Sports,"(0.1, 0.2]",1,0.18,0.0,-0.6699999999999999,0.015477000000000003,-0.6854769999999999
KXMLBGAME-26MAY262140PHISD-PHI,Sports,"(0.5, 0.6]",-1,0.52,1.0,-0.745,0.013298250000000001,-0.75829825
KXNHLAST-26MAY26COLVGK-COLCMAKAR8-1,Sports,"(0.5, 0.6]",-1,0.53,0.0,0.040000000000000036,0.002688000000000003,0.03731200000000003
KXNHLPTS-26MAY26COLVGK-VGKWKARLSSON71-2,Sports,"(0.1, 0.2]",1,0.12,0.0,-0.6,0.016800000000000002,-0.6168
KXMLBTEAMTOTAL-26MAY262210COLLAD-LAD5,Sports,"(0.5, 0.6]",-1,0.59,1.0,-0.795,0.011408249999999998,-0.80640825
KXSOLD-26MAY2701-T83.9999,Crypto,"(0.2, 0.3]",-1,0.3,0.0,0.16000000000000003,0.009408000000000003,0.15059200000000003
KXITFMATCH-26MAY27IFIOLI-IFI,Sports,"(0.7, 0.8]",-1,0.72,1.0,-0.77,0.012397,-0.782397
KXBTC-26MAY2706-B75750,Crypto,"(0.2, 0.3]",-1,0.2302,0.0,-0.2148000000000001,0.0006930000000000006,-0.2154930000000001
KXNBAMENTION-26MAY26SASOKC-BUZZ,Mentions,"(0.6, 0.7]",-1,0.6872,0.0,0.24219999999999997,0.0128477412,0.22935225879999996
KXNBAMENTION-26MAY26SASOKC-ANKL,Mentions,"(0.7, 0.8]",-1,0.79,1.0,-0.655,0.015818250000000002,-0.6708182500000001
KXNBAMENTION-26MAY26SASOKC-OVER,Mentions,"(0.3, 0.4]",-1,0.37,0.0,-0.07499999999999996,0.0006930000000000006,-0.07569299999999995
KXNBAMENTION-26MAY26SASOKC-DRAF,Mentions,"(0.7, 0.8]",-1,0.8,1.0,-0.645,0.01602825,-0.66102825
KXNBAMENTION-26MAY26SASOKC-GOAT,Mentions,"(-0.001, 0.1]",1,0.0709,0.0,-0.5159,0.0174823033,-0.5333823033
KXNBAMENTION-26MAY26SASOKC-PAYC,Mentions,"(0.8, 0.9]",-1,0.82,1.0,-0.625,0.01640625,-0.64140625
KXITFMATCH-26MAY26LARMIS-LAR,Sports,"(0.8, 0.9]",-1,0.86,1.0,-0.63,0.016317,-0.646317
KXBTCD-26MAY2707-T75899.99,Crypto,"(0.2, 0.3]",-1,0.2136,0.0,0.2086,0.011556022800000001,0.1970439772
KXITFMATCH-26MAY27BARTOR-BAR,Sports,"(0.9, 1.0]",-1,0.93,1.0,-0.31499999999999995,0.01510425,-0.33010424999999993
KXHORMUZWEEKLY-26MAY24-T10,Politics,"(0.8, 0.9]",-1,0.84,1.0,-0.20500000000000002,0.01140825,-0.21640825000000002
KXHORMUZWEEKLY-26MAY24-T5,Politics,"(0.9, 1.0]",-1,0.93,1.0,-0.09999999999999992,0.006299999999999997,-0.10629999999999992
KXLASTWORDMENTION-26MAY26-OBAM,Mentions,"(0.2, 0.3]",-1,0.3,0.0,-0.14500000000000002,0.0006930000000000006,-0.14569300000000002
KXNHLMENTION-26MAY26COLVGK-GLAS,Mentions,"(0.9, 1.0]",-1,0.9083,1.0,-0.5367,0.0174057177,-0.5541057177
KXHANNITYMENTION-26MAY21-CHIN,Mentions,"(0.4, 0.5]",-1,0.4064,0.0,0.26639999999999997,0.013680172800000001,0.25271982719999997
KXHANNITYMENTION-26MAY21-FBI,Mentions,"(0.7, 0.8]",-1,0.76,1.0,-0.405,0.01686825,-0.42186825000000006
KXHANNITYMENTION-26MAY21-HORM,Mentions,"(0.5, 0.6]",-1,0.57,1.0,-0.6000000000000001,0.0168,-0.6168000000000001
KXHANNITYMENTION-26MAY21-OIL,Mentions,"(0.4, 0.5]",-1,0.43,0.0,0.24499999999999988,0.012948249999999998,0.2320517499999999
KXHANNITYMENTION-26MAY21-CORR,Mentions,"(0.3, 0.4]",-1,0.3966,0.0,0.36660000000000004,0.0162543108,0.35034568920000003
KXHANNITYMENTION-26MAY21-AI,Mentions,"(0.5, 0.6]",-1,0.57,0.0,0.3999999999999999,0.0168,0.38319999999999993
KXNASDAQ100U-26MAY27H1000-T29999.99,Financials,"(0.9, 1.0]",-1,0.91,0.0,0.885,0.007124249999999997,0.8778757500000001
KXCARNEYMENTION-26MAY27-TRUM,Mentions,"(0.4, 0.5]",-1,0.45,0.0,0.0,0.0006930000000000006,-0.0006930000000000006
KXCARNEYMENTION-26MAY27-NQE,Mentions,"(-0.001, 0.1]",1,0.01,0.0,-0.46,0.017388000000000004,-0.47738800000000003
KXCARNEYMENTION-26MAY27-TARI,Mentions,"(0.4, 0.5]",-1,0.48,0.0,0.030000000000000027,0.002037000000000002,0.027963000000000026
KXCARNEYMENTION-26MAY27-RARE,Mentions,"(0.2, 0.3]",-1,0.27,0.0,-0.17999999999999994,0.0006930000000000006,-0.18069299999999994
KXCARNEYMENTION-26MAY27-AI,Mentions,"(0.5, 0.6]",-1,0.57,1.0,-0.8800000000000001,0.007391999999999995,-0.8873920000000001
KXCARNEYMENTION-26MAY27-IRAN,Mentions,"(0.3, 0.4]",-1,0.34,0.0,-0.10999999999999988,0.0006930000000000006,-0.11069299999999987
KXEARNINGSMENTIONANF-26MAY27-NFL,Mentions,"(0.7, 0.8]",-1,0.73,0.0,0.28,0.014112000000000001,0.265888
KXEARNINGSMENTIONANF-26MAY27-TARI,Mentions,"(0.7, 0.8]",-1,0.78,1.0,-0.62,0.016492,-0.636492
KXHOCHULMENTION-26MAY27-MAYO,Mentions,"(0.6, 0.7]",-1,0.6666,1.0,-0.7784,0.012074540800000002,-0.7904745408
KXHOCHULMENTION-26MAY27-CHIL,Mentions,"(0.3, 0.4]",-1,0.36,1.0,-1.085,0.0006930000000000006,-1.085693
KXHOCHULMENTION-26MAY27-SAFE,Mentions,"(0.4, 0.5]",-1,0.4032,1.0,-1.0418,0.0006930000000000006,-1.0424930000000001
KXINXU-26MAY27H1200-T7484.9999,Financials,"(0.9, 1.0]",-1,0.98,1.0,-0.03999999999999998,0.0026879999999999986,-0.042687999999999976
KXBTCD-26MAY2712-T75099.99,Crypto,"(0.2, 0.3]",-1,0.2165,1.0,-0.7885,0.0116737425,-0.8001737425
KXATPSETWINNER-26MAY27DUCJOD-2-JOD,Sports,"(0.5, 0.6]",-1,0.54,0.0,0.06000000000000005,0.003948000000000004,0.056052000000000046
KXITFMATCH-26MAY27CRAMAR-MAR,Sports,"(0.1, 0.2]",1,0.1533,0.0,-0.6433,0.0160625577,-0.6593625577
KXJETFUEL-26MAY27-T4.20,Economics,"(0.4, 0.5]",-1,0.46,0.0,-0.02499999999999991,0.0006930000000000006,-0.02569299999999991
KXDOTA2GAME-26MAY271100TYFLC-FLC,Sports,"(0.5, 0.6]",-1,0.6,1.0,-0.42000000000000004,0.017052,-0.43705200000000005
KXTRUMPMENTION-26MAY27-HOTT,Mentions,"(0.8, 0.9]",-1,0.89,1.0,-0.5349999999999999,0.017414250000000003,-0.5524142499999999
KXTRUMPMENTION-26MAY27-BIDE,Mentions,"(0.8, 0.9]",-1,0.88,1.0,-0.5449999999999999,0.017358250000000002,-0.56235825
KXTRUMPMENTION-26MAY27-CUBA,Mentions,"(0.6, 0.7]",-1,0.62,1.0,-0.8049999999999999,0.010988250000000005,-0.81598825
KXTRUMPMENTION-26MAY27-FAKE,Mentions,"(0.4, 0.5]",-1,0.4957,1.0,-0.9293,0.0045991057,-0.9338991057
KXTRUMPMENTION-26MAY27-NUCL,Mentions,"(0.9, 1.0]",-1,0.9091,1.0,-0.16089999999999993,0.009450783299999998,-0.17035078329999992
KXTRUMPMENTION-26MAY27-DEMO,Mentions,"(0.8, 0.9]",-1,0.8283,1.0,-0.5967,0.016845437700000004,-0.6135454377
KXTRUMPMENTION-26MAY27-BALL,Mentions,"(0.8, 0.9]",-1,0.84,0.0,0.41500000000000004,0.016994250000000002,0.39800575000000005
KXTRUMPMENTION-26MAY27-CEAS,Mentions,"(0.4, 0.5]",-1,0.47,0.0,0.04499999999999993,0.0030082499999999957,0.04199174999999993
KXTRUMPMENTION-26MAY27-TARI,Mentions,"(0.8, 0.9]",-1,0.85,1.0,-0.575,0.017106250000000003,-0.59210625
KXTRUMPMENTION-26MAY27-NEGO,Mentions,"(0.8, 0.9]",-1,0.8777,1.0,-0.5472999999999999,0.017343389700000003,-0.5646433896999999
KXTRUMPMENTION-26MAY27-PEAC,Mentions,"(0.3, 0.4]",-1,0.3936,0.0,-0.031400000000000095,0.0006930000000000006,-0.032093000000000094
KXTRUMPMENTION-26MAY27-FRAU,Mentions,"(0.5, 0.6]",-1,0.5028,1.0,-0.9221999999999999,0.005022301200000006,-0.9272223011999999
KXTRUMPMENTION-26MAY27-DRON,Mentions,"(0.5, 0.6]",-1,0.5146,0.0,0.0895999999999999,0.005710028799999994,0.08388997119999991
KXTRUMPMENTION-26MAY27-TRUMR,Mentions,"(0.4, 0.5]",-1,0.5,1.0,-0.9450000000000001,0.0036382499999999965,-0.94863825
KXTRUMPMENTION-26MAY27-UFO,Mentions,"(0.3, 0.4]",-1,0.39,0.0,-0.05499999999999994,0.0006930000000000006,-0.05569299999999994
KXTRUMPMENTION-26MAY27-SAVE,Mentions,"(0.3, 0.4]",-1,0.4,0.0,-0.04499999999999993,0.0006930000000000006,-0.04569299999999993
KXTRUMPMENTION-26MAY27-VENE,Mentions,"(0.8, 0.9]",-1,0.9,1.0,-0.5249999999999999,0.017456250000000003,-0.5424562499999999
KXTRUMPMENTION-26MAY27-TRUM,Mentions,"(0.7, 0.8]",-1,0.78,1.0,-0.645,0.01602825,-0.66102825
KXWTAMATCH-26MAY27TEIFRE-FRE,Sports,"(0.5, 0.6]",-1,0.59,0.0,0.16499999999999992,0.009644249999999997,0.15535574999999993
KXCARNEYMENTION-26MAY28-MILA,Mentions,"(0.4, 0.5]",-1,0.5,1.0,-0.9450000000000001,0.0036382499999999965,-0.94863825
KXCARNEYMENTION-26MAY28-SPEE,Mentions,"(0.3, 0.4]",-1,0.4,0.0,-0.04499999999999993,0.0006930000000000006,-0.04569299999999993
KXINXU-26MAY27H1500-T7499.9999,Financials,"(0.9, 1.0]",-1,0.915,1.0,-0.08999999999999997,0.0057329999999999985,-0.09573299999999997
KXMLBF5TOTAL-26MAY271340STLMIL-1,Sports,"(0.9, 1.0]",-1,0.91,1.0,-0.57,0.017157000000000002,-0.5871569999999999
KXNASDAQ100U-26MAY27H1600-T29499.99,Financials,"(0.9, 1.0]",-1,0.94,1.0,-0.08500000000000002,0.005444250000000002,-0.09044425000000002
KXMLBHIT-26MAY271340STLMIL-STLNGORMAN16-2,Sports,"(0.2, 0.3]",-1,0.23,0.0,0.040000000000000036,0.002688000000000003,0.03731200000000003
KXMLBKS-26MAY271307MIATOR-MIAEPREZ39-7,Sports,"(0.2, 0.3]",-1,0.27,1.0,-1.225,0.0006930000000000006,-1.2256930000000001
KXMLBHIT-26MAY271307MIATOR-TORKOKAMOTO7-1,Sports,"(0.5, 0.6]",-1,0.54,1.0,-0.5499999999999999,0.017325000000000004,-0.567325
KXMLBF5TOTAL-26MAY271610PHISD-2,Sports,"(0.8, 0.9]",-1,0.82,0.0,0.32999999999999996,0.015477,0.31452299999999994
KXMLBHR-26MAY271505SEAATH-SEAJCRAWFORD3-1,Sports,"(0.1, 0.2]",1,0.11,0.0,-0.14500000000000002,0.008678250000000002,-0.15367825000000002
KXEARNINGSMENTIONMRVL-26MAY27-NVID,Mentions,"(0.3, 0.4]",-1,0.38,1.0,-1.065,0.0006930000000000006,-1.065693
KXEARNINGSMENTIONMRVL-26MAY27-HYPE,Mentions,"(0.8, 0.9]",-1,0.8471,1.0,-0.5979000000000001,0.016829091299999998,-0.6147290913000001
KXEARNINGSMENTIONMRVL-26MAY27-ELEC,Mentions,"(0.8, 0.9]",-1,0.84,0.0,0.395,0.016728250000000004,0.37827175
KXEARNINGSMENTIONMRVL-26MAY27-AWS,Mentions,"(0.4, 0.5]",-1,0.4891,0.0,0.04410000000000003,0.002950863300000002,0.041149136700000026
KXMLBHIT-26MAY271545AZSF-SFBELDRIDGE8-2,Sports,"(0.1, 0.2]",1,0.1747,0.0,-0.2747,0.013946793700000003,-0.2886467937
KXEARNINGSMENTIONCRM-26MAY28-REAS,Mentions,"(0.4, 0.5]",-1,0.44,0.0,-0.0050000000000001155,0.0006930000000000006,-0.005693000000000116
KXEARNINGSMENTIONCRM-26MAY28-MICR,Mentions,"(0.5, 0.6]",-1,0.52,1.0,-0.9199999999999999,0.005152000000000005,-0.925152
KXEARNINGSMENTIONCRM-26MAY28-ZERO,Mentions,"(0.7, 0.8]",-1,0.78,0.0,0.33499999999999996,0.01559425,0.31940575
KXEARNINGSMENTIONCRM-26MAY28-JAPA,Mentions,"(0.6, 0.7]",-1,0.69,0.0,0.24499999999999988,0.012948249999999998,0.2320517499999999
KXEARNINGSMENTIONCRM-26MAY28-FLEX,Mentions,"(0.4, 0.5]",-1,0.5,1.0,-0.9450000000000001,0.0036382499999999965,-0.94863825
KXEARNINGSMENTIONCRM-26MAY28-ACQU,Mentions,"(0.8, 0.9]",-1,0.9,1.0,-0.5449999999999999,0.017358250000000002,-0.56235825
KXMLBKS-26MAY271610PHISD-PHICSANCHEZ61-10,Sports,"(0.1, 0.2]",1,0.12,0.0,-0.615,0.016574250000000002,-0.63157425
KXCANDACEMENTION-26MAY27-ISRA,Mentions,"(0.7, 0.8]",-1,0.72,1.0,-0.7250000000000001,0.013956249999999998,-0.7389562500000001
KXEARNINGSMENTIONCRM-26MAY28-EINS,Mentions,"(0.6, 0.7]",-1,0.652,0.0,0.20700000000000007,0.011490570000000004,0.19550943000000007
KXFEDGOVMENTION-26MAY27-ANTH,Mentions,"(0.4, 0.5]",-1,0.43,1.0,-1.0150000000000001,0.0006930000000000006,-1.0156930000000002
KXFEDGOVMENTION-26MAY27-BUBB,Mentions,"(0.5, 0.6]",-1,0.5747,1.0,-0.8703000000000001,0.007901453699999996,-0.8782014537
KXFEDGOVMENTION-26MAY27-DATA,Mentions,"(0.5, 0.6]",-1,0.5247,1.0,-0.9202999999999999,0.005134353700000006,-0.9254343536999999
KXFEDGOVMENTION-26MAY27-NQE,Mentions,"(0.3, 0.4]",-1,0.3161,0.0,0.2711,0.013832335300000002,0.2572676647
KXFEDGOVMENTION-26MAY27-RATE,Mentions,"(0.4, 0.5]",-1,0.45,0.0,0.22499999999999998,0.01220625,0.21279374999999998
KXTRUFTSA-26MAY27-T2320000,Economics,"(0.8, 0.9]",-1,0.89,1.0,-0.605,0.016728250000000004,-0.62172825
KXTRUEV-26MAY27-T1320.07,Economics,"(-0.001, 0.1]",1,0.1,0.0,-0.595,0.01686825,-0.61186825
KXTRUEV-26MAY27-T1280.07,Economics,"(0.8, 0.9]",-1,0.8911,0.0,0.3961,0.016744335300000003,0.3793556647
KXTRUEV-26MAY27-T1290.07,Economics,"(-0.001, 0.1]",1,0.1,0.0,-0.595,0.01686825,-0.61186825
KXTRUEV-26MAY27-T1250.07,Economics,"(0.8, 0.9]",-1,0.9,1.0,-0.595,0.01686825,-0.61186825
KXTRUEV-26MAY27-T1230.07,Economics,"(0.8, 0.9]",-1,0.86,1.0,-0.635,0.016224250000000003,-0.6512242500000001
KXTRUFTSA-26MAY27-T2720000,Economics,"(-0.001, 0.1]",1,0.09,0.0,-0.585,0.016994250000000002,-0.60199425
KXTRUFEGGS-26MAY27-T2.71,Economics,"(0.8, 0.9]",-1,0.9,0.0,0.765,0.01258425,0.75241575
KXTRUFTSA-26MAY27-T2220000,Economics,"(0.8, 0.9]",-1,0.89,1.0,-0.605,0.016728250000000004,-0.62172825
KXTRUEV-26MAY27-T1260.07,Economics,"(0.9, 1.0]",-1,0.91,1.0,-0.585,0.016994250000000002,-0.60199425
KXEARNINGSMENTIONSNOW-26MAY27-REPC,Mentions,"(0.8, 0.9]",-1,0.8961,1.0,-0.5539000000000001,0.0172966353,-0.5711966353000001
KXEARNINGSMENTIONSNOW-26MAY27-OPNS,Mentions,"(0.3, 0.4]",-1,0.373,1.0,-1.077,0.0006930000000000006,-1.077693
KXEARNINGSMENTIONSNOW-26MAY27-RETN,Mentions,"(0.8, 0.9]",-1,0.8975,1.0,-0.5525,0.0173070625,-0.5698070625
KXNEWSOMMENTION-26MAY27-2028,Mentions,"(0.3, 0.4]",-1,0.3067,1.0,-1.1383,0.0006930000000000006,-1.1389930000000001
KXNEWSOMMENTION-26MAY27-DEMO,Mentions,"(0.8, 0.9]",-1,0.8918,1.0,-0.5531999999999999,0.0173018832,-0.5705018832
KXNEWSOMMENTION-26MAY27-OIL,Mentions,"(0.4, 0.5]",-1,0.4058,0.0,-0.039200000000000124,0.0006930000000000006,-0.03989300000000012
KXNEWSOMMENTION-26MAY27-REPU,Mentions,"(0.4, 0.5]",-1,0.4065,0.0,-0.03849999999999998,0.0006930000000000006,-0.03919299999999998
KXNEWSOMMENTION-26MAY27-KARE,Mentions,"(-0.001, 0.1]",1,0.01,0.0,-0.455,0.01735825,-0.47235825000000004
KXCBDECISIONKOREA-26MAY27-HOLD,Economics,"(0.8, 0.9]",-1,0.84,1.0,-0.65,0.015925,-0.665925
KXCBDECISIONKOREA-26MAY27-H25P,Economics,"(-0.001, 0.1]",1,0.04,0.0,-0.53,0.017437,-0.5474370000000001
KXCBDECISIONKOREA-26MAY27-C25P,Economics,"(-0.001, 0.1]",1,0.05,0.0,-0.54,0.017388,-0.557388
KXBTC-26MAY2721-B74150,Crypto,"(0.2, 0.3]",-1,0.2107,0.0,-0.2593000000000001,0.0006930000000000006,-0.2599930000000001
KXALLINMENTION-26MAY27-NQE,Mentions,"(-0.001, 0.1]",1,0.0138,0.0,-0.4588,0.0173811792,-0.47618117919999997
KXALLINMENTION-26MAY27-REDI,Mentions,"(0.7, 0.8]",-1,0.8,1.0,-0.645,0.01602825,-0.66102825
KXALLINMENTION-26MAY27-BIDE,Mentions,"(0.3, 0.4]",-1,0.38,0.0,-0.06499999999999995,0.0006930000000000006,-0.06569299999999995
KXMLBHIT-26MAY271845ATLBOS-ATLMHARRIS23-1,Sports,"(0.5, 0.6]",-1,0.59,0.0,0.10999999999999999,0.006853,0.10314699999999999
KXALLINMENTION-26MAY27-TRUM,Mentions,"(0.8, 0.9]",-1,0.82,0.0,0.375,0.01640625,0.35859375
KXALLINMENTION-26MAY27-SUPR,Mentions,"(0.5, 0.6]",-1,0.5674,0.0,0.12240000000000006,0.007519276800000004,0.11488072320000006
KXMLBMENTION-26MAY27TBBAL-BASE,Mentions,"(0.6, 0.7]",-1,0.62,1.0,-0.825,0.010106250000000002,-0.8351062499999999
KXMLBMENTION-26MAY27TBBAL-TRIP,Mentions,"(0.8, 0.9]",-1,0.8255,1.0,-0.22449999999999998,0.0121869825,-0.23668698249999998
KXMLBHR-26MAY271840CHCPIT-CHCMBUSCH29-1,Sports,"(0.1, 0.2]",1,0.1537,0.0,-0.2237,0.012156081700000002,-0.2358560817
KXMLBHIT-26MAY271840CHCPIT-CHCABREGMAN3-2,Sports,"(0.2, 0.3]",-1,0.27,1.0,-1.225,0.0006930000000000006,-1.2256930000000001
KXMLBHIT-26MAY271840CHCPIT-CHCSSUZUKI27-1,Sports,"(0.5, 0.6]",-1,0.59,1.0,-0.655,0.015818250000000002,-0.6708182500000001
KXMLBTOTAL-26MAY271940MINCWS-15,Sports,"(0.5, 0.6]",-1,0.54,1.0,-0.78,0.012012,-0.792012
KXMLBKS-26MAY271940MINCWS-CWSDSANDLIN54-6,Sports,"(0.1, 0.2]",1,0.2,0.0,-0.65,0.015925,-0.665925
KXMLBHR-26MAY271940NYYKC-KCSPEREZ13-1,Sports,"(0.1, 0.2]",1,0.15,0.0,-0.16499999999999998,0.009644249999999998,-0.17464424999999997
KXMLBHIT-26MAY271940NYYKC-NYYJCABALLERO72-1,Sports,"(0.5, 0.6]",-1,0.58,1.0,-0.44,0.017248000000000003,-0.457248
KXPSAKIMENTION-26MAY27-ELEC,Mentions,"(0.5, 0.6]",-1,0.58,1.0,-0.865,0.008174250000000001,-0.87317425
KXPSAKIMENTION-26MAY27-TRUM,Mentions,"(0.8, 0.9]",-1,0.81,1.0,-0.635,0.016224250000000003,-0.6512242500000001
KXPSAKIMENTION-26MAY27-JAME,Mentions,"(0.8, 0.9]",-1,0.8193,1.0,-0.6256999999999999,0.016393965700000002,-0.6420939656999999
KXMLBHR-26MAY271910CINNYM-CINSSTEER7-1,Sports,"(0.1, 0.2]",1,0.11,0.0,-0.155,0.00916825,-0.16416825
KXMLBHR-26MAY272005HOUTEX-TEXJBURGER21-1,Sports,"(0.1, 0.2]",1,0.15,0.0,-0.22999999999999998,0.012397,-0.24239699999999997
KXNHLGOAL-26MAY27CARMTL-MTLNSUZUKI14-1,Sports,"(0.2, 0.3]",-1,0.28,0.0,-0.19499999999999984,0.0006930000000000006,-0.19569299999999984
KXAAAGASD-26MAY28-4.405,Economics,"(0.9, 1.0]",-1,0.95,1.0,-0.20000000000000007,0.011200000000000003,-0.21120000000000008
KXAAAGASD-26MAY28-4.445,Economics,"(-0.001, 0.1]",1,0.07,0.0,-0.37,0.016317,-0.386317
KXAAAGASD-26MAY28-4.410,Economics,"(0.8, 0.9]",-1,0.86,1.0,-0.39,0.016653,-0.40665300000000004
KXAAAGASD-26MAY28-4.400,Economics,"(0.9, 1.0]",-1,0.94,1.0,-0.16000000000000003,0.009408000000000003,-0.16940800000000003
KXAAAGASD-26MAY28-4.395,Economics,"(0.9, 1.0]",-1,0.99,1.0,-0.06,0.003948,-0.063948
KXAAAGASD-26MAY28-4.385,Economics,"(0.9, 1.0]",-1,0.99,1.0,-0.06,0.003948,-0.063948
KXAAAGASD-26MAY28-4.390,Economics,"(0.9, 1.0]",-1,0.99,1.0,-0.06,0.003948,-0.063948
KXAAAGASD-26MAY28-4.425,Economics,"(0.4, 0.5]",-1,0.44,1.0,-0.93,0.004556999999999997,-0.9345570000000001
KXBTC-26MAY2800-B74050,Crypto,"(0.2, 0.3]",-1,0.29,0.0,0.09000000000000008,0.0057330000000000055,0.08426700000000008
KXWNBA3PT-26MAY27WSHSEA-WSHSCITRON22-3,Sports,"(0.1, 0.2]",1,0.14,0.0,-0.59,0.016933000000000004,-0.606933
KXNHLMENTION-26MAY27CARMTL-NQE,Mentions,"(-0.001, 0.1]",1,0.01,0.0,-0.455,0.01735825,-0.47235825000000004
KXWNBATOTAL-26MAY27WSHSEA-173,Sports,"(0.1, 0.2]",1,0.16,0.0,-0.64,0.016128000000000003,-0.656128
KXITFWMATCH-26MAY27SHUSAT-SAT,Sports,"(0.1, 0.2]",1,0.12,0.0,-0.61,0.016653,-0.626653
KXMLBHRR-26MAY272210COLLAD-LADWSMITH16-2,Sports,"(0.5, 0.6]",-1,0.53,0.0,0.2350000000000001,0.012584250000000005,0.22241575000000008
KXUE-MEX26MAY-2.7,Economics,"(0.4, 0.5]",-1,0.45,0.0,-0.040000000000000036,0.0006930000000000006,-0.040693000000000035
KXJOBLESSCLAIMS-26MAY28-235000,Economics,"(-0.001, 0.1]",1,0.0613,0.0,-0.0963,0.0060918417,-0.1023918417
KXJOBLESSCLAIMS-26MAY28-200000,Economics,"(0.8, 0.9]",-1,0.85,1.0,-0.2,0.011200000000000002,-0.2112
KXJOBLESSCLAIMS-26MAY28-225000,Economics,"(-0.001, 0.1]",1,0.05,0.0,-0.1,0.006300000000000001,-0.1063
KXJOBLESSCLAIMS-26MAY28-230000,Economics,"(-0.001, 0.1]",1,0.08,0.0,-0.11499999999999999,0.00712425,-0.12212424999999999
KXUSPINCOME-26MAY28-T1.0,Economics,"(-0.001, 0.1]",1,0.05,0.0,-0.545,0.01735825,-0.5623582500000001
KXUSPSPEND-26MAY28-T1.1,Economics,"(-0.001, 0.1]",1,0.06,0.0,-0.5549999999999999,0.017288250000000005,-0.5722882499999999
KXUSPSPEND-26MAY28-T1.0,Economics,"(-0.001, 0.1]",1,0.07,0.0,-0.565,0.017204250000000004,-0.58220425
KXUSPSPEND-26MAY28-T-0.1,Economics,"(0.9, 1.0]",-1,0.97,1.0,-0.525,0.017456250000000003,-0.54245625
KXUSPSPEND-26MAY28-T0.5,Economics,"(0.4, 0.5]",-1,0.43,0.0,-0.06499999999999995,0.0006930000000000006,-0.06569299999999995
KXUSPSPEND-26MAY28-T0.2,Economics,"(0.8, 0.9]",-1,0.89,1.0,-0.605,0.016728250000000004,-0.62172825
KXUSPINCOME-26MAY28-T1.1,Economics,"(-0.001, 0.1]",1,0.04,0.0,-0.535,0.01741425,-0.55241425
KXUSDURABLE-26MAY28-T4.0,Economics,"(-0.001, 0.1]",1,0.01,1.0,0.495,0.017498250000000003,0.47750175
KXUSDURABLE-26MAY28-T3.5,Economics,"(-0.001, 0.1]",1,0.08,1.0,0.42500000000000004,0.017106250000000003,0.40789375000000005
KXUSDURABLE-26MAY28-T3.0,Economics,"(-0.001, 0.1]",1,0.08,1.0,0.42500000000000004,0.017106250000000003,0.40789375000000005
KXUSDURABLE-26MAY28-T0.0,Economics,"(0.4, 0.5]",-1,0.5,1.0,-0.995,0.0006930000000000006,-0.995693
KXUSPINCOME-26MAY28-T0.3,Economics,"(0.4, 0.5]",-1,0.495,0.0,0.0,0.0006930000000000006,-0.0006930000000000006
KXUSDURABLE-26MAY28-T-3.0,Economics,"(0.8, 0.9]",-1,0.87,1.0,-0.625,0.01640625,-0.64140625
KXUSPINCOME-26MAY28-T0.9,Economics,"(-0.001, 0.1]",1,0.06,0.0,-0.5549999999999999,0.017288250000000005,-0.5722882499999999
KXVANCEMENTION-26MAY29-OIL,Mentions,"(-0.001, 0.1]",1,0.0549,0.0,-0.4999,0.017499999300000003,-0.5173999993
KXNHSALES-26MAY28-T620,Economics,"(0.9, 1.0]",-1,0.98,1.0,-0.025000000000000022,0.0017062500000000016,-0.026706250000000025
KXNHSALES-26MAY28-T680,Economics,"(0.4, 0.5]",-1,0.49,0.0,0.45499999999999996,0.01735825,0.43764174999999994
KXNHSALES-26MAY28-T740,Economics,"(-0.001, 0.1]",1,0.07,0.0,-0.11,0.0068530000000000015,-0.116853
KXNHSALES-26MAY28-T760,Economics,"(-0.001, 0.1]",1,0.02,0.0,-0.05500000000000001,0.003638250000000001,-0.05863825000000001
KXNHSALES-26MAY28-T640,Economics,"(0.8, 0.9]",-1,0.86,0.0,0.82,0.010332000000000004,0.8096679999999999
KXVANCEMENTION-26MAY29-ISRA,Mentions,"(-0.001, 0.1]",1,0.04,0.0,-0.485,0.01748425,-0.50248425
KXVANCEMENTION-26MAY29-FREE,Mentions,"(-0.001, 0.1]",1,0.03,0.0,-0.475,0.017456250000000003,-0.49245625
KXVANCEMENTION-26MAY29-SHUT,Mentions,"(-0.001, 0.1]",1,0.02,0.0,-0.465,0.01741425,-0.48241425000000004
KXVANCEMENTION-26MAY29-FRAU,Mentions,"(0.7, 0.8]",-1,0.8,0.0,0.355,0.01602825,0.33897174999999996
KXVANCEMENTION-26MAY29-ELEC,Mentions,"(0.4, 0.5]",-1,0.4065,0.0,-0.03849999999999998,0.0006930000000000006,-0.03919299999999998
KXVANCEMENTION-26MAY29-BIDE,Mentions,"(0.3, 0.4]",-1,0.4,0.0,-0.04499999999999993,0.0006930000000000006,-0.04569299999999993
KXVANCEMENTION-26MAY29-USHA,Mentions,"(-0.001, 0.1]",1,0.02,0.0,-0.465,0.01741425,-0.48241425000000004
KXVANCEMENTION-26MAY29-ILLE,Mentions,"(0.3, 0.4]",-1,0.3926,0.0,-0.0524,0.0006930000000000006,-0.053093
KXPSAKIMENTION-26MAY27-REDI,Mentions,"(0.7, 0.8]",-1,0.755,0.0,0.31000000000000005,0.014973000000000004,0.29502700000000004
KXPSAKIMENTION-26MAY27-TED,Mentions,"(0.7, 0.8]",-1,0.79,0.0,0.345,0.015818250000000002,0.32918175
KXXRP15M-26MAY281015-15,Crypto,"(0.2, 0.3]",-1,0.2655,1.0,-0.7444999999999999,0.013315382500000004,-0.7578153824999999
KXMLBMENTION-26MAY27TBBAL-OHTA,Mentions,"(0.8, 0.9]",-1,0.81,0.0,0.3700000000000001,0.016317,0.3536830000000001
KXMLBMENTION-26MAY27TBBAL-ORIO,Mentions,"(0.8, 0.9]",-1,0.9,0.0,0.43000000000000005,0.017157000000000002,0.41284300000000007
KXEARNINGSMENTIONRY-26MAY28-COMP,Mentions,"(0.8, 0.9]",-1,0.9,1.0,-0.55,0.017325,-0.5673250000000001
KXEARNINGSMENTIONRY-26MAY28-VOLA,Mentions,"(0.8, 0.9]",-1,0.9,1.0,-0.55,0.017325,-0.5673250000000001
KXEARNINGSMENTIONRY-26MAY28-RETE,Mentions,"(0.4, 0.5]",-1,0.49,1.0,-0.96,0.002688000000000003,-0.962688
KXEARNINGSMENTIONRY-26MAY28-HEAD,Mentions,"(0.7, 0.8]",-1,0.71,1.0,-0.74,0.013468000000000003,-0.753468
KXEARNINGSMENTIONRY-26MAY28-RECE,Mentions,"(0.4, 0.5]",-1,0.44,0.0,-0.010000000000000009,0.0006930000000000006,-0.01069300000000001
KXFOXNEWSMENTION-26MAY28-WILD,Mentions,"(0.3, 0.4]",-1,0.35,1.0,-0.925,0.004856249999999999,-0.92985625
KXFOXNEWSMENTION-26MAY28-NEWS,Mentions,"(0.6, 0.7]",-1,0.7,1.0,-0.7450000000000001,0.01329825,-0.7582982500000001
KXFOXNEWSMENTION-26MAY28-KARE,Mentions,"(0.5, 0.6]",-1,0.6,1.0,-0.685,0.01510425,-0.7001042500000001
KXFOXNEWSMENTION-26MAY28-FRAU,Mentions,"(0.3, 0.4]",-1,0.3992,1.0,-1.0458,0.0006930000000000006,-1.0464930000000001
KXFOXNEWSMENTION-26MAY28-FENT,Mentions,"(0.3, 0.4]",-1,0.37,1.0,-1.075,0.0006930000000000006,-1.075693
KXMAMDANIMENTION-26MAY27-AFFO,Mentions,"(0.5, 0.6]",-1,0.56,1.0,-0.885,0.00712425,-0.8921242500000001
KXMAMDANIMENTION-26MAY27-BUDG,Mentions,"(0.4, 0.5]",-1,0.4968,1.0,-0.9481999999999999,0.0034381732000000045,-0.9516381731999999
KXINXU-26MAY28H1200-T7514.9999,Financials,"(0.9, 1.0]",-1,0.98,1.0,-0.04500000000000004,0.0030082500000000027,-0.048008250000000044
KXINXU-26MAY28H1200-T7529.9999,Financials,"(0.9, 1.0]",-1,0.95,1.0,-0.07500000000000001,0.004856250000000001,-0.07985625000000002
KXINXU-26MAY28H1200-T7489.9999,Financials,"(0.9, 1.0]",-1,0.99,1.0,-0.025000000000000022,0.0017062500000000016,-0.026706250000000025
KXCARNEYMENTION-26MAY29-TRUM,Mentions,"(0.7, 0.8]",-1,0.8,1.0,-0.645,0.01602825,-0.66102825
KXCARNEYMENTION-26MAY29-AI,Mentions,"(0.7, 0.8]",-1,0.8,1.0,-0.645,0.01602825,-0.66102825
KXINXU-26MAY28H1400-T7544.9999,Financials,"(0.9, 1.0]",-1,0.98,1.0,-0.11000000000000004,0.006853000000000002,-0.11685300000000004
KXVANCEMENTION-26MAY28-AI,Mentions,"(0.2, 0.3]",-1,0.3,1.0,-1.145,0.0006930000000000006,-1.145693
KXVANCEMENTION-26MAY28-IRAN,Mentions,"(0.5, 0.6]",-1,0.6,1.0,-0.845,0.009168250000000001,-0.85416825
KXVANCEMENTION-26MAY28-NUCL,Mentions,"(0.5, 0.6]",-1,0.59,1.0,-0.855,0.008678250000000002,-0.86367825
KXVANCEMENTION-26MAY28-TRUM,Mentions,"(0.3, 0.4]",-1,0.3436,0.0,-0.10139999999999993,0.0006930000000000006,-0.10209299999999993
KXVANCEMENTION-26MAY28-VENE,Mentions,"(0.4, 0.5]",-1,0.49,0.0,0.04499999999999993,0.0030082499999999957,0.04199174999999993
KXVANCEMENTION-26MAY28-HEGS,Mentions,"(0.4, 0.5]",-1,0.41,0.0,-0.03500000000000014,0.0006930000000000006,-0.03569300000000014
KXVANCEMENTION-26MAY28-WOKE,Mentions,"(0.5, 0.6]",-1,0.5027,1.0,-0.9422999999999999,0.0038059497000000058,-0.9461059497
KXVANCEMENTION-26MAY28-INVE,Mentions,"(0.3, 0.4]",-1,0.39,0.0,-0.05499999999999994,0.0006930000000000006,-0.05569299999999994
KXVANCEMENTION-26MAY28-HELI,Mentions,"(0.5, 0.6]",-1,0.59,1.0,-0.855,0.008678250000000002,-0.86367825
KXVANCEMENTION-26MAY28-MARI,Mentions,"(0.4, 0.5]",-1,0.4026,1.0,-1.0424,0.0006930000000000006,-1.043093
KXVANCEMENTION-26MAY28-F47,Mentions,"(0.4, 0.5]",-1,0.4923,1.0,-0.9527000000000001,0.003154389699999994,-0.9558543897000001
KXVANCEMENTION-26MAY28-MANU,Mentions,"(0.3, 0.4]",-1,0.34,0.0,-0.10499999999999998,0.0006930000000000006,-0.10569299999999998
KXINXU-26MAY28H1500-T7549.9999,Financials,"(0.9, 1.0]",-1,0.91,1.0,-0.11499999999999994,0.007124249999999997,-0.12212424999999993
KXBESSENTMTPMENTION-26MAY28-TRUM,Mentions,"(0.9, 1.0]",-1,0.9063,1.0,-0.5387,0.0173951617,-0.5560951617
KXBESSENTMTPMENTION-26MAY28-GDP,Mentions,"(0.7, 0.8]",-1,0.7903,1.0,-0.6547000000000001,0.0158247537,-0.6705247537000001
KXBESSENTMTPMENTION-26MAY28-CHIN,Mentions,"(0.6, 0.7]",-1,0.62,1.0,-0.825,0.010106250000000002,-0.8351062499999999
KXBESSENTMTPMENTION-26MAY28-HORM,Mentions,"(0.6, 0.7]",-1,0.62,1.0,-0.825,0.010106250000000002,-0.8351062499999999
KXBESSENTMTPMENTION-26MAY28-DEMO,Mentions,"(0.6, 0.7]",-1,0.6098,1.0,-0.8351999999999999,0.009634867200000004,-0.8448348671999999
KXBESSENTMTPMENTION-26MAY28-250,Mentions,"(0.6, 0.7]",-1,0.6367,1.0,-0.8083,0.0108465777,-0.8191465777
KXMLBTB-26MAY281310LAADET-LAAJADELL7-3,Sports,"(0.2, 0.3]",-1,0.2309,0.0,-0.2641,0.0006930000000000006,-0.264793
KXNASDAQ100U-26MAY28H1600-T29599.99,Financials,"(0.9, 1.0]",-1,0.91,1.0,-0.11499999999999999,0.00712425,-0.12212424999999999
KXPERSONMENTION-26MAY28-ROBO,Mentions,"(0.3, 0.4]",-1,0.376,0.0,-0.06400000000000006,0.0006930000000000006,-0.06469300000000006
KXPERSONMENTION-26MAY28-CHIN,Mentions,"(0.4, 0.5]",-1,0.4721,0.0,0.03210000000000002,0.0021748713000000015,0.029925128700000015
KXPERSONMENTION-26MAY28-AI,Mentions,"(0.8, 0.9]",-1,0.85,1.0,-0.595,0.01686825,-0.61186825
KXMLBHIT-26MAY281410MINCWS-MINBLEE22-1,Sports,"(0.5, 0.6]",-1,0.59,0.0,0.245,0.012948250000000001,0.23205175
KXUNMENTION-26MAY28-CEAS,Mentions,"(0.8, 0.9]",-1,0.84,1.0,-0.605,0.016728250000000004,-0.62172825
KXEARNINGSMENTIONDELL-26MAY28-AI,Mentions,"(0.6, 0.7]",-1,0.64,1.0,-0.8049999999999999,0.010988250000000005,-0.81598825
KXEARNINGSMENTIONDELL-26MAY28-NVID,Mentions,"(0.6, 0.7]",-1,0.65,1.0,-0.7949999999999999,0.011408250000000003,-0.8064082499999999
KXEARNINGSMENTIONDELL-26MAY28-TAIL,Mentions,"(0.4, 0.5]",-1,0.49,1.0,-0.9550000000000001,0.0030082499999999957,-0.9580082500000001
KXEARNINGSMENTIONDELL-26MAY28-MAZD,Mentions,"(0.3, 0.4]",-1,0.31,0.0,-0.135,0.0006930000000000006,-0.135693
KXEARNINGSMENTIONDELL-26MAY28-DIVI,Mentions,"(0.5, 0.6]",-1,0.53,0.0,0.08499999999999996,0.005444249999999999,0.07955574999999997
KXEARNINGSMENTIONDELL-26MAY28-EPS,Mentions,"(0.8, 0.9]",-1,0.82,0.0,0.375,0.01640625,0.35859375
KXEARNINGSMENTIONDELL-26MAY28-WIND,Mentions,"(0.3, 0.4]",-1,0.31,0.0,-0.135,0.0006930000000000006,-0.135693
KXMLBTOTAL-26MAY281610ATLBOS-5,Sports,"(0.7, 0.8]",-1,0.79,1.0,-0.7,0.014700000000000003,-0.7147
KXMLBHIT-26MAY281610ATLBOS-BOSCNARVEZ75-1,Sports,"(0.5, 0.6]",-1,0.51,0.0,0.25,0.013125000000000001,0.236875
KXEARNINGSMENTIONCOST-26MAY28-DIVD,Mentions,"(0.5, 0.6]",-1,0.5737,1.0,-0.5463,0.017349941700000003,-0.5636499417
KXEARNINGSMENTIONCOST-26MAY28-INVE,Mentions,"(0.8, 0.9]",-1,0.9,1.0,-0.14999999999999997,0.008925,-0.15892499999999996
KXEARNINGSMENTIONCOST-26MAY28-REV,Mentions,"(0.8, 0.9]",-1,0.9,1.0,-0.14999999999999997,0.008925,-0.15892499999999996
KXEARNINGSMENTIONCOST-26MAY28-SPEN,Mentions,"(0.7, 0.8]",-1,0.7237,1.0,-0.3613,0.016153361700000004,-0.3774533617
KXEARNINGSMENTIONCOST-26MAY28-TARF,Mentions,"(0.8, 0.9]",-1,0.85,1.0,-0.19000000000000006,0.010773000000000003,-0.20077300000000006
KXEARNINGSMENTIONCOST-26MAY28-LABR,Mentions,"(0.7, 0.8]",-1,0.72,0.0,0.6,0.016800000000000002,0.5831999999999999
KXTRUEV-26MAY28-T1275.21,Economics,"(-0.001, 0.1]",1,0.03,0.0,-0.52,0.017472,-0.5374720000000001
KXTRUEV-26MAY28-T1225.21,Economics,"(0.9, 1.0]",-1,0.98,1.0,-0.515,0.017484250000000003,-0.53248425
KXTRUEV-26MAY28-T1235.21,Economics,"(0.8, 0.9]",-1,0.85,1.0,-0.645,0.01602825,-0.66102825
KXTRUEV-26MAY28-T1265.21,Economics,"(0.4, 0.5]",-1,0.43,1.0,-0.5800000000000001,0.017052,-0.597052
KXTRUEV-26MAY28-T1245.21,Economics,"(-0.001, 0.1]",1,0.055,1.0,0.45499999999999996,0.01735825,0.43764174999999994
KXTRUFTSA-26MAY28-T2210000,Economics,"(0.9, 1.0]",-1,0.97,1.0,-0.525,0.017456250000000003,-0.54245625
KXTRUFPDEBT-26MAY28-T38.82,Economics,"(0.9, 1.0]",-1,0.99,1.0,-0.505,0.017498250000000003,-0.52249825
KXTRUFTSA-26MAY28-T2810000,Economics,"(-0.001, 0.1]",1,0.03,0.0,-0.525,0.017456250000000003,-0.54245625
KXTRUFEGGS-26MAY28-T2.66,Economics,"(-0.001, 0.1]",1,0.0309,1.0,0.47409999999999997,0.017453043300000002,0.45664695669999994
KXTRUFEGGS-26MAY28-T2.67,Economics,"(-0.001, 0.1]",1,0.0309,1.0,0.47409999999999997,0.017453043300000002,0.45664695669999994
KXTRUFTSA-26MAY28-T2510000,Economics,"(0.9, 1.0]",-1,0.98,1.0,-0.515,0.017484250000000003,-0.53248425
KXTRUFTSA-26MAY28-T2310000,Economics,"(0.9, 1.0]",-1,0.97,1.0,-0.48000000000000004,0.017472,-0.497472
KXTRUFTSA-26MAY28-T2110000,Economics,"(0.9, 1.0]",-1,0.99,1.0,-0.505,0.017498250000000003,-0.52249825
KXTRUFPDEBT-26MAY28-T39.47,Economics,"(-0.001, 0.1]",1,0.0309,0.0,-0.3059,0.0148627633,-0.32076276330000003
KXTRUFTSA-26MAY28-T2010000,Economics,"(0.9, 1.0]",-1,0.9788,1.0,-0.5162,0.0174816292,-0.5336816292
KXTRUFTSA-26MAY28-T1910000,Economics,"(0.9, 1.0]",-1,0.99,1.0,-0.505,0.017498250000000003,-0.52249825
KXTRUFTSA-26MAY28-T1810000,Economics,"(0.9, 1.0]",-1,0.99,1.0,-0.505,0.017498250000000003,-0.52249825
KXPGAR1TOP10-CHSC26-JSPA,Sports,"(0.2, 0.3]",-1,0.25,1.0,-1.15,0.0006930000000000006,-1.150693
KXMLBHRR-26MAY281840CHCPIT-PITOCRUZ15-2,Sports,"(0.5, 0.6]",-1,0.5535,0.0,0.058499999999999996,0.0038554425,0.054644557499999996
KXMLBHR-26MAY281835TORBAL-BALPALONSO25-1,Sports,"(0.1, 0.2]",1,0.19,0.0,-0.6799999999999999,0.015232000000000004,-0.695232
KXNBAPTS-26MAY28OKCSAS-SASVWEMBANYAMA1-20,Sports,"(0.8, 0.9]",-1,0.87,1.0,-0.625,0.01640625,-0.64140625
KXPSAKIMENTION-26MAY28-KNIC,Mentions,"(0.8, 0.9]",-1,0.83,1.0,-0.615,0.016574250000000002,-0.63157425
KXPSAKIMENTION-26MAY28-NYPD,Mentions,"(0.4, 0.5]",-1,0.4604,0.0,0.015399999999999858,0.0010613987999999904,0.014338601199999869
KXPSAKIMENTION-26MAY28-CHIL,Mentions,"(0.8, 0.9]",-1,0.9,1.0,-0.5449999999999999,0.017358250000000002,-0.56235825
KXPSAKIMENTION-26MAY28-COGE,Mentions,"(0.8, 0.9]",-1,0.9,0.0,0.45500000000000007,0.017358250000000002,0.43764175000000005
KXNBATEAMTOTAL-26MAY28OKCSAS-SAS106,Sports,"(0.7, 0.8]",-1,0.72,1.0,-0.77,0.012397,-0.782397
KXMLBKS-26MAY282005HOUTEX-HOUSARRIGHETTI41-7,Sports,"(0.1, 0.2]",1,0.19,0.0,-0.28500000000000003,0.014264250000000001,-0.29926425
KXMLBHIT-26MAY282005HOUTEX-TEXBNIMMO24-1,Sports,"(0.5, 0.6]",-1,0.59,0.0,0.30499999999999994,0.014838249999999999,0.29016174999999994
KXNBASPREAD-26MAY28OKCSAS-OKC13,Sports,"(0.1, 0.2]",1,0.11,0.0,-0.5,0.0175,-0.5175
KXNBAPTS-26MAY28OKCSAS-OKCSGILGEOUSALEXANDER2-35,Sports,"(0.2, 0.3]",-1,0.27,0.0,-0.21999999999999997,0.0006930000000000006,-0.22069299999999997
KXLASTWORDMENTION-26MAY28-TRUM,Mentions,"(0.8, 0.9]",-1,0.88,1.0,-0.565,0.017204250000000004,-0.58220425
KXLASTWORDMENTION-26MAY28-REDI,Mentions,"(0.6, 0.7]",-1,0.68,0.0,0.2350000000000001,0.012584250000000005,0.22241575000000008
KXGUTFELDMENTION-26MAY28-FENT,Mentions,"(0.8, 0.9]",-1,0.9,1.0,-0.5449999999999999,0.017358250000000002,-0.56235825
KXGUTFELDMENTION-26MAY28-NQE,Mentions,"(-0.001, 0.1]",1,0.01,0.0,-0.455,0.01735825,-0.47235825000000004
KXGUTFELDMENTION-26MAY28-JUNE,Mentions,"(0.5, 0.6]",-1,0.51,0.0,0.06499999999999995,0.004254249999999997,0.06074574999999995
KXGUTFELDMENTION-26MAY28-COMM,Mentions,"(0.4, 0.5]",-1,0.41,1.0,-1.0350000000000001,0.0006930000000000006,-1.0356930000000002
KXAAAGASD-26MAY29-4.415,Economics,"(-0.001, 0.1]",1,0.06,0.0,-0.41,0.016933000000000004,-0.426933
KXAAAGASD-26MAY29-4.420,Economics,"(-0.001, 0.1]",1,0.04,0.0,-0.33999999999999997,0.015708000000000003,-0.35570799999999997
KXAAAGASD-26MAY29-4.435,Economics,"(-0.001, 0.1]",1,0.05,0.0,-0.3,0.0147,-0.3147
KXAAAGASD-26MAY29-4.450,Economics,"(-0.001, 0.1]",1,0.03,0.0,-0.28,0.014112000000000001,-0.29411200000000004
KXAAAGASD-26MAY29-4.370,Economics,"(0.9, 1.0]",-1,0.91,1.0,-0.33999999999999997,0.015708000000000003,-0.35570799999999997
KXAAAGASD-26MAY29-4.410,Economics,"(-0.001, 0.1]",1,0.1,0.0,-0.5,0.0175,-0.5175
KXAAAGASD-26MAY29-4.375,Economics,"(0.8, 0.9]",-1,0.83,1.0,-0.42000000000000004,0.017052,-0.43705200000000005
KXAAAGASD-26MAY29-4.380,Economics,"(0.8, 0.9]",-1,0.81,1.0,-0.48999999999999994,0.017492999999999998,-0.507493
KXAAAGASD-26MAY29-4.365,Economics,"(0.9, 1.0]",-1,0.94,1.0,-0.31000000000000005,0.014973000000000004,-0.32497300000000007
KXWNBAPTS-26MAY28INDGS-INDCCLARK22-20,Sports,"(0.1, 0.2]",1,0.2,0.0,-0.6950000000000001,0.014838249999999999,-0.7098382500000001
KXJPCONCONF-26MAY29-T31.5,Economics,"(0.4, 0.5]",-1,0.45,1.0,-1.045,0.0006930000000000006,-1.045693
KXJPCONCONF-26MAY29-T35.0,Economics,"(0.9, 1.0]",-1,0.94,0.0,0.44499999999999995,0.01728825,0.42771174999999995
KXBTC-26MAY2902-B73750,Crypto,"(0.2, 0.3]",-1,0.2187,0.0,-0.2513000000000001,0.0006930000000000006,-0.2519930000000001
KXNBAMENTION-26MAY28OKCSAS-MVP,Mentions,"(0.8, 0.9]",-1,0.9,1.0,-0.14999999999999997,0.008925,-0.15892499999999996
KXNBAMENTION-26MAY28OKCSAS-INJU,Mentions,"(0.8, 0.9]",-1,0.9,1.0,-0.12999999999999995,0.007916999999999999,-0.13791699999999996
KXNBAMENTION-26MAY28OKCSAS-SWEE,Mentions,"(0.8, 0.9]",-1,0.81,0.0,0.3700000000000001,0.016317,0.3536830000000001
KXNBAMENTION-26MAY28OKCSAS-CLUT,Mentions,"(0.8, 0.9]",-1,0.81,0.0,0.3700000000000001,0.016317,0.3536830000000001
KXFRGDPYOYP-26MAY29-T0.2,Economics,"(0.9, 1.0]",-1,0.99,1.0,-0.5,0.0175,-0.5175
KXFRGDPYOYP-26MAY29-T1.4,Economics,"(-0.001, 0.1]",1,0.0423,0.0,-0.5323,0.017426969700000003,-0.5497269697
KXFRGDPYOYP-26MAY29-T1.8,Economics,"(-0.001, 0.1]",1,0.0164,0.0,-0.5064,0.017497132800000002,-0.5238971327999999
KXFRGDPYOYP-26MAY29-T2.2,Economics,"(-0.001, 0.1]",1,0.02,0.0,-0.51,0.017493,-0.527493
KXFRGDPYOYP-26MAY29-T2.4,Economics,"(-0.001, 0.1]",1,0.01,0.0,-0.5,0.0175,-0.5175
KXFRGDPYOYP-26MAY29-T2.6,Economics,"(-0.001, 0.1]",1,0.01,0.0,-0.5,0.0175,-0.5175
KXFRGDPYOYP-26MAY29-T0.4,Economics,"(0.9, 1.0]",-1,0.9848,1.0,-0.5052,0.0174981072,-0.5226981072
KXFRGDPYOYP-26MAY29-T2.0,Economics,"(-0.001, 0.1]",1,0.01,0.0,-0.5,0.0175,-0.5175
KXFRGDPYOYP-26MAY29-T-0.2,Economics,"(0.9, 1.0]",-1,0.99,1.0,-0.5,0.0175,-0.5175
KXFRGDPYOYP-26MAY29-T0.0,Economics,"(0.9, 1.0]",-1,0.99,1.0,-0.5,0.0175,-0.5175
KXFRGDPQOQP-26MAY29-T-0.7,Economics,"(0.9, 1.0]",-1,0.99,1.0,-0.5,0.0175,-0.5175
KXFRGDPQOQP-26MAY29-T0.6,Economics,"(-0.001, 0.1]",1,0.02,0.0,-0.51,0.017493,-0.527493
KXFRGDPQOQP-26MAY29-T0.7,Economics,"(-0.001, 0.1]",1,0.01,0.0,-0.5,0.0175,-0.5175
KXFRGDPQOQP-26MAY29-T0.5,Economics,"(-0.001, 0.1]",1,0.02,0.0,-0.51,0.017493,-0.527493
KXFRGDPQOQP-26MAY29-T-0.5,Economics,"(0.9, 1.0]",-1,0.98,1.0,-0.51,0.017493,-0.527493
KXFRGDPQOQP-26MAY29-T0.4,Economics,"(-0.001, 0.1]",1,0.0219,0.0,-0.5119,0.017490087300000002,-0.5293900873
KXFRGDPQOQP-26MAY29-T-0.4,Economics,"(0.9, 1.0]",-1,0.9785,1.0,-0.5115,0.017490742500000003,-0.5289907425
KXFRGDPQOQP-26MAY29-T0.0,Economics,"(0.8, 0.9]",-1,0.86,0.0,0.37,0.016317,0.35368299999999997
KXFRGDPQOQP-26MAY29-T-0.6,Economics,"(0.9, 1.0]",-1,0.98,1.0,-0.51,0.017493,-0.527493
KXUE-GER26MAY-5.9,Economics,"(0.9, 1.0]",-1,0.99,1.0,-0.495,0.01749825,-0.51249825
KXUE-GER26MAY-6.2,Economics,"(0.8, 0.9]",-1,0.85,1.0,-0.635,0.016224250000000003,-0.6512242500000001
KXITCPIPREL-26MAY29-T3.9,Economics,"(-0.001, 0.1]",1,0.02,0.0,-0.515,0.017484250000000003,-0.53248425
KXITCPIPREL-26MAY29-T3.3,Economics,"(0.4, 0.5]",-1,0.5,0.0,0.0050000000000000044,0.0006930000000000006,0.0043070000000000035
KXITGDPQOQA-26MAY29-T0.6,Economics,"(-0.001, 0.1]",1,0.03,0.0,-0.52,0.017472,-0.5374720000000001
KXITGDPQOQA-26MAY29-T-0.5,Economics,"(0.9, 1.0]",-1,0.99,1.0,-0.5,0.0175,-0.5175
KXITGDPQOQA-26MAY29-T-0.4,Economics,"(0.9, 1.0]",-1,0.98,1.0,-0.51,0.017493,-0.527493
KXITGDPQOQA-26MAY29-T-0.3,Economics,"(0.9, 1.0]",-1,0.98,1.0,-0.51,0.017493,-0.527493
KXITGDPQOQA-26MAY29-T-0.1,Economics,"(0.9, 1.0]",-1,0.97,1.0,-0.52,0.017472,-0.5374720000000001
KXITGDPQOQA-26MAY29-T0.7,Economics,"(-0.001, 0.1]",1,0.02,0.0,-0.51,0.017493,-0.527493
KXITGDPQOQA-26MAY29-T0.8,Economics,"(-0.001, 0.1]",1,0.02,0.0,-0.51,0.017493,-0.527493
KXITGDPQOQA-26MAY29-T0.9,Economics,"(-0.001, 0.1]",1,0.01,0.0,-0.5,0.0175,-0.5175
KXITGDPYOYA-26MAY29-T0.0,Economics,"(0.9, 1.0]",-1,0.97,1.0,-0.52,0.017472,-0.5374720000000001
KXITGDPYOYA-26MAY29-T-0.2,Economics,"(0.9, 1.0]",-1,0.98,1.0,-0.51,0.017493,-0.527493
KXITGDPYOYA-26MAY29-T0.2,Economics,"(0.9, 1.0]",-1,0.97,1.0,-0.52,0.017472,-0.5374720000000001
KXITGDPYOYA-26MAY29-T-0.4,Economics,"(0.9, 1.0]",-1,0.98,1.0,-0.51,0.017493,-0.527493
KXITGDPQOQA-26MAY29-T0.5,Economics,"(-0.001, 0.1]",1,0.03,0.0,-0.52,0.017472,-0.5374720000000001
KXITGDPQOQA-26MAY29-T-0.2,Economics,"(0.9, 1.0]",-1,0.9779,1.0,-0.5121,0.017489751300000002,-0.5295897513
KXITGDPYOYA-26MAY29-T1.4,Economics,"(-0.001, 0.1]",1,0.03,0.0,-0.52,0.017472,-0.5374720000000001
KXITGDPYOYA-26MAY29-T-0.6,Economics,"(0.9, 1.0]",-1,0.98,1.0,-0.51,0.017493,-0.527493
KXITGDPYOYA-26MAY29-T1.6,Economics,"(-0.001, 0.1]",1,0.02,0.0,-0.51,0.017493,-0.527493
KXITGDPYOYA-26MAY29-T1.8,Economics,"(-0.001, 0.1]",1,0.02,0.0,-0.51,0.017493,-0.527493
KXITGDPYOYA-26MAY29-T2.0,Economics,"(-0.001, 0.1]",1,0.02,0.0,-0.51,0.017493,-0.527493
KXITGDPYOYA-26MAY29-T2.2,Economics,"(-0.001, 0.1]",1,0.02,0.0,-0.51,0.017493,-0.527493
KXWTAMATCH-26MAY29WANSTA-STA,Sports,"(0.5, 0.6]",-1,0.59,0.0,0.16999999999999993,0.009876999999999999,0.16012299999999993
KXUE-BR26MAY-5.8,Economics,"(0.8, 0.9]",-1,0.89,0.0,0.41500000000000004,0.016994250000000002,0.39800575000000005
KXUE-BR26MAY-6.1,Economics,"(0.4, 0.5]",-1,0.42,0.0,-0.05500000000000016,0.0006930000000000006,-0.05569300000000016
KXUE-BR26MAY-6.2,Economics,"(0.4, 0.5]",-1,0.42,0.0,-0.05500000000000016,0.0006930000000000006,-0.05569300000000016
KXBRAZILGDP-26MAR-T1.0,Economics,"(0.8, 0.9]",-1,0.8335,1.0,-0.22649999999999998,0.012263842500000002,-0.2387638425
KXDECPIPREL-26MAY29-T2.7,Economics,"(0.9, 1.0]",-1,0.92,0.0,0.42500000000000004,0.017106250000000003,0.40789375000000005
KXDECPIPREL-26MAY29-T3.2,Economics,"(0.4, 0.5]",-1,0.44,0.0,-0.05500000000000016,0.0006930000000000006,-0.05569300000000016
KXBRAZILGDP-26MAR-T0.5,Economics,"(0.8, 0.9]",-1,0.89,1.0,-0.15499999999999997,0.00916825,-0.16416824999999996
KXDECPIPREL-26MAY29-T3.8,Economics,"(-0.001, 0.1]",1,0.06,0.0,-0.5549999999999999,0.017288250000000005,-0.5722882499999999
KXBRAZILGDP-26MAR-T2.0,Economics,"(-0.001, 0.1]",1,0.02,0.0,-0.08,0.005152000000000001,-0.085152
KXATPCHALLENGERMATCH-26MAY29WINSTR-STR,Sports,"(0.5, 0.6]",-1,0.53,0.0,0.37,0.016317,0.35368299999999997
KXPSAKIMENTION-26MAY28-BILL,Mentions,"(0.8, 0.9]",-1,0.9,0.0,0.45500000000000007,0.017358250000000002,0.43764175000000005
KXGUTFELDMENTION-26MAY28-FRAU,Mentions,"(0.5, 0.6]",-1,0.58,0.0,0.135,0.008174250000000001,0.12682575000000001
KXGUTFELDMENTION-26MAY28-TRUM,Mentions,"(0.3, 0.4]",-1,0.3933,0.0,-0.05170000000000008,0.0006930000000000006,-0.05239300000000008
KXGUTFELDMENTION-26MAY28-CRIM,Mentions,"(0.5, 0.6]",-1,0.58,0.0,0.135,0.008174250000000001,0.12682575000000001
KXUSDIRR-26MAY29-T160,Economics,"(0.4, 0.5]",-1,0.44,0.0,0.029999999999999916,0.0020369999999999945,0.027962999999999922
KXUSDIRR-26MAY29-T150,Economics,"(0.8, 0.9]",-1,0.86,0.0,0.44999999999999996,0.017325,0.432675
KXUSDIRR-26MAY29-T100,Economics,"(0.9, 1.0]",-1,0.94,1.0,-0.4750000000000001,0.017456250000000003,-0.4924562500000001
KXATHLETEMENTION-26MAY28-DEFE,Mentions,"(0.7, 0.8]",-1,0.75,1.0,-0.49,0.017493,-0.507493
KXATHLETEMENTION-26MAY28-TURN,Mentions,"(0.4, 0.5]",-1,0.46,1.0,-0.9850000000000001,0.0010342499999999935,-0.9860342500000001
KXATHLETEMENTION-26MAY28-FLAG,Mentions,"(0.2, 0.3]",-1,0.2358,0.0,-0.20920000000000005,0.0006930000000000006,-0.20989300000000005
KXHOCHULMENTION-26MAY29-TRUM,Mentions,"(0.9, 1.0]",-1,0.9009,1.0,-0.5191,0.0174744633,-0.5365744633
KXHOCHULMENTION-26MAY29-CRIM,Mentions,"(0.8, 0.9]",-1,0.806,1.0,-0.639,0.01614753,-0.65514753
KXHOCHULMENTION-26MAY29-SAFE,Mentions,"(0.7, 0.8]",-1,0.7989,1.0,-0.6411,0.016106355300000003,-0.6572063553
KXHOCHULMENTION-26MAY29-WARR,Mentions,"(0.8, 0.9]",-1,0.8067,1.0,-0.6333,0.016256177700000003,-0.6495561777
KXHOCHULMENTION-26MAY29-KNIC,Mentions,"(0.4, 0.5]",-1,0.4712,0.0,0.031200000000000117,0.0021158592000000078,0.02908414080000011
KXATPCHALLENGERMATCH-26MAY29TRADED-DED,Sports,"(0.5, 0.6]",-1,0.53,0.0,0.07000000000000006,0.004557000000000005,0.06544300000000006
KXINXU-26MAY29H1200-T7554.9999,Financials,"(0.9, 1.0]",-1,0.95,1.0,-0.07500000000000007,0.004856250000000005,-0.07985625000000007
KXDIMONMENTION-26MAY29-ZOHR,Mentions,"(0.8, 0.9]",-1,0.88,1.0,-0.565,0.017204250000000004,-0.58220425
KXDIMONMENTION-26MAY29-GOLD,Mentions,"(0.8, 0.9]",-1,0.8547,1.0,-0.5903,0.0169292137,-0.6072292137
KXDIMONMENTION-26MAY29-ENER,Mentions,"(0.8, 0.9]",-1,0.88,1.0,-0.565,0.017204250000000004,-0.58220425
KXDIMONMENTION-26MAY29-CRYP,Mentions,"(0.8, 0.9]",-1,0.88,1.0,-0.565,0.017204250000000004,-0.58220425
KXDIMONMENTION-26MAY29-AFFO,Mentions,"(0.8, 0.9]",-1,0.88,1.0,-0.565,0.017204250000000004,-0.58220425
KXDIMONMENTION-26MAY29-STOC,Mentions,"(0.8, 0.9]",-1,0.88,0.0,0.43500000000000005,0.017204250000000004,0.41779575
KXALLSVENSKANGAME-26MAY29ORGELF-TIE,Sports,"(0.2, 0.3]",-1,0.2652,1.0,-0.7748,0.012213947199999999,-0.7870139472000001
KXEZGDPYOYF-26JUN05-T1.6,Economics,"(-0.001, 0.1]",1,0.02,0.0,-0.515,0.017484250000000003,-0.53248425
KXEZGDPYOYF-26JUN05-T0.0,Economics,"(0.9, 1.0]",-1,0.99,1.0,-0.505,0.017498250000000003,-0.52249825
KXEZGDPYOYF-26JUN05-T1.8,Economics,"(-0.001, 0.1]",1,0.02,0.0,-0.515,0.017484250000000003,-0.53248425
KXEZGDPYOYF-26JUN05-T-0.4,Economics,"(0.9, 1.0]",-1,0.99,1.0,-0.505,0.017498250000000003,-0.52249825
KXEZGDPYOYF-26JUN05-T2.0,Economics,"(-0.001, 0.1]",1,0.02,0.0,-0.515,0.017484250000000003,-0.53248425
KXEZGDPYOYF-26JUN05-T-0.6,Economics,"(0.9, 1.0]",-1,0.99,1.0,-0.505,0.017498250000000003,-0.52249825
KXEZGDPYOYF-26JUN05-T1.4,Economics,"(-0.001, 0.1]",1,0.02,0.0,-0.515,0.017484250000000003,-0.53248425
KXEZGDPYOYF-26JUN05-T2.2,Economics,"(-0.001, 0.1]",1,0.02,0.0,-0.515,0.017484250000000003,-0.53248425
KXEZGDPYOYF-26JUN05-T-0.2,Economics,"(0.9, 1.0]",-1,0.99,1.0,-0.505,0.017498250000000003,-0.52249825
KXEZGDPYOYF-26JUN05-T0.2,Economics,"(0.9, 1.0]",-1,0.99,1.0,-0.505,0.017498250000000003,-0.52249825
KXTRUMPSAY-26JUN01-TULS,Mentions,"(0.5, 0.6]",-1,0.52,1.0,-0.625,0.01640625,-0.64140625
KXTRUMPSAY-26JUN01-TRAN,Mentions,"(0.8, 0.9]",-1,0.88,1.0,-0.14499999999999996,0.008678249999999998,-0.15367824999999996
KXTRUMPSAY-26JUN01-HOTT,Mentions,"(0.8, 0.9]",-1,0.85,1.0,-0.16500000000000004,0.009644250000000002,-0.17464425000000003
KXEZGDPQOQF-26JUN05-T-0.1,Economics,"(0.9, 1.0]",-1,0.97,1.0,-0.525,0.017456250000000003,-0.54245625
KXEZGDPQOQF-26JUN05-T-0.2,Economics,"(0.9, 1.0]",-1,0.98,1.0,-0.515,0.017484250000000003,-0.53248425
KXEZGDPQOQF-26JUN05-T0.8,Economics,"(-0.001, 0.1]",1,0.03,0.0,-0.525,0.017456250000000003,-0.54245625
KXEZGDPQOQF-26JUN05-T0.7,Economics,"(-0.001, 0.1]",1,0.02,0.0,-0.515,0.017484250000000003,-0.53248425
KXEZGDPQOQF-26JUN05-T-0.6,Economics,"(0.9, 1.0]",-1,0.9878,1.0,-0.5072,0.0174963712,-0.5246963712
KXEZGDPQOQF-26JUN05-T0.5,Economics,"(-0.001, 0.1]",1,0.02,0.0,-0.515,0.017484250000000003,-0.53248425
KXEZGDPQOQF-26JUN05-T-0.5,Economics,"(0.9, 1.0]",-1,0.98,1.0,-0.515,0.017484250000000003,-0.53248425
KXEZGDPQOQF-26JUN05-T0.4,Economics,"(-0.001, 0.1]",1,0.02,0.0,-0.515,0.017484250000000003,-0.53248425
KXEZGDPQOQF-26JUN05-T-0.4,Economics,"(0.9, 1.0]",-1,0.98,1.0,-0.515,0.017484250000000003,-0.53248425
KXEZGDPQOQF-26JUN05-T-0.3,Economics,"(0.9, 1.0]",-1,0.98,1.0,-0.515,0.017484250000000003,-0.53248425
KXEZGDPQOQF-26JUN05-T0.6,Economics,"(-0.001, 0.1]",1,0.02,0.0,-0.515,0.017484250000000003,-0.53248425
KXINXU-26MAY29H1600-T7499.9999,Financials,"(0.9, 1.0]",-1,0.93,1.0,-0.08499999999999996,0.005444249999999999,-0.09044424999999996
KXUSFLYCAN-26MAY29-T2800,Economics,"(0.4, 0.5]",-1,0.49,0.0,0.45499999999999996,0.01735825,0.43764174999999994
KXUSFLYCAN-26MAY29-T3000,Economics,"(0.4, 0.5]",-1,0.48,0.0,0.44499999999999995,0.01728825,0.42771174999999995
KXUSFLYCAN-26MAY29-T2000,Economics,"(0.8, 0.9]",-1,0.85,0.0,0.815,0.010554250000000003,0.80444575
KXSOLD-26MAY2917-T85.9999,Crypto,"(0.2, 0.3]",-1,0.3,0.0,-0.18999999999999995,0.0006930000000000006,-0.19069299999999995
KXTBPNMENTION-26MAY29-AI,Mentions,"(0.8, 0.9]",-1,0.8351,1.0,-0.6099000000000001,0.0166545393,-0.6265545393000002
KXTBPNMENTION-26MAY29-GIAN,Mentions,"(0.3, 0.4]",-1,0.3333,0.0,-0.11170000000000013,0.0006930000000000006,-0.11239300000000013
KXTBPNMENTION-26MAY29-ELON,Mentions,"(0.3, 0.4]",-1,0.34,0.0,-0.10499999999999998,0.0006930000000000006,-0.10569299999999998
KXTBPNMENTION-26MAY29-NUCL,Mentions,"(0.3, 0.4]",-1,0.3438,0.0,-0.10119999999999996,0.0006930000000000006,-0.10189299999999996
KXTBPNMENTION-26MAY29-ANTH,Mentions,"(0.3, 0.4]",-1,0.3514,0.0,-0.09360000000000013,0.0006930000000000006,-0.09429300000000013
KXPGA3BALL-CHSC26R2JHIGANOVDRIL-DRIL,Sports,"(0.2, 0.3]",-1,0.26,0.0,-0.2250000000000001,0.0006930000000000006,-0.2256930000000001
KXPOLITICSMENTION-26MAY29-CHIN,Mentions,"(0.7, 0.8]",-1,0.73,1.0,-0.71,0.014413000000000002,-0.724413
KXPOLITICSMENTION-26MAY29-TARI,Mentions,"(0.5, 0.6]",-1,0.53,1.0,-0.9099999999999999,0.0057330000000000055,-0.9157329999999999
KXPOLITICSMENTION-26MAY29-NQE,Mentions,"(-0.001, 0.1]",1,0.01,0.0,-0.45,0.017325000000000007,-0.467325
KXPOLITICSMENTION-26MAY29-FRAU,Mentions,"(0.4, 0.5]",-1,0.4003,0.0,-0.03970000000000007,0.0006930000000000006,-0.04039300000000007
KXBESSENTMTPMENTION-26MAY29-RARE,Mentions,"(0.4, 0.5]",-1,0.4567,1.0,-0.9883,0.000809417700000003,-0.9891094176999999
KXBESSENTMTPMENTION-26MAY29-INFL,Mentions,"(0.5, 0.6]",-1,0.58,1.0,-0.865,0.008174250000000001,-0.87317425
KXBESSENTMTPMENTION-26MAY29-CEAS,Mentions,"(0.4, 0.5]",-1,0.4958,1.0,-0.9492,0.003375355199999997,-0.9525753552
KXBESSENTMTPMENTION-26MAY29-DERE,Mentions,"(0.5, 0.6]",-1,0.57,0.0,0.125,0.007656250000000001,0.11734375
KXTRUEV-26MAY29-T1281.82,Economics,"(-0.001, 0.1]",1,0.1,0.0,-0.595,0.01686825,-0.61186825
KXTRUFTSA-26MAY29-T2670000,Economics,"(0.8, 0.9]",-1,0.85,1.0,-0.55,0.017325,-0.5673250000000001
KXTRUEV-26MAY29-T1291.82,Economics,"(0.4, 0.5]",-1,0.41,0.0,-0.08499999999999996,0.0006930000000000006,-0.08569299999999996
KXTRUEV-26MAY29-T1251.82,Economics,"(0.4, 0.5]",-1,0.5,1.0,-0.995,0.0006930000000000006,-0.995693
KXTRUEV-26MAY29-T1241.82,Economics,"(0.4, 0.5]",-1,0.5,1.0,-0.995,0.0006930000000000006,-0.995693
KXTRUEV-26MAY29-T1231.82,Economics,"(0.4, 0.5]",-1,0.5,1.0,-0.995,0.0006930000000000006,-0.995693
KXTRUEV-26MAY29-T1221.82,Economics,"(0.8, 0.9]",-1,0.82,1.0,-0.675,0.01535625,-0.69035625
KXMLBF5-26MAY291845MINPIT-TIE,Sports,"(0.1, 0.2]",1,0.16,0.0,-0.64,0.016128000000000003,-0.656128
KXMLBKS-26MAY291840ATLCIN-CINCPADDACK56-6,Sports,"(0.1, 0.2]",1,0.18,0.0,-0.6699999999999999,0.015477000000000003,-0.6854769999999999
KXMLBHIT-26MAY291840ATLCIN-ATLJMATEO2-2,Sports,"(0.2, 0.3]",-1,0.21,0.0,0.08499999999999996,0.005444249999999999,0.07955574999999997
KXMLBHRR-26MAY291840ATLCIN-CINEDELACRUZ44-2,Sports,"(0.5, 0.6]",-1,0.55,0.0,0.05500000000000005,0.0036382500000000035,0.051361750000000046
KXMLBHIT-26MAY291910BOSCLE-CLEJRAMREZ11-2,Sports,"(0.2, 0.3]",-1,0.26,0.0,-0.23499999999999988,0.0006930000000000006,-0.23569299999999987
KXMLBSPREAD-26MAY291905TORBAL-BAL5,Sports,"(0.2, 0.3]",-1,0.25,0.0,0.10999999999999999,0.006853,0.10314699999999999
KXMLBTOTAL-26MAY291915CHCSTL-6,Sports,"(0.7, 0.8]",-1,0.72,1.0,-0.76,0.012768,-0.772768
KXMLBHIT-26MAY291915CHCSTL-CHCPCROWARMSTRONG4-2,Sports,"(0.2, 0.3]",-1,0.25,0.0,-0.2450000000000001,0.0006930000000000006,-0.2456930000000001
KXMLBMENTION-26MAY29MINPIT-TRAD,Mentions,"(0.8, 0.9]",-1,0.86,1.0,-0.19,0.010773000000000001,-0.200773
KXMLBMENTION-26MAY29MINPIT-PITC,Mentions,"(0.5, 0.6]",-1,0.52,0.0,0.07499999999999996,0.004856249999999999,0.07014374999999996
KXMLBMENTION-26MAY29MINPIT-NQE,Mentions,"(-0.001, 0.1]",1,0.01,0.0,-0.46,0.017388000000000004,-0.47738800000000003
KXMLBMENTION-26MAY29MINPIT-PNC,Mentions,"(0.8, 0.9]",-1,0.9,1.0,-0.5449999999999999,0.017358250000000002,-0.56235825
KXMLBHIT-26MAY291910MIANYM-MIAJSANOJA8-1,Sports,"(0.5, 0.6]",-1,0.59,0.0,0.53,0.017437000000000005,0.512563
KXMLBHIT-26MAY291910LAATB-TBJARANDA8-2,Sports,"(0.2, 0.3]",-1,0.25,1.0,-0.87,0.007917,-0.877917
KXMLBTOTAL-26MAY292040SFCOL-6,Sports,"(0.8, 0.9]",-1,0.89,1.0,-0.6,0.016800000000000002,-0.6168
KXAAAGASD-26MAY30-4.370,Economics,"(0.4, 0.5]",-1,0.47,0.0,0.12,0.007392000000000001,0.112608
KXAAAGASD-26MAY30-4.350,Economics,"(0.9, 1.0]",-1,0.96,1.0,-0.535,0.01741425,-0.55241425
KXAAAGASD-26MAY30-4.355,Economics,"(0.8, 0.9]",-1,0.87,1.0,-0.625,0.01640625,-0.64140625
KXAAAGASD-26MAY30-4.375,Economics,"(0.4, 0.5]",-1,0.43,0.0,0.1299999999999999,0.007916999999999995,0.1220829999999999
KXAAAGASD-26MAY30-4.395,Economics,"(-0.001, 0.1]",1,0.0693,0.0,-0.31930000000000003,0.015214325700000001,-0.3345143257
KXAAAGASD-26MAY30-4.390,Economics,"(-0.001, 0.1]",1,0.09,0.0,-0.33999999999999997,0.015708000000000003,-0.35570799999999997
KXNHLMENTION-26MAY29MTLCAR-BUZZ,Mentions,"(-0.001, 0.1]",1,0.05,0.0,-0.285,0.014264250000000001,-0.29926424999999995
KXNHLMENTION-26MAY29MTLCAR-CROS,Mentions,"(0.9, 1.0]",-1,0.9083,1.0,-0.16169999999999995,0.009488717699999998,-0.17118871769999996
KXMLBGAME-26MAY292215PHILAD-LAD,Sports,"(0.7, 0.8]",-1,0.73,1.0,-0.51,0.017493,-0.527493
KXMLBTOTAL-26MAY292140NYYATH-13,Sports,"(0.2, 0.3]",-1,0.3,0.0,-0.17999999999999994,0.0006930000000000006,-0.18069299999999994
KXMLBMENTION-26MAY29PHILAD-TRIP,Mentions,"(0.8, 0.9]",-1,0.81,1.0,-0.23999999999999994,0.012767999999999996,-0.25276799999999994
KXMLBMENTION-26MAY29PHILAD-MVP,Mentions,"(0.8, 0.9]",-1,0.9,1.0,-0.5449999999999999,0.017358250000000002,-0.56235825
KXMLBMENTION-26MAY29PHILAD-PITC,Mentions,"(0.4, 0.5]",-1,0.45,0.0,0.004999999999999893,0.0006930000000000006,0.0043069999999998925
KXMLBMENTION-26MAY29PHILAD-ERRO,Mentions,"(0.7, 0.8]",-1,0.76,1.0,-0.685,0.01510425,-0.7001042500000001
KXMLBMENTION-26MAY29PHILAD-GRAN,Mentions,"(0.4, 0.5]",-1,0.46,0.0,0.014999999999999902,0.0010342499999999935,0.013965749999999909
KXMLBMENTION-26MAY29PHILAD-BULL,Mentions,"(0.8, 0.9]",-1,0.9,1.0,-0.15499999999999997,0.00916825,-0.16416824999999996
KXMLBMENTION-26MAY29PHILAD-NQE,Mentions,"(-0.001, 0.1]",1,0.01,0.0,-0.015,0.0010342500000000002,-0.01603425
KXMLBMENTION-26MAY29PHILAD-WALK,Mentions,"(0.5, 0.6]",-1,0.54,1.0,-0.905,0.006018249999999998,-0.91101825
KXHEGSETHMENTION-26MAY29-OIL,Mentions,"(0.3, 0.4]",-1,0.3941,0.0,-0.050899999999999945,0.0006930000000000006,-0.051592999999999944
KXHEGSETHMENTION-26MAY29-NQE,Mentions,"(-0.001, 0.1]",1,0.04,0.0,-0.085,0.005444250000000001,-0.09044425
KXHEGSETHMENTION-26MAY29-NATI,Mentions,"(0.4, 0.5]",-1,0.4416,1.0,-1.0034,0.0006930000000000006,-1.0040930000000001
KXMLBTOTAL-26MAY292210AZSEA-13,Sports,"(0.5, 0.6]",-1,0.5864,1.0,-0.4286,0.0171431428,-0.4457431428
KXMLBHIT-26MAY292210AZSEA-AZGPERDOMO2-1,Sports,"(0.5, 0.6]",-1,0.6,1.0,-0.895,0.00657825,-0.90157825
KXMLBHIT-26MAY292040SFCOL-SFRDEVERS16-3,Sports,"(0.1, 0.2]",1,0.12,0.0,-0.18,0.010332000000000001,-0.190332
KXMLBHIT-26MAY292040SFCOL-COLETOVAR14-2,Sports,"(0.2, 0.3]",-1,0.28,1.0,-0.875,0.007656250000000001,-0.88265625
KXFIGHTMENTION-26MAY30PERMUD-TIRE,Mentions,"(0.4, 0.5]",-1,0.49,0.0,0.04499999999999993,0.0030082499999999957,0.04199174999999993
KXFIGHTMENTION-26MAY30ASASMO-BLOO,Mentions,"(0.4, 0.5]",-1,0.45,0.0,0.004999999999999893,0.0006930000000000006,0.0043069999999998925
KXCS2GAME-26MAY300900WWJS-JS,Sports,"(0.5, 0.6]",-1,0.58,0.0,0.10999999999999999,0.006853,0.10314699999999999
KXMLBMENTION-26MAY29PHILAD-TRAD,Mentions,"(0.8, 0.9]",-1,0.81,0.0,0.7650000000000001,0.012584249999999998,0.7524157500000002
KXFIGHTMENTION-26MAY30SONFIG-NQE,Mentions,"(-0.001, 0.1]",1,0.01,0.0,-0.455,0.01735825,-0.47235825000000004
KXKHANNAMENTION-26MAY29-AI,Mentions,"(0.6, 0.7]",-1,0.67,1.0,-0.7749999999999999,0.012206250000000005,-0.7872062499999999
KXKHANNAMENTION-26MAY29-AFFO,Mentions,"(0.7, 0.8]",-1,0.79,0.0,0.345,0.015818250000000002,0.32918175
KXKHANNAMENTION-26MAY29-IRAN,Mentions,"(0.2, 0.3]",-1,0.27,0.0,-0.17500000000000004,0.0006930000000000006,-0.17569300000000004
KXKHANNAMENTION-26MAY29-BILL,Mentions,"(0.8, 0.9]",-1,0.8019,0.0,0.3569,0.0160665673,0.3408334327
KXKHANNAMENTION-26MAY29-CORR,Mentions,"(0.3, 0.4]",-1,0.3602,0.0,-0.08479999999999999,0.0006930000000000006,-0.08549299999999999
KXKHANNAMENTION-26MAY29-TRUM,Mentions,"(0.8, 0.9]",-1,0.82,0.0,0.375,0.01640625,0.35859375
KXKHANNAMENTION-26MAY29-REPU,Mentions,"(0.5, 0.6]",-1,0.59,0.0,0.14500000000000002,0.008678250000000002,0.13632175000000002
KXKHANNAMENTION-26MAY29-ICE,Mentions,"(-0.001, 0.1]",1,0.06,0.0,-0.505,0.017498250000000003,-0.52249825
KXHEGSETHMENTION-26MAY29-NATO,Mentions,"(0.4, 0.5]",-1,0.4408,1.0,-1.0042,0.0006930000000000006,-1.004893
KXHEGSETHMENTION-26MAY29-TRUM,Mentions,"(0.8, 0.9]",-1,0.84,1.0,-0.605,0.016728250000000004,-0.62172825
KXHEGSETHMENTION-26MAY29-VENE,Mentions,"(0.6, 0.7]",-1,0.7,1.0,-0.7450000000000001,0.01329825,-0.7582982500000001
KXBTC-26MAY3012-B73750,Crypto,"(0.2, 0.3]",-1,0.28,0.0,-0.18999999999999995,0.0006930000000000006,-0.19069299999999995
KXFOXNEWSMENTION-26MAY30-FENT,Mentions,"(0.8, 0.9]",-1,0.8929,1.0,-0.5521,0.0173099913,-0.5694099913
KXFOXNEWSMENTION-26MAY30-NEWS,Mentions,"(0.7, 0.8]",-1,0.7987,1.0,-0.6463000000000001,0.0160017417,-0.6623017417000001
KXFOXNEWSMENTION-26MAY30-CRIM,Mentions,"(0.5, 0.6]",-1,0.565,1.0,-0.8800000000000001,0.007391999999999995,-0.8873920000000001
KXFOXNEWSMENTION-26MAY30-AI,Mentions,"(0.7, 0.8]",-1,0.8,0.0,0.355,0.01602825,0.33897174999999996
KXATPGTOTAL-26MAY30CERLAN-38,Sports,"(0.5, 0.6]",-1,0.51,1.0,-0.98,0.0013720000000000015,-0.981372
KXMRBEASTMENTION-26MAY30-CHAN,Mentions,"(0.3, 0.4]",-1,0.35,1.0,-1.07,0.0006930000000000006,-1.0706930000000001
KXMRBEASTMENTION-26MAY30-BILL,Mentions,"(0.8, 0.9]",-1,0.84,0.0,0.49,0.017493,0.472507
KXMRBEASTMENTION-26MAY30-MILL,Mentions,"(0.7, 0.8]",-1,0.74,0.0,0.345,0.015818250000000002,0.32918175
KXMRBEASTMENTION-26MAY30-CONT,Mentions,"(0.6, 0.7]",-1,0.65,0.0,0.22999999999999998,0.012397,0.217603
KXMLBTOTAL-26MAY301410DETCWS-6,Sports,"(0.7, 0.8]",-1,0.74,1.0,-0.75,0.013125000000000001,-0.763125
KXMLBTB-26MAY301410DETCWS-CWSRGRICHUK34-3,Sports,"(0.2, 0.3]",-1,0.2624,0.0,-0.22760000000000002,0.0006930000000000006,-0.22829300000000002
KXNCAABBGAME-26MAY301500SDSARS-ARS,Sports,"(0.8, 0.9]",-1,0.87,1.0,-0.195,0.010988250000000001,-0.20598825
KXMLBHR-26MAY301610MILHOU-HOUYALVAREZ44-1,Sports,"(0.2, 0.3]",-1,0.23,0.0,0.14500000000000002,0.008678250000000002,0.13632175000000002
KXMLBHR-26MAY301610MILHOU-MILJBAUERS9-1,Sports,"(0.1, 0.2]",1,0.15,0.0,-0.22999999999999998,0.012397,-0.24239699999999997
KXMLBKS-26MAY301610LAATB-LAARDETMERS48-9,Sports,"(0.1, 0.2]",1,0.13,0.0,-0.62,0.016492,-0.636492
KXMLBHRR-26MAY301605SDWSH-SDMMACHADO13-2,Sports,"(0.5, 0.6]",-1,0.56,1.0,-0.9349999999999999,0.0042542500000000046,-0.93925425
KXWNBASPREAD-26MAY30LACONN-LA6,Sports,"(0.5, 0.6]",-1,0.53,0.0,0.18000000000000005,0.010332000000000003,0.16966800000000004
KXWNBATOTAL-26MAY30LACONN-183,Sports,"(0.1, 0.2]",1,0.19,0.0,-0.6799999999999999,0.015232000000000004,-0.695232
KXBRASILEIROGAME-26MAY30SANVIT-VIT,Sports,"(0.1, 0.2]",1,0.2,0.0,-0.23,0.012397000000000004,-0.242397
KXNBA1HSPREAD-26MAY30SASOKC-SAS1,Sports,"(0.5, 0.6]",-1,0.51,1.0,-0.985,0.001034250000000001,-0.98603425
KXATPCHALLENGERMATCH-26MAY30MMOBOU-MMO,Sports,"(0.7, 0.8]",-1,0.78,1.0,-0.42000000000000004,0.017052,-0.43705200000000005
KXCHNBSPMI-26MAY30-T47.5,Economics,"(0.9, 1.0]",-1,0.9003,1.0,-0.5947,0.016872233700000003,-0.6115722337
KXCHNBSPMI-26MAY30-T48.0,Economics,"(0.9, 1.0]",-1,0.9033,1.0,-0.5917,0.0169113777,-0.6086113777
KXCHNBSPMI-26MAY30-T52.5,Economics,"(0.9, 1.0]",-1,0.98,0.0,0.485,0.017484250000000003,0.46751575
KXCHNBSPMI-26MAY30-T53.0,Economics,"(-0.001, 0.1]",1,0.07,0.0,-0.565,0.017204250000000004,-0.58220425
KXCHNBSPMI-26MAY30-T47.0,Economics,"(0.9, 1.0]",-1,0.94,1.0,-0.555,0.01728825,-0.57228825
KXMLBHR-26MAY301915ATLCIN-CINMMCLAIN9-1,Sports,"(0.1, 0.2]",1,0.12,0.0,-0.18,0.010332000000000001,-0.190332
KXINTLFRIENDLYGAME-26MAY30ECUKSA-KSA,Sports,"(0.2, 0.3]",-1,0.21,0.0,-0.08499999999999996,0.0006930000000000006,-0.08569299999999996
KXMLBHIT-26MAY301915ATLCIN-ATLMHARRIS23-3,Sports,"(0.1, 0.2]",1,0.1175,0.0,-0.26749999999999996,0.013716062499999999,-0.2812160625
KXMLBMENTION-26MAY30ATLCIN-OHTA,Mentions,"(0.8, 0.9]",-1,0.82,0.0,0.375,0.01640625,0.35859375
KXMLBMENTION-26MAY30ATLCIN-TRAD,Mentions,"(0.8, 0.9]",-1,0.9,1.0,-0.14999999999999997,0.008925,-0.15892499999999996
KXMLBMENTION-26MAY30ATLCIN-DOUB,Mentions,"(0.8, 0.9]",-1,0.82,1.0,-0.625,0.01640625,-0.64140625
KXMLBMENTION-26MAY30ATLCIN-GREA,Mentions,"(0.8, 0.9]",-1,0.82,1.0,-0.625,0.01640625,-0.64140625
KXMLBMENTION-26MAY30CHCSTL-WHAT,Mentions,"(0.3, 0.4]",-1,0.35,0.0,-0.09499999999999997,0.0006930000000000006,-0.09569299999999997
KXWNBAGAME-26MAY30INDPDX-IND,Sports,"(0.8, 0.9]",-1,0.87,0.0,0.5,0.0175,0.4825
KXMLBTOTAL-26MAY302110SFCOL-8,Sports,"(0.7, 0.8]",-1,0.76,1.0,-0.73,0.013797000000000002,-0.7437969999999999
KXAAAGASM-26MAY31-3.50,Economics,"(0.9, 1.0]",-1,0.99,1.0,-0.030000000000000027,0.002037000000000002,-0.03203700000000003
KXAAAGASM-26MAY31-3.70,Economics,"(0.9, 1.0]",-1,0.99,1.0,-0.030000000000000027,0.002037000000000002,-0.03203700000000003
KXAAAGASM-26MAY31-3.80,Economics,"(0.9, 1.0]",-1,0.99,1.0,-0.030000000000000027,0.002037000000000002,-0.03203700000000003
KXAAAGASM-26MAY31-3.90,Economics,"(0.9, 1.0]",-1,0.9593,1.0,-0.060699999999999976,0.003991085699999999,-0.06469108569999997
KXAAAGASM-26MAY31-4.00,Economics,"(0.9, 1.0]",-1,0.99,1.0,-0.030000000000000027,0.002037000000000002,-0.03203700000000003
KXAAAGASD-26MAY31-4.290,Economics,"(0.9, 1.0]",-1,0.99,1.0,-0.03500000000000003,0.002364250000000002,-0.037364250000000036
KXAAAGASD-26MAY31-4.285,Economics,"(0.9, 1.0]",-1,0.99,1.0,-0.03500000000000003,0.002364250000000002,-0.037364250000000036
KXAAAGASD-26MAY31-4.280,Economics,"(0.9, 1.0]",-1,0.95,1.0,-0.07500000000000007,0.004856250000000005,-0.07985625000000007
KXAAAGASM-26MAY31-3.60,Economics,"(0.9, 1.0]",-1,0.99,1.0,-0.030000000000000027,0.002037000000000002,-0.03203700000000003
KXAAAGASM-26MAY31-3.40,Economics,"(0.9, 1.0]",-1,0.99,1.0,-0.030000000000000027,0.002037000000000002,-0.03203700000000003
KXAAAGASD-26MAY31-4.305,Economics,"(0.9, 1.0]",-1,0.99,1.0,-0.03500000000000003,0.002364250000000002,-0.037364250000000036
KXAAAGASD-26MAY31-4.300,Economics,"(0.9, 1.0]",-1,0.99,1.0,-0.03500000000000003,0.002364250000000002,-0.037364250000000036
KXAAAGASD-26MAY31-4.295,Economics,"(0.9, 1.0]",-1,0.99,1.0,-0.03500000000000003,0.002364250000000002,-0.037364250000000036
KXAAAGASM-26MAY31-4.31,Economics,"(0.8, 0.9]",-1,0.81,1.0,-0.69,0.014973000000000004,-0.704973
KXAAAGASM-26MAY31-5.50,Economics,"(-0.001, 0.1]",1,0.05,0.0,-0.07,0.004557,-0.07455700000000001
KXAAAGASM-26MAY31-4.90,Economics,"(-0.001, 0.1]",1,0.0677,0.0,-0.0727,0.0047190297,-0.0774190297
KXAAAGASM-26MAY31-4.70,Economics,"(-0.001, 0.1]",1,0.0685,0.0,-0.1135,0.0070432425000000005,-0.12054324250000001
KXAAAGASM-26MAY31-4.36,Economics,"(-0.001, 0.1]",1,0.09,0.0,-0.59,0.016933000000000004,-0.606933
KXAAAGASM-26MAY31-4.50,Economics,"(0.9, 1.0]",-1,0.99,0.0,0.95,0.0033249999999999994,0.9466749999999999
KXAAAGASM-26MAY31-4.40,Economics,"(0.4, 0.5]",-1,0.45,0.0,0.4099999999999999,0.016933,0.39306699999999994
KXAAAGASM-26MAY31-4.39,Economics,"(-0.001, 0.1]",1,0.05,0.0,-0.55,0.017325,-0.5673250000000001
KXAAAGASD-26MAY31-4.310,Economics,"(0.9, 1.0]",-1,0.99,1.0,-0.040000000000000036,0.0026880000000000025,-0.04268800000000004
KXAAAGASM-26MAY31-4.38,Economics,"(-0.001, 0.1]",1,0.0889,0.0,-0.5889,0.0169467753,-0.6058467753
KXAAAGASD-26MAY31-4.315,Economics,"(0.9, 1.0]",-1,0.99,1.0,-0.36,0.016128,-0.37612799999999996
KXAAAGASD-26MAY31-4.325,Economics,"(0.8, 0.9]",-1,0.81,1.0,-0.22999999999999998,0.012397,-0.24239699999999997
KXAAAGASM-26MAY31-3.30,Economics,"(0.9, 1.0]",-1,0.99,1.0,-0.03500000000000003,0.002364250000000002,-0.037364250000000036
KXAAAGASM-26MAY31-3.20,Economics,"(0.9, 1.0]",-1,0.99,1.0,-0.030000000000000027,0.002037000000000002,-0.03203700000000003
KXAAAGASM-26MAY31-3.10,Economics,"(0.9, 1.0]",-1,0.99,1.0,-0.015000000000000013,0.001034250000000001,-0.016034250000000014
KXAAAGASM-26MAY31-3.00,Economics,"(0.9, 1.0]",-1,0.99,1.0,-0.015000000000000013,0.001034250000000001,-0.016034250000000014
KXAAAGASM-26MAY31-2.90,Economics,"(0.9, 1.0]",-1,0.99,1.0,-0.015000000000000013,0.001034250000000001,-0.016034250000000014
KXAAAGASD-26MAY31-4.355,Economics,"(-0.001, 0.1]",1,0.05,0.0,-0.085,0.005444250000000001,-0.09044425
KXAAAGASD-26MAY31-4.320,Economics,"(0.8, 0.9]",-1,0.83,1.0,-0.21000000000000008,0.011613000000000004,-0.2216130000000001
KXAAAGASD-26MAY31-4.350,Economics,"(-0.001, 0.1]",1,0.03,0.0,-0.07,0.004557,-0.07455700000000001
KXAAAGASM-26MAY31-4.37,Economics,"(-0.001, 0.1]",1,0.1,0.0,-0.6,0.016800000000000002,-0.6168
KXAAAGASM-26MAY31-4.35,Economics,"(0.9, 1.0]",-1,0.93,0.0,0.45000000000000007,0.017325000000000004,0.4326750000000001
KXINTLFRIENDLYGAME-26MAY30MEXAUS-TIE,Sports,"(0.2, 0.3]",-1,0.24,0.0,-0.1499999999999999,0.0006930000000000006,-0.1506929999999999
KXMLBHIT-26MAY302110SFCOL-SFMCHAPMAN26-2,Sports,"(0.2, 0.3]",-1,0.26,1.0,-0.905,0.006018249999999998,-0.91101825
KXNBAMENTION-26MAY30SASOKC-JORD,Mentions,"(0.6, 0.7]",-1,0.67,1.0,-0.7749999999999999,0.012206250000000005,-0.7872062499999999
KXNBAMENTION-26MAY30SASOKC-RETI,Mentions,"(0.2, 0.3]",-1,0.24,0.0,-0.20500000000000007,0.0006930000000000006,-0.20569300000000007
KXNBAMENTION-26MAY30SASOKC-DRAF,Mentions,"(0.7, 0.8]",-1,0.7573,0.0,0.3123,0.015033809700000001,0.2972661903
KXNBAMENTION-26MAY30SASOKC-KOBE,Mentions,"(0.2, 0.3]",-1,0.3,0.0,-0.14500000000000002,0.0006930000000000006,-0.14569300000000002
KXNBAMENTION-26MAY30SASOKC-NQE,Mentions,"(-0.001, 0.1]",1,0.01,0.0,-0.015,0.0010342500000000002,-0.01603425
KXNBAMENTION-26MAY30SASOKC-PAYC,Mentions,"(0.8, 0.9]",-1,0.81,1.0,-0.635,0.016224250000000003,-0.6512242500000001
KXMLBMENTION-26MAY30KCTEX-DOUB,Mentions,"(0.8, 0.9]",-1,0.85,1.0,-0.21500000000000002,0.01181425,-0.22681425000000002
KXMLBMENTION-26MAY30KCTEX-BULL,Mentions,"(0.8, 0.9]",-1,0.9,1.0,-0.13999999999999996,0.008428,-0.14842799999999995
KXMLBMENTION-26MAY30KCTEX-PITC,Mentions,"(0.3, 0.4]",-1,0.39,0.0,-0.050000000000000044,0.0006930000000000006,-0.050693000000000044
KXMLBMENTION-26MAY30KCTEX-WHAT,Mentions,"(0.3, 0.4]",-1,0.3781,0.0,-0.061900000000000066,0.0006930000000000006,-0.06259300000000007
KXMLBMENTION-26MAY30KCTEX-NQE,Mentions,"(-0.001, 0.1]",1,0.0105,0.0,-0.4505,0.0173284825,-0.46782848250000003
KXMLBMENTION-26MAY30KCTEX-GLOB,Mentions,"(0.8, 0.9]",-1,0.82,1.0,-0.30000000000000004,0.014700000000000003,-0.31470000000000004
KXCS2GAME-26MAY310600TDKOG-TDK,Sports,"(0.5, 0.6]",-1,0.55,1.0,-0.9199999999999999,0.005152000000000005,-0.925152
KXITFMATCH-26MAY31SCHPET-SCH,Sports,"(0.5, 0.6]",-1,0.54,1.0,-0.95,0.0033250000000000033,-0.953325
KXOMEGA-MAY-5534,Financials,"(0.9, 1.0]",-1,0.99,1.0,-0.5,0.0175,-0.5175
KXTRUMPACT-26MAY24-T3,Politics,"(0.8, 0.9]",-1,0.9,1.0,-0.14500000000000002,0.008678250000000002,-0.15367825000000002
KXTRUMPACT-26MAY24-T2,Politics,"(0.9, 1.0]",-1,0.93,1.0,-0.10499999999999993,0.006578249999999996,-0.11157824999999992
KXTRUMPACT-26MAY24-T1,Politics,"(0.9, 1.0]",-1,0.98,1.0,-0.05499999999999999,0.00363825,-0.058638249999999996
KXATPMATCH-26MAY31JODCAR-CAR,Sports,"(0.2, 0.3]",-1,0.24,0.0,-0.19999999999999996,0.0006930000000000006,-0.20069299999999995
KXMLBSPREAD-26MAY311215TORBAL-BAL5,Sports,"(0.5, 0.6]",-1,0.5723,0.0,0.09730000000000005,0.0061482897000000045,0.09115171030000005
KXMLBF5-26MAY311340ATLCIN-TIE,Sports,"(0.1, 0.2]",1,0.17,0.0,-0.65,0.015925,-0.665925
KXMLBMENTION-26MAY31TORBAL-GRAN,Mentions,"(0.4, 0.5]",-1,0.47,1.0,-0.9750000000000001,0.0017062499999999944,-0.9767062500000001
KXMLBMENTION-26MAY31TORBAL-BULL,Mentions,"(0.8, 0.9]",-1,0.9,1.0,-0.15499999999999997,0.00916825,-0.16416824999999996
KXMLBMENTION-26MAY31TORBAL-TRIP,Mentions,"(0.8, 0.9]",-1,0.83,1.0,-0.22000000000000003,0.012012000000000004,-0.23201200000000002
KXUEFAMENTION-UCL26-WORL,Mentions,"(0.8, 0.9]",-1,0.9,1.0,-0.125,0.007656250000000001,-0.13265625
KXUEFAMENTION-UCL26-WHAT,Mentions,"(0.5, 0.6]",-1,0.5039,0.0,0.0939000000000001,0.005955795300000006,0.08794420470000008
KXUEFAMENTION-UCL26-RECO,Mentions,"(0.7, 0.8]",-1,0.8,1.0,-0.5249999999999999,0.017456250000000003,-0.5424562499999999
KXUEFAMENTION-UCL26-EXTR,Mentions,"(0.7, 0.8]",-1,0.74,1.0,-0.6599999999999999,0.015708000000000003,-0.675708
KXMLBTEAMTOTAL-26MAY311335MINPIT-PIT6,Sports,"(0.5, 0.6]",-1,0.54,1.0,-0.78,0.012012,-0.792012
KXMLBTOTAL-26MAY311335SDWSH-13,Sports,"(0.2, 0.3]",-1,0.23,0.0,-0.26,0.0006930000000000006,-0.260693
KXMLBHR-26MAY311340LAATB-LAAMTROUT27-1,Sports,"(0.2, 0.3]",-1,0.21,0.0,-0.27,0.0006930000000000006,-0.270693
KXMLBTOTAL-26MAY311340ATLCIN-3,Sports,"(0.9, 1.0]",-1,0.98,1.0,-0.51,0.017493,-0.527493
KXMLBTB-26MAY311335SDWSH-WSHJWOOD29-3,Sports,"(0.2, 0.3]",-1,0.2995,1.0,-1.0155,0.0006930000000000006,-1.0161930000000001
KXMLBHRR-26MAY311340LAATB-TBCSIMPSON14-2,Sports,"(0.5, 0.6]",-1,0.55,0.0,0.2650000000000001,0.013634250000000006,0.2513657500000001
KXMLBTOTAL-26MAY311340MIANYM-6,Sports,"(0.7, 0.8]",-1,0.71,1.0,-0.78,0.012012,-0.792012
KXMLBHR-26MAY311410DETCWS-CWSMVARGAS20-1,Sports,"(0.1, 0.2]",1,0.15,0.0,-0.22999999999999998,0.012397,-0.24239699999999997
KXUEFAMENTION-UCL26-PUSK,Mentions,"(0.8, 0.9]",-1,0.82,0.0,0.4099999999999999,0.016933,0.39306699999999994
KXMLBMENTION-26MAY31TORBAL-WILD,Mentions,"(0.3, 0.4]",-1,0.37,0.0,-0.07499999999999996,0.0006930000000000006,-0.07569299999999995
KXNBAMENTION-26MAY30SASOKC-GOAT,Mentions,"(0.2, 0.3]",-1,0.23,1.0,-1.215,0.0006930000000000006,-1.2156930000000001
KXMTPMENTION-26MAY31-ICE,Mentions,"(0.3, 0.4]",-1,0.39,1.0,-1.055,0.0006930000000000006,-1.055693
KXMTPMENTION-26MAY31-TRUM,Mentions,"(0.7, 0.8]",-1,0.7424,1.0,-0.7026000000000001,0.014626726799999998,-0.7172267268000001
KXMTPMENTION-26MAY31-CEAS,Mentions,"(0.4, 0.5]",-1,0.4032,0.0,-0.04180000000000006,0.0006930000000000006,-0.04249300000000006
KXMTPMENTION-26MAY31-CHIN,Mentions,"(0.5, 0.6]",-1,0.515,0.0,0.07000000000000006,0.004557000000000005,0.06544300000000006
KXMTPMENTION-26MAY31-FRAU,Mentions,"(0.3, 0.4]",-1,0.39,0.0,-0.05499999999999994,0.0006930000000000006,-0.05569299999999994
KXMTPMENTION-26MAY31-NATI,Mentions,"(0.5, 0.6]",-1,0.5933,0.0,0.1483000000000001,0.008841497700000006,0.1394585023000001
KXTRUMPMENTION-26MAY30-OIL,Mentions,"(0.3, 0.4]",-1,0.34,1.0,-1.085,0.0006930000000000006,-1.085693
KXTRUMPMENTION-26MAY30-FAKE,Mentions,"(0.3, 0.4]",-1,0.34,1.0,-1.105,0.0006930000000000006,-1.105693
KXTRUMPMENTION-26MAY30-DEAL,Mentions,"(0.9, 1.0]",-1,0.9091,1.0,-0.5308999999999999,0.017433163300000002,-0.5483331632999999
KXTRUMPMENTION-26MAY30-TRAN,Mentions,"(0.9, 1.0]",-1,0.9091,1.0,-0.5109,0.0174916833,-0.5283916833
KXTRUMPMENTION-26MAY30-AI,Mentions,"(0.3, 0.4]",-1,0.34,0.0,-0.10499999999999998,0.0006930000000000006,-0.10569299999999998
KXTRUMPMENTION-26MAY30-NQE,Mentions,"(-0.001, 0.1]",1,0.05,0.0,-0.495,0.01749825,-0.51249825
KXTRUMPMENTION-26MAY30-HOTT,Mentions,"(0.3, 0.4]",-1,0.4,0.0,-0.04499999999999993,0.0006930000000000006,-0.04569299999999993
KXTRUMPMENTION-26MAY30-GOLD,Mentions,"(0.5, 0.6]",-1,0.5929,0.0,0.16789999999999994,0.009779671299999997,0.15812032869999995
KXMLBTOTAL-26MAY311605NYYATH-14,Sports,"(0.2, 0.3]",-1,0.23,1.0,-1.25,0.0006930000000000006,-1.250693
KXMLBTOTAL-26MAY311610AZSEA-3,Sports,"(0.9, 1.0]",-1,0.97,1.0,-0.495,0.01749825,-0.51249825
KXMLBHR-26MAY311610PHILAD-LADFFREEMAN5-1,Sports,"(0.1, 0.2]",1,0.14,0.0,-0.27,0.013797000000000002,-0.283797
KXMLBHR-26MAY311610PHILAD-LADAPAGES44-1,Sports,"(0.1, 0.2]",1,0.18,0.0,-0.6599999999999999,0.015708000000000003,-0.675708
KXMLBTB-26MAY311510SFCOL-SFRDEVERS16-2,Sports,"(0.5, 0.6]",-1,0.52,1.0,-0.975,0.0017062500000000016,-0.97670625
KXMLBHR-26MAY311605NYYATH-ATHTSODERSTROM21-1,Sports,"(0.1, 0.2]",1,0.16,0.0,-0.18,0.010332000000000001,-0.190332
KXMLBHRR-26MAY311610PHILAD-PHIJCRAWFORD80-3,Sports,"(0.2, 0.3]",-1,0.23,0.0,-0.25,0.0006930000000000006,-0.250693
KXPGATOP10-CHSC26-CBEZ,Sports,"(0.1, 0.2]",1,0.15,0.0,-0.195,0.010988250000000001,-0.20598825
KXSKEXPYOY-26MAY31-T46.0,Economics,"(-0.001, 0.1]",1,0.05,1.0,0.56,0.017248000000000003,0.542752
KXSKEXPYOY-26MAY31-T50.0,Economics,"(0.9, 1.0]",-1,0.93,1.0,-0.4099999999999999,0.016933,-0.4269329999999999
KXSKEXPYOY-26MAY31-T48.5,Economics,"(0.4, 0.5]",-1,0.47,1.0,-0.905,0.006018249999999998,-0.91101825
KXSKEXPYOY-26MAY31-T47.0,Economics,"(-0.001, 0.1]",1,0.04,1.0,0.5800000000000001,0.017052000000000005,0.5629480000000001
KXSKEXPYOY-26MAY31-T46.5,Economics,"(-0.001, 0.1]",1,0.05,1.0,0.5700000000000001,0.017157000000000002,0.5528430000000001
KXTRUMPMENTION-26MAY30-NEGO,Mentions,"(0.9, 1.0]",-1,0.9091,1.0,-0.5359,0.017409783300000002,-0.5533097833
KXFOXNEWSMENTION-26MAY31-INFL,Mentions,"(0.6, 0.7]",-1,0.6067,1.0,-0.5932999999999999,0.016890657700000002,-0.6101906576999999
KXFOXNEWSMENTION-26MAY31-OIL,Mentions,"(0.7, 0.8]",-1,0.72,1.0,-0.48000000000000004,0.017472,-0.497472
KXFOXNEWSMENTION-26MAY31-NQE,Mentions,"(-0.001, 0.1]",1,0.01,0.0,-0.13,0.007917,-0.137917
KXFOXNEWSMENTION-26MAY31-CHIN,Mentions,"(0.5, 0.6]",-1,0.55,0.0,0.3500000000000001,0.015925000000000005,0.33407500000000007
KXFOXNEWSMENTION-26MAY31-WARS,Mentions,"(0.4, 0.5]",-1,0.41,0.0,0.20999999999999996,0.011613,0.19838699999999995
KXPERSONMENTION-26MAY31-REPU,Mentions,"(0.6, 0.7]",-1,0.66,0.0,0.21500000000000008,0.011814250000000004,0.20318575000000008
KXPERSONMENTION-26MAY31-2028,Mentions,"(0.8, 0.9]",-1,0.8358,0.0,0.39080000000000004,0.016665275200000003,0.37413472480000004
KXPERSONMENTION-26MAY31-AFFO,Mentions,"(0.3, 0.4]",-1,0.3624,0.0,-0.0826,0.0006930000000000006,-0.083293
KXPERSONMENTION-26MAY31-AUTO,Mentions,"(0.3, 0.4]",-1,0.34,0.0,-0.08499999999999996,0.0006930000000000006,-0.08569299999999996
KXPERSONMENTION-26MAY31-KAMA,Mentions,"(0.7, 0.8]",-1,0.7817,0.0,0.5016999999999999,0.017499797700000003,0.48420020229999994
KXPERSONMENTION-26MAY31-NEWS,Mentions,"(0.3, 0.4]",-1,0.36,0.0,-0.08499999999999996,0.0006930000000000006,-0.08569299999999996
KXMLBHIT-26MAY311920CHCSTL-CHCNHOERNER2-1,Sports,"(0.7, 0.8]",-1,0.72,1.0,-0.65,0.015925,-0.665925
KXMLBMENTION-26MAY31CHCSTL-PITC,Mentions,"(0.4, 0.5]",-1,0.44,0.0,-0.0050000000000001155,0.0006930000000000006,-0.005693000000000116
KXMLBMENTION-26MAY31CHCSTL-BULL,Mentions,"(0.8, 0.9]",-1,0.9,1.0,-0.15499999999999997,0.00916825,-0.16416824999999996
KXMLBMENTION-26MAY31CHCSTL-WALK,Mentions,"(0.3, 0.4]",-1,0.4,0.0,-0.04499999999999993,0.0006930000000000006,-0.04569299999999993
KXAAAGASD-26JUN01-4.310,Economics,"(0.8, 0.9]",-1,0.81,1.0,-0.38999999999999996,0.016653000000000005,-0.406653
KXAAAGASD-26JUN01-4.305,Economics,"(0.9, 1.0]",-1,0.9782,1.0,-0.20180000000000003,0.011275373200000003,-0.21307537320000003
KXAAAGASD-26JUN01-4.300,Economics,"(0.9, 1.0]",-1,0.93,1.0,-0.565,0.017204250000000004,-0.58220425
KXAAAGASD-26JUN01-4.295,Economics,"(0.9, 1.0]",-1,0.99,1.0,-0.505,0.017498250000000003,-0.52249825
KXAAAGASD-26JUN01-4.290,Economics,"(0.9, 1.0]",-1,0.99,1.0,-0.495,0.01749825,-0.51249825
KXAAAGASW-26JUN01-4.420,Economics,"(0.4, 0.5]",-1,0.5,0.0,0.495,0.017498250000000003,0.47750175
KXAAAGASD-26JUN01-4.280,Economics,"(0.9, 1.0]",-1,0.99,1.0,-0.505,0.017498250000000003,-0.52249825
KXAAAGASD-26JUN01-4.335,Economics,"(-0.001, 0.1]",1,0.0997,0.0,-0.5947,0.016872233700000003,-0.6115722337
KXAAAGASD-26JUN01-4.340,Economics,"(-0.001, 0.1]",1,0.02,0.0,-0.515,0.017484250000000003,-0.53248425
KXAGANNOUNCE-26-JUN01,Politics,"(0.8, 0.9]",-1,0.8967,0.0,0.8567,0.008593557699999997,0.8481064423
KXAAAGASW-26JUN01-4.640,Economics,"(-0.001, 0.1]",1,0.07,0.0,-0.11000000000000001,0.0068530000000000015,-0.11685300000000001
KXAAAGASW-26JUN01-4.600,Economics,"(-0.001, 0.1]",1,0.08,0.0,-0.125,0.007656250000000001,-0.13265625
KXAAAGASD-26JUN01-4.285,Economics,"(0.9, 1.0]",-1,0.99,1.0,-0.505,0.017498250000000003,-0.52249825
KXJUDGECOUNT-26MAY-3,Politics,"(0.8, 0.9]",-1,0.8933,0.0,0.8783,0.007482237700000002,0.8708177623
KXJUDGECOUNT-26MAY-2,Politics,"(0.8, 0.9]",-1,0.8683,0.0,0.8533,0.008762537700000003,0.8445374622999999
KXAAAGASD-26JUN01-4.315,Economics,"(0.4, 0.5]",-1,0.45,1.0,-0.775,0.01220625,-0.78720625
KXAAAGASW-26JUN01-4.310,Economics,"(0.4, 0.5]",-1,0.44,1.0,-0.97,0.002037000000000002,-0.9720369999999999
KXAAAGASW-26JUN01-4.290,Economics,"(0.8, 0.9]",-1,0.8176,1.0,-0.5924,0.0169023568,-0.6093023568
KXAAAGASW-26JUN01-4.270,Economics,"(0.8, 0.9]",-1,0.82,1.0,-0.665,0.01559425,-0.6805942500000001
KXAAAGASW-26JUN01-4.240,Economics,"(0.8, 0.9]",-1,0.8261,1.0,-0.22390000000000004,0.012163815300000002,-0.23606381530000003
KXAAAGASW-26JUN01-4.220,Economics,"(0.8, 0.9]",-1,0.82,1.0,-0.21500000000000002,0.01181425,-0.22681425000000002
KXTSAW-26MAY31-A2.70,Economics,"(-0.001, 0.1]",1,0.09,0.0,-0.235,0.01258425,-0.24758424999999998
KXTSAW-26MAY31-A2.55,Economics,"(0.9, 1.0]",-1,0.99,1.0,-0.275,0.013956250000000002,-0.28895625
KXAAAGASW-26JUN01-4.440,Economics,"(0.4, 0.5]",-1,0.44,0.0,0.43499999999999994,0.01720425,0.41779574999999997
KXAAAGASW-26JUN01-4.540,Economics,"(-0.001, 0.1]",1,0.0429,0.0,-0.0829,0.005321931300000001,-0.0882219313
KXAAAGASW-26JUN01-4.560,Economics,"(-0.001, 0.1]",1,0.0771,0.0,-0.11710000000000001,0.007237131300000001,-0.12433713130000001
KXAAAGASW-26JUN01-4.580,Economics,"(-0.001, 0.1]",1,0.1,0.0,-0.14,0.008428000000000001,-0.148428
KXAAAGASW-26JUN01-4.200,Economics,"(0.8, 0.9]",-1,0.82,1.0,-0.20500000000000007,0.011408250000000005,-0.21640825000000008
KXETHD-26JUN0102-T1999.99,Crypto,"(0.2, 0.3]",-1,0.3,0.0,0.2450000000000001,0.012948250000000005,0.2320517500000001
KXBTC-26JUN0104-B73150,Crypto,"(0.2, 0.3]",-1,0.2205,0.0,-0.24949999999999983,0.0006930000000000006,-0.25019299999999983
KXPOWELLMENTION-26MAY31-PAND,Mentions,"(0.6, 0.7]",-1,0.6332,1.0,-0.4668,0.017422843200000003,-0.4842228432
KXPOWELLMENTION-26MAY31-PRES,Mentions,"(0.6, 0.7]",-1,0.6575,1.0,-0.4475,0.0173070625,-0.46480706250000003
KXPOWELLMENTION-26MAY31-UNCE,Mentions,"(0.4, 0.5]",-1,0.43,1.0,-0.675,0.01535625,-0.69035625
KXPOWELLMENTION-26MAY31-POLI,Mentions,"(0.6, 0.7]",-1,0.63,1.0,-0.475,0.017456250000000003,-0.49245625
KXPOWELLMENTION-26MAY31-AI,Mentions,"(0.2, 0.3]",-1,0.29,0.0,0.18000000000000005,0.010332000000000003,0.16966800000000004
KXATPCHALLENGERMATCH-26JUN01DAMMCC-DAM,Sports,"(0.7, 0.8]",-1,0.742,0.0,0.28200000000000003,0.014173320000000003,0.26782668000000004
KXMLBMENTION-26MAY31CHCSTL-OHTA,Mentions,"(0.4, 0.5]",-1,0.45,0.0,0.010000000000000009,0.0006930000000000006,0.009307000000000008
KXISMPMI-26MAY-51,Economics,"(0.4, 0.5]",-1,0.5,1.0,-0.845,0.009168250000000001,-0.85416825
KXISMPMI-26MAY-50,Economics,"(0.8, 0.9]",-1,0.88,1.0,-0.51,0.017493,-0.527493
KXISMPMI-26MAY-52,Economics,"(0.4, 0.5]",-1,0.41,1.0,-0.9000000000000001,0.006299999999999993,-0.9063000000000001
KXISMPMI-26MAY-49,Economics,"(0.8, 0.9]",-1,0.89,1.0,-0.49,0.017493,-0.507493
KXISMPMI-26MAY-53,Economics,"(0.4, 0.5]",-1,0.42,1.0,-0.9650000000000001,0.0023642499999999953,-0.96736425
KXINXU-26JUN01H1000-T7544.9999,Financials,"(0.9, 1.0]",-1,0.97,1.0,-0.04500000000000004,0.0030082500000000027,-0.048008250000000044
KXTRUMPSAYMONTH-26JUN01-NINE,Mentions,"(0.7, 0.8]",-1,0.7575,0.0,0.4624999999999999,0.017401562500000002,0.4450984374999999
KXTRUMPSAYMONTH-26JUN01-GOAT,Mentions,"(0.3, 0.4]",-1,0.33,1.0,-0.8849999999999999,0.0071242500000000064,-0.89212425
KXTRUMPSAYMONTH-26JUN01-EPSTI,Mentions,"(0.2, 0.3]",-1,0.27,0.0,0.14,0.008428000000000001,0.13157200000000002
KXTRUMPSAY-26JUN01-WIND,Mentions,"(0.4, 0.5]",-1,0.4408,0.0,0.12080000000000002,0.007434515200000001,0.11336548480000001
KXTRUMPSAY-26JUN01-WHO,Mentions,"(0.8, 0.9]",-1,0.81,0.0,0.5800000000000001,0.017052000000000005,0.5629480000000001
KXTRUMPSAY-26JUN01-SLEE,Mentions,"(0.5, 0.6]",-1,0.55,1.0,-0.475,0.017456250000000003,-0.49245625
KXTRUMPSAY-26JUN01-PRAT,Mentions,"(0.5, 0.6]",-1,0.59,0.0,0.495,0.017498250000000003,0.47750175
KXTRUMPSAY-26JUN01-DISC,Mentions,"(-0.001, 0.1]",1,0.05,0.0,-0.060000000000000005,0.003948,-0.063948
KXTRUMPSAYMONTH-26JUN01-MOSC,Mentions,"(0.4, 0.5]",-1,0.5,0.0,0.30499999999999994,0.014838249999999999,0.29016174999999994
KXEXPELSWALWELLVOTES-26APR13-T218,Politics,"(0.8, 0.9]",-1,0.8233,0.0,0.7833000000000001,0.0118818777,0.7714181223000001
KXTRUMPSAYMONTH-26JUN01-PELO,Mentions,"(0.4, 0.5]",-1,0.5,0.0,0.28500000000000003,0.014264250000000003,0.27073575000000005
KXBTCD-26JUN0111-T71899.99,Crypto,"(0.2, 0.3]",-1,0.2704,0.0,0.26539999999999997,0.0136473988,0.2517526012
KXINXU-26JUN01H1200-T7549.9999,Financials,"(0.9, 1.0]",-1,0.92,1.0,-0.10499999999999993,0.006578249999999996,-0.11157824999999992
KXINXU-26JUN01H1300-T7569.9999,Financials,"(0.9, 1.0]",-1,0.95,1.0,-0.07500000000000001,0.004856250000000001,-0.07985625000000002
KXBTCD-26JUN0113-T71299.99,Crypto,"(0.2, 0.3]",-1,0.2058,1.0,-0.7992,0.0112335552,-0.8104335552
KXHOCHULMENTION-26JUN01-MENT,Mentions,"(0.8, 0.9]",-1,0.82,1.0,-0.625,0.01640625,-0.64140625
KXHOCHULMENTION-26JUN01-AI,Mentions,"(0.5, 0.6]",-1,0.505,1.0,-0.94,0.003948000000000004,-0.9439479999999999
KXATPCHALLENGERMATCH-26JUN01GIUTOP-GIU,Sports,"(0.5, 0.6]",-1,0.54,0.0,0.1100000000000001,0.006853000000000006,0.10314700000000009
KXHOCHULMENTION-26JUN01-KNIC,Mentions,"(0.5, 0.6]",-1,0.6,0.0,0.15500000000000003,0.009168250000000001,0.14583175000000004
KXHOCHULMENTION-26JUN01-ECON,Mentions,"(0.3, 0.4]",-1,0.4,0.0,-0.04499999999999993,0.0006930000000000006,-0.04569299999999993
KXHOCHULMENTION-26JUN01-BUFF,Mentions,"(0.4, 0.5]",-1,0.4028,0.0,-0.042200000000000015,0.0006930000000000006,-0.042893000000000014
KXINXU-26JUN01H1500-T7559.9999,Financials,"(0.9, 1.0]",-1,0.99,1.0,-0.030000000000000027,0.002037000000000002,-0.03203700000000003
KXINXU-26JUN01H1600-T7399.9999,Financials,"(0.9, 1.0]",-1,0.99,1.0,-0.030000000000000027,0.002037000000000002,-0.03203700000000003
KXPOLITICSMENTION-26JUN01-RADI,Mentions,"(0.3, 0.4]",-1,0.35,1.0,-1.095,0.0006930000000000006,-1.095693
KXPOLITICSMENTION-26JUN01-DEMO,Mentions,"(0.7, 0.8]",-1,0.77,1.0,-0.6799999999999999,0.015232000000000004,-0.695232
KXPOLITICSMENTION-26JUN01-BIDE,Mentions,"(0.3, 0.4]",-1,0.3918,0.0,-0.05820000000000003,0.0006930000000000006,-0.05889300000000003
KXPOLITICSMENTION-26JUN01-DEPO,Mentions,"(0.7, 0.8]",-1,0.75,0.0,0.30000000000000004,0.014700000000000003,0.28530000000000005
KXPOLITICSMENTION-26JUN01-ILLE,Mentions,"(0.7, 0.8]",-1,0.72,0.0,0.27,0.013797000000000002,0.256203
KXPOLITICSMENTION-26JUN01-MINN,Mentions,"(0.4, 0.5]",-1,0.41,0.0,-0.030000000000000027,0.0006930000000000006,-0.030693000000000026
KXPOLITICSMENTION-26JUN01-BORD,Mentions,"(0.7, 0.8]",-1,0.77,0.0,0.32000000000000006,0.015232000000000004,0.30476800000000004
KXPOLITICSMENTION-26JUN01-POLI,Mentions,"(0.5, 0.6]",-1,0.53,0.0,0.08499999999999996,0.005444249999999999,0.07955574999999997
KXNBAH2HPRA-26MAY30VWEMSGIL-SGIL,Sports,"(0.9, 1.0]",-1,0.97,1.0,-0.51,0.017493,-0.527493
KXCARNEYMENTION-26JUN01-RADI,Mentions,"(0.7, 0.8]",-1,0.72,1.0,-0.5650000000000001,0.01720425,-0.5822042500000001
KXCARNEYMENTION-26JUN01-NQE,Mentions,"(-0.001, 0.1]",1,0.01,0.0,-0.46,0.017388000000000004,-0.47738800000000003
KXTRUEV-26JUN01-T1197.28,Economics,"(0.8, 0.9]",-1,0.8439,1.0,-0.6511,0.0159018153,-0.6670018153
KXTRUFEGGS-26JUN01-T2.69,Economics,"(0.4, 0.5]",-1,0.43,0.0,-0.06499999999999995,0.0006930000000000006,-0.06569299999999995
KXTRUFEGGS-26JUN01-T2.67,Economics,"(0.8, 0.9]",-1,0.81,1.0,-0.6849999999999999,0.015104250000000003,-0.70010425
KXTRUEV-26JUN01-T1217.28,Economics,"(0.8, 0.9]",-1,0.8439,1.0,-0.6511,0.0159018153,-0.6670018153
KXTRUEV-26JUN01-T1337.28,Economics,"(0.4, 0.5]",-1,0.49,0.0,-0.004999999999999893,0.0006930000000000006,-0.005692999999999894
KXTRUEV-26JUN01-T1327.28,Economics,"(0.4, 0.5]",-1,0.5,0.0,0.0050000000000000044,0.0006930000000000006,0.0043070000000000035
KXTRUEV-26JUN01-T1317.28,Economics,"(0.4, 0.5]",-1,0.49,0.0,-0.004999999999999893,0.0006930000000000006,-0.005692999999999894
KXTRUEV-26JUN01-T1307.28,Economics,"(0.4, 0.5]",-1,0.49,0.0,-0.004999999999999893,0.0006930000000000006,-0.005692999999999894
KXTRUEV-26JUN01-T1297.28,Economics,"(0.4, 0.5]",-1,0.49,0.0,-0.004999999999999893,0.0006930000000000006,-0.005692999999999894
KXTRUEV-26JUN01-T1287.28,Economics,"(0.4, 0.5]",-1,0.49,1.0,-1.005,0.0006930000000000006,-1.005693
KXTRUEV-26JUN01-T1277.28,Economics,"(0.4, 0.5]",-1,0.49,1.0,-1.005,0.0006930000000000006,-1.005693
KXTRUEV-26JUN01-T1207.28,Economics,"(0.8, 0.9]",-1,0.8439,1.0,-0.6511,0.0159018153,-0.6670018153
KXBTC-26JUN0120-B71050,Crypto,"(0.2, 0.3]",-1,0.3,0.0,0.15000000000000002,0.008925000000000002,0.141075
KXBNB15M-26JUN012015-15,Crypto,"(0.2, 0.3]",-1,0.2744,0.0,0.25439999999999996,0.0132776448,0.24112235519999997
KXITFMATCH-26JUN01ZHAGIE-ZHA,Sports,"(0.9, 1.0]",-1,0.94,0.0,0.45999999999999996,0.017388,0.44261199999999995
KXNCAASOFTBALL-26-TENN,Sports,"(0.1, 0.2]",1,0.13,0.0,-0.215,0.011814250000000002,-0.22681425
KXMLBTEAMTOTAL-26JUN011910KCCIN-KC3,Sports,"(0.9, 1.0]",-1,0.93,1.0,-0.44499999999999995,0.01728825,-0.46228824999999996
KXMLBHRR-26JUN011840DETTB-TBCMULLINS31-4,Sports,"(0.1, 0.2]",1,0.11,0.0,-0.22999999999999998,0.012397,-0.24239699999999997
KXMADDOWMENTION-26JUN01-PRIS,Mentions,"(0.4, 0.5]",-1,0.46,1.0,-0.96,0.002688000000000003,-0.962688
KXMADDOWMENTION-26JUN01-BALL,Mentions,"(0.5, 0.6]",-1,0.57,0.0,0.1499999999999999,0.008924999999999997,0.14107499999999992
KXMADDOWMENTION-26JUN01-HEAL,Mentions,"(0.2, 0.3]",-1,0.26,0.0,-0.15999999999999992,0.0006930000000000006,-0.16069299999999992
KXMADDOWMENTION-26JUN01-CHIN,Mentions,"(0.2, 0.3]",-1,0.2822,0.0,-0.13779999999999992,0.0006930000000000006,-0.13849299999999992
KXMLBMENTION-26JUN01SFMIL-PITC,Mentions,"(0.4, 0.5]",-1,0.43,1.0,-1.0150000000000001,0.0006930000000000006,-1.0156930000000002
KXMLBMENTION-26JUN01SFMIL-BULL,Mentions,"(0.8, 0.9]",-1,0.9,1.0,-0.14999999999999997,0.008925,-0.15892499999999996
KXMLBMENTION-26JUN01SFMIL-WALK,Mentions,"(0.2, 0.3]",-1,0.25,0.0,-0.19500000000000006,0.0006930000000000006,-0.19569300000000006
KXMLBF5TOTAL-26JUN012140LADAZ-1,Sports,"(0.9, 1.0]",-1,0.95,1.0,-0.54,0.017388,-0.557388
KXLASTWORDMENTION-26JUN01C-NQE,Mentions,"(-0.001, 0.1]",1,0.02,0.0,-0.47000000000000003,0.017437000000000005,-0.487437
KXLASTWORDMENTION-26JUN01C-REPU,Mentions,"(0.8, 0.9]",-1,0.89,0.0,0.43999999999999995,0.017248,0.42275199999999996
KXPERSONMENTION-26JUN01-TAIW,Mentions,"(0.8, 0.9]",-1,0.83,1.0,-0.5900000000000001,0.016933,-0.6069330000000001
KXPERSONMENTION-26JUN01-DATA,Mentions,"(0.8, 0.9]",-1,0.85,1.0,-0.5700000000000001,0.017157,-0.587157
KXAAAGASD-26JUN02-4.325,Economics,"(-0.001, 0.1]",1,0.04,0.0,-0.535,0.01741425,-0.55241425
KXAAAGASD-26JUN02-4.285,Economics,"(0.9, 1.0]",-1,0.9209,1.0,-0.5740999999999999,0.017115643300000004,-0.5912156433
KXAAAGASD-26JUN02-4.280,Economics,"(0.9, 1.0]",-1,0.93,1.0,-0.565,0.017204250000000004,-0.58220425
KXAAAGASD-26JUN02-4.335,Economics,"(-0.001, 0.1]",1,0.01,0.0,-0.505,0.017498250000000003,-0.52249825
KXAAAGASD-26JUN02-4.320,Economics,"(-0.001, 0.1]",1,0.05,0.0,-0.545,0.01735825,-0.5623582500000001
KXAAAGASD-26JUN02-4.295,Economics,"(0.8, 0.9]",-1,0.9,0.0,0.405,0.01686825,0.38813175
KXWNBAPTS-26JUN01MINPHX-MINKMCBRIDE21-10,Sports,"(0.8, 0.9]",-1,0.8121,0.0,0.33210000000000006,0.015526671300000005,0.31657332870000005
KXMLBTOTAL-26JUN012140NYMSEA-4,Sports,"(0.8, 0.9]",-1,0.82,1.0,-0.635,0.016224250000000003,-0.6512242500000001
KXMLBTOTAL-26JUN012138COLLAA-5,Sports,"(0.8, 0.9]",-1,0.86,1.0,-0.62,0.016492,-0.636492
KXBTCD-26JUN0202-T70799.99,Crypto,"(0.2, 0.3]",-1,0.254,0.0,0.249,0.013089930000000001,0.23591007
KXEZCPIYOYF-26JUN02-T3.5,Economics,"(0.4, 0.5]",-1,0.5,0.0,0.0050000000000000044,0.0006930000000000006,0.0043070000000000035
KXEZCPIYOYF-26JUN02-T2.7,Economics,"(0.8, 0.9]",-1,0.83,1.0,-0.665,0.01559425,-0.6805942500000001
KXEZCPIYOYF-26JUN02-T3.3,Economics,"(0.4, 0.5]",-1,0.49,0.0,-0.004999999999999893,0.0006930000000000006,-0.005692999999999894
KXETH-26JUN0209-B1960,Crypto,"(0.2, 0.3]",-1,0.23,0.0,0.20499999999999996,0.011408249999999998,0.19359174999999995
KXHORMUZWEEKLY-26MAY31-T20,Politics,"(0.9, 1.0]",-1,0.91,1.0,-0.125,0.007656250000000001,-0.13265625
KXHORMUZWEEKLY-26MAY31-T15,Politics,"(0.9, 1.0]",-1,0.96,1.0,-0.07500000000000001,0.004856250000000001,-0.07985625000000002
KXHORMUZWEEKLY-26MAY31-T10,Politics,"(0.9, 1.0]",-1,0.94,1.0,-0.09000000000000002,0.005733000000000002,-0.09573300000000003
KXHORMUZWEEKLY-26MAY31-T5,Politics,"(0.9, 1.0]",-1,0.99,1.0,-0.015000000000000013,0.001034250000000001,-0.016034250000000014
KXMAMDANIMENTION-26MAY29-NEW,Mentions,"(0.3, 0.4]",-1,0.38,0.0,0.15000000000000002,0.008925000000000002,0.141075
KXMAMDANIMENTION-26MAY29-BUDG,Mentions,"(0.5, 0.6]",-1,0.54,1.0,-0.835,0.009644250000000002,-0.84464425
KXMAMDANIMENTION-26MAY29-AFFO,Mentions,"(0.7, 0.8]",-1,0.78,1.0,-0.32499999999999996,0.01535625,-0.34035624999999997
KXMAMDANIMENTION-26MAY29-KNIC,Mentions,"(0.3, 0.4]",-1,0.34,1.0,-1.035,0.0006930000000000006,-1.035693
KXMAMDANIMENTION-26MAY29-FIVE,Mentions,"(0.4, 0.5]",-1,0.48,1.0,-0.895,0.00657825,-0.90157825
KXMAMDANIMENTION-26MAY29-ALBA,Mentions,"(0.7, 0.8]",-1,0.77,0.0,0.395,0.016728250000000004,0.37827175
KXMAMDANIMENTION-26MAY29-NYPD,Mentions,"(0.7, 0.8]",-1,0.78,1.0,-0.595,0.01686825,-0.61186825
KXWTACHALLENGERMATCH-26JUN02ANDAVA-AVA,Sports,"(0.5, 0.6]",-1,0.5598,0.0,0.0998,0.0062887972,0.0935112028
KXTRUMPSAY-26JUN08-NEWS,Mentions,"(0.8, 0.9]",-1,0.81,1.0,-0.6099999999999999,0.016653000000000005,-0.6266529999999999
KXTRUMPSAY-26JUN08-TRAN,Mentions,"(0.6, 0.7]",-1,0.6216,1.0,-0.7784,0.012074540800000002,-0.7904745408
KXTRUMPSAYMONTH-26JUL01-COGN,Mentions,"(0.7, 0.8]",-1,0.7056,1.0,-0.7243999999999999,0.013975124800000004,-0.7383751247999999
KXCS2GAME-26JUN020930GGBB-BB,Sports,"(0.7, 0.8]",-1,0.73,1.0,-0.74,0.013468000000000003,-0.753468
KXUSDBRLMAX-26DEC31-T5.2499,Financials,"(0.9, 1.0]",-1,0.99,1.0,-0.505,0.017498250000000003,-0.52249825
KXINXU-26JUN02H1100-T7564.9999,Financials,"(0.9, 1.0]",-1,0.92,1.0,-0.17999999999999994,0.010331999999999997,-0.19033199999999995
KXINXU-26JUN02H1200-T7589.9999,Financials,"(0.9, 1.0]",-1,0.98,1.0,-0.04500000000000004,0.0030082500000000027,-0.048008250000000044
KXEARNINGSMENTIONVSCO-26JUN02-TICK,Mentions,"(0.4, 0.5]",-1,0.49,1.0,-0.6900000000000001,0.014973,-0.7049730000000001
KXEARNINGSMENTIONVSCO-26JUN02-HEAD,Mentions,"(0.6, 0.7]",-1,0.67,1.0,-0.51,0.017493,-0.527493
KXEARNINGSMENTIONVSCO-26JUN02-FRAG,Mentions,"(0.7, 0.8]",-1,0.8,1.0,-0.22499999999999992,0.01220625,-0.23720624999999992
KXEARNINGSMENTIONVSCO-26JUN02-DREA,Mentions,"(0.3, 0.4]",-1,0.3246,0.0,0.2046,0.0113917188,0.1932082812
KXEARNINGSMENTIONVSCO-26JUN02-AI,Mentions,"(0.3, 0.4]",-1,0.33,0.0,0.21000000000000008,0.011613000000000005,0.19838700000000006
KXPERSONMENTION-26JUN02-TRUM,Mentions,"(0.8, 0.9]",-1,0.85,1.0,-0.5700000000000001,0.017157,-0.587157
KXPERSONMENTION-26JUN02-KAMA,Mentions,"(0.6, 0.7]",-1,0.6865,1.0,-0.5635,0.0172177425,-0.5807177425
KXPERSONMENTION-26JUN02-REPU,Mentions,"(0.5, 0.6]",-1,0.58,0.0,0.15999999999999992,0.009407999999999998,0.15059199999999992
KXPERSONMENTION-26JUN02-NQE,Mentions,"(-0.001, 0.1]",1,0.02,0.0,-0.025,0.0017062500000000003,-0.02670625
KXINXU-26JUN02H1300-T7594.9999,Financials,"(0.9, 1.0]",-1,0.93,1.0,-0.09499999999999992,0.006018249999999995,-0.1010182499999999
KXINXU-26JUN02H1400-T7599.9999,Financials,"(0.9, 1.0]",-1,0.95,1.0,-0.07500000000000001,0.004856250000000001,-0.07985625000000002
KXINTLFRIENDLYTOTAL-26JUN02CROBEL-2,Sports,"(0.5, 0.6]",-1,0.55,0.0,0.51,0.017493,0.49250700000000003
KXRUBIOMENTION-26JUN02-CEAS,Mentions,"(0.6, 0.7]",-1,0.61,1.0,-0.56,0.017248,-0.5772480000000001
KXRUBIOMENTION-26JUN02-CHIN,Mentions,"(0.7, 0.8]",-1,0.75,1.0,-0.39499999999999996,0.01672825,-0.41172824999999996
KXRUBIOMENTION-26JUN02-EMBA,Mentions,"(0.3, 0.4]",-1,0.4,1.0,-0.79,0.011613,-0.801613
KXRUBIOMENTION-26JUN02-ISRA,Mentions,"(0.8, 0.9]",-1,0.82,1.0,-0.28,0.014112000000000001,-0.29411200000000004
KXDROZMENTION-26JUN02-CALI,Mentions,"(0.8, 0.9]",-1,0.85,1.0,-0.605,0.016728250000000004,-0.62172825
KXDROZMENTION-26JUN02-AFFO,Mentions,"(0.8, 0.9]",-1,0.81,1.0,-0.645,0.01602825,-0.66102825
KXDROZMENTION-26JUN02-TRUMR,Mentions,"(0.8, 0.9]",-1,0.82,1.0,-0.635,0.016224250000000003,-0.6512242500000001
KXDROZMENTION-26JUN02-CHRO,Mentions,"(0.7, 0.8]",-1,0.72,0.0,0.385,0.016574250000000002,0.36842575
KXDROZMENTION-26JUN02-MENT,Mentions,"(0.8, 0.9]",-1,0.81,0.0,0.355,0.01602825,0.33897174999999996
KXINXMAXMM-30JUN2026-7610,Financials,"(0.9, 1.0]",-1,0.99,1.0,-0.505,0.017498250000000003,-0.52249825
KXACBGAME-26JUN021300FCBMUR-FCB,Sports,"(0.9, 1.0]",-1,0.97,1.0,-0.505,0.017498250000000003,-0.52249825
KXINXU-26JUN02H1600-T7474.9999,Financials,"(0.9, 1.0]",-1,0.99,1.0,-0.025000000000000022,0.0017062500000000016,-0.026706250000000025
KXNASDAQ100U-26JUN02H1600-T30099.99,Financials,"(0.9, 1.0]",-1,0.93,1.0,-0.09499999999999997,0.006018249999999999,-0.10101824999999998
KXHEARINGMENTION-26JUN02-SOMA,Mentions,"(0.3, 0.4]",-1,0.3464,0.0,-0.10359999999999991,0.0006930000000000006,-0.10429299999999991
KXHEARINGMENTION-26JUN02-AMER,Mentions,"(0.3, 0.4]",-1,0.35,0.0,-0.10000000000000009,0.0006930000000000006,-0.10069300000000009
KXATPMENTION-26JUN02JODZVE-TOP,Mentions,"(0.8, 0.9]",-1,0.82,1.0,-0.67,0.015477,-0.685477
KXHEARINGMENTION-26JUN02-FRAU,Mentions,"(0.6, 0.7]",-1,0.62,0.0,0.29499999999999993,0.01455825,0.28044174999999993
KXHEARINGMENTION-26JUN02-BODY,Mentions,"(0.4, 0.5]",-1,0.5,0.0,0.050000000000000044,0.0033250000000000033,0.04667500000000004
KXHEARINGMENTION-26JUN02-ILLE,Mentions,"(0.5, 0.6]",-1,0.5492,0.0,0.09919999999999995,0.006255155199999998,0.09294484479999995
KXATPMENTION-26JUN02MENFON-TOP,Mentions,"(0.8, 0.9]",-1,0.81,1.0,-0.645,0.01602825,-0.66102825
KXPOLITICSMENTION-26JUN02-FENT,Mentions,"(0.5, 0.6]",-1,0.5067,1.0,-0.9433,0.0037439576999999985,-0.9470439577
KXPOLITICSMENTION-26JUN02-EPST,Mentions,"(0.4, 0.5]",-1,0.43,1.0,-1.02,0.0006930000000000006,-1.020693
KXPOLITICSMENTION-26JUN02-IRAN,Mentions,"(0.5, 0.6]",-1,0.5094,0.0,0.0593999999999999,0.003911014799999994,0.0554889851999999
KXPOLITICSMENTION-26JUN02-PAM,Mentions,"(0.3, 0.4]",-1,0.3376,0.0,-0.11240000000000006,0.0006930000000000006,-0.11309300000000005
KXPOLITICSMENTION-26JUN02-NATI,Mentions,"(0.6, 0.7]",-1,0.6797,0.0,0.22970000000000002,0.012385653700000002,0.21731434630000002
KXTRUEV-26JUN02-T1219.05,Economics,"(0.9, 1.0]",-1,0.9218,1.0,-0.5732,0.017124923200000003,-0.5903249232000001
KXTRUEV-26JUN02-T1249.05,Economics,"(0.9, 1.0]",-1,0.97,1.0,-0.525,0.017456250000000003,-0.54245625
KXTRUEV-26JUN02-T1259.05,Economics,"(0.8, 0.9]",-1,0.9,1.0,-0.595,0.01686825,-0.61186825
KXTRUFTSA-26JUN02-T3120000,Economics,"(-0.001, 0.1]",1,0.02,0.0,-0.515,0.017484250000000003,-0.53248425
KXTRUFTSA-26JUN02-T2220000,Economics,"(0.9, 1.0]",-1,0.93,0.0,0.4600000000000001,0.017388000000000004,0.44261200000000006
KXTRUFGAS-26JUN02-T4.40,Economics,"(0.9, 1.0]",-1,0.92,0.0,0.42500000000000004,0.017106250000000003,0.40789375000000005
KXTRUFTSA-26JUN02-T2920000,Economics,"(-0.001, 0.1]",1,0.02,0.0,-0.515,0.017484250000000003,-0.53248425
KXTRUFTSA-26JUN02-T2820000,Economics,"(-0.001, 0.1]",1,0.01,0.0,-0.505,0.017498250000000003,-0.52249825
KXTRUFTSA-26JUN02-T2520000,Economics,"(-0.001, 0.1]",1,0.02,0.0,-0.515,0.017484250000000003,-0.53248425
KXTRUFTSA-26JUN02-T2620000,Economics,"(-0.001, 0.1]",1,0.01,0.0,-0.505,0.017498250000000003,-0.52249825
KXBTC-26JUN0220-B67450,Crypto,"(0.2, 0.3]",-1,0.3,0.0,0.15000000000000002,0.008925000000000002,0.141075
KXEARNINGSMENTIONULTA-26JUN02-UNCE,Mentions,"(0.8, 0.9]",-1,0.85,1.0,-0.175,0.01010625,-0.18510625
KXEARNINGSMENTIONULTA-26JUN02-AI,Mentions,"(0.6, 0.7]",-1,0.69,1.0,-0.43000000000000005,0.017157000000000002,-0.447157
KXEARNINGSMENTIONULTA-26JUN02-GOOG,Mentions,"(0.6, 0.7]",-1,0.63,1.0,-0.6,0.016800000000000002,-0.6168
KXEARNINGSMENTIONULTA-26JUN02-REWA,Mentions,"(0.4, 0.5]",-1,0.47,1.0,-0.64,0.016128000000000003,-0.656128
KXNBAFINALSPRICE-26JUNGAME1-700,Financials,"(0.9, 1.0]",-1,0.98,0.0,0.49,0.017493,0.472507
KXNBAFINALSPRICE-26JUNGAME1-600,Financials,"(0.9, 1.0]",-1,0.98,1.0,-0.51,0.017493,-0.527493
KXMLBF5TOTAL-26JUN021910KCCIN-5,Sports,"(0.5, 0.6]",-1,0.52,0.0,0.040000000000000036,0.002688000000000003,0.03731200000000003
KXMLBF5-26JUN021905CLENYY-NYY,Sports,"(0.5, 0.6]",-1,0.6,0.0,0.12,0.007392000000000001,0.112608
KXMLBF5TOTAL-26JUN021905CLENYY-2,Sports,"(0.8, 0.9]",-1,0.81,1.0,-0.6799999999999999,0.015232000000000004,-0.695232
KXMLBTEAMTOTAL-26JUN021840DETTB-DET4,Sports,"(0.5, 0.6]",-1,0.5587,1.0,-0.9313,0.0044786217,-0.9357786217
KXMLBF5TOTAL-26JUN021940CWSMIN-1,Sports,"(0.9, 1.0]",-1,0.94,1.0,-0.555,0.01728825,-0.57228825
KXMLBHR-26JUN021840SDPHI-PHITTURNER7-1,Sports,"(0.1, 0.2]",1,0.13,0.0,-0.265,0.013634250000000002,-0.27863425
KXMLBHR-26JUN021840SDPHI-SDFTATIS23-1,Sports,"(0.1, 0.2]",1,0.15,0.0,-0.635,0.016224250000000003,-0.6512242500000001
KXMLBTOTAL-26JUN021845MIAWSH-13,Sports,"(0.2, 0.3]",-1,0.25,0.0,0.10999999999999999,0.006853,0.10314699999999999
KXBTCD-26JUN0222-T66999.99,Crypto,"(0.2, 0.3]",-1,0.2841,0.0,0.2791,0.0140842233,0.26501577670000004
KXPERSONMENTION-26JUN02C-PHAN,Mentions,"(0.5, 0.6]",-1,0.52,1.0,-0.8999999999999999,0.006300000000000005,-0.9062999999999999
KXPERSONMENTION-26JUN02C-WOLV,Mentions,"(0.8, 0.9]",-1,0.83,1.0,-0.5900000000000001,0.016933,-0.6069330000000001
KXPERSONMENTION-26JUN02C-NQE,Mentions,"(-0.001, 0.1]",1,0.02,0.0,-0.44,0.017248000000000003,-0.457248
KXPERSONMENTION-26JUN02C-XBOX,Mentions,"(-0.001, 0.1]",1,0.08,0.0,-0.5,0.0175,-0.5175
KXPERSONMENTION-26JUN02C-JOHN,Mentions,"(0.4, 0.5]",-1,0.42,0.0,0.0,0.0006930000000000006,-0.0006930000000000006
KXPSAKIMENTION-26JUN02-NQE,Mentions,"(-0.001, 0.1]",1,0.01,0.0,-0.43,0.017157000000000002,-0.44715699999999997
KXMLBKS-26JUN021940CWSMIN-CWSDMARTIN65-8,Sports,"(0.1, 0.2]",1,0.2,0.0,-0.31,0.014972999999999998,-0.324973
KXMLBKS-26JUN021905CLENYY-CLEJCANTILLO54-4,Sports,"(0.7, 0.8]",-1,0.72,1.0,-0.77,0.012397,-0.782397
KXMLBKS-26JUN021940SFMIL-MILKHARRISON52-5,Sports,"(0.7, 0.8]",-1,0.75,1.0,-0.65,0.015925,-0.665925
KXMLBHR-26JUN021940SFMIL-MILGMITCHELL5-1,Sports,"(0.1, 0.2]",1,0.11,0.0,-0.165,0.00964425,-0.17464425
KXTRUMPENDORSEMENTS-26JUN06-A3,Politics,"(0.9, 1.0]",-1,0.92,1.0,-0.11999999999999994,0.0073919999999999975,-0.12739199999999995
KXTRUMPENDORSEMENTS-26JUN06-A5,Politics,"(0.8, 0.9]",-1,0.87,1.0,-0.16999999999999998,0.009877000000000002,-0.17987699999999998
KXTRUMPENDORSEMENTS-26JUN06-A10,Politics,"(0.8, 0.9]",-1,0.81,1.0,-0.22999999999999993,0.012396999999999997,-0.24239699999999992
KXMLBHRR-26JUN021945TEXSTL-TEXJJUNG6-2,Sports,"(0.5, 0.6]",-1,0.56,1.0,-0.9299999999999999,0.004557000000000005,-0.934557
KXMLBHRR-26JUN022005ATHCHC-ATHNKURTZ16-1,Sports,"(0.7, 0.8]",-1,0.71,1.0,-0.785,0.01181425,-0.7968142500000001
KXNHLSPREAD-26JUN02VGKCAR-VGK1,Sports,"(0.2, 0.3]",-1,0.25,0.0,0.14500000000000002,0.008678250000000002,0.13632175000000002
KXNHLPTS-26JUN02VGKCAR-VGKPDOROFEYEV16-1,Sports,"(0.5, 0.6]",-1,0.515,0.0,0.03500000000000003,0.002364250000000002,0.032635750000000026
KXAAAGASD-26JUN03-4.265,Economics,"(0.4, 0.5]",-1,0.49,0.0,-0.004999999999999893,0.0006930000000000006,-0.005692999999999894
KXAAAGASD-26JUN03-4.210,Economics,"(0.9, 1.0]",-1,0.98,1.0,-0.14500000000000002,0.008678250000000002,-0.15367825000000002
KXAAAGASD-26JUN03-4.270,Economics,"(0.9, 1.0]",-1,0.95,0.0,0.45499999999999996,0.01735825,0.43764174999999994
KXAAAGASD-26JUN03-4.220,Economics,"(0.9, 1.0]",-1,0.98,1.0,-0.515,0.017484250000000003,-0.53248425
KXAAAGASD-26JUN03-4.240,Economics,"(0.9, 1.0]",-1,0.99,1.0,-0.505,0.017498250000000003,-0.52249825
KXAAAGASD-26JUN03-4.235,Economics,"(0.9, 1.0]",-1,0.99,1.0,-0.505,0.017498250000000003,-0.52249825
KXAAAGASD-26JUN03-4.230,Economics,"(0.9, 1.0]",-1,0.99,1.0,-0.505,0.017498250000000003,-0.52249825
KXAAAGASD-26JUN03-4.225,Economics,"(0.9, 1.0]",-1,0.98,1.0,-0.515,0.017484250000000003,-0.53248425
KXAAAGASD-26JUN03-4.215,Economics,"(0.9, 1.0]",-1,0.98,1.0,-0.515,0.017484250000000003,-0.53248425
KXNHLMENTION-26JUN02VGKCAR-BUZZ,Mentions,"(0.2, 0.3]",-1,0.29,0.0,-0.14500000000000002,0.0006930000000000006,-0.14569300000000002
KXNHLMENTION-26JUN02VGKCAR-SLAP,Mentions,"(0.6, 0.7]",-1,0.64,0.0,0.20500000000000007,0.011408250000000003,0.19359175000000006
KXNHLMENTION-26JUN02VGKCAR-GLAS,Mentions,"(0.9, 1.0]",-1,0.908,1.0,-0.5269999999999999,0.01744897,-0.5444489699999999
KXNHLMENTION-26JUN02VGKCAR-CROS,Mentions,"(0.9, 1.0]",-1,0.9511,1.0,-0.12890000000000007,0.007859935300000004,-0.13675993530000008
KXNHLMENTION-26JUN02VGKCAR-SHOO,Mentions,"(0.2, 0.3]",-1,0.23,0.0,-0.20500000000000007,0.0006930000000000006,-0.20569300000000007
KXNHLMENTION-26JUN02VGKCAR-SHUT,Mentions,"(0.5, 0.6]",-1,0.6,0.0,0.16500000000000004,0.009644250000000002,0.15535575000000004
KXNHLMENTION-26JUN02VGKCAR-NQE,Mentions,"(-0.001, 0.1]",1,0.0104,0.0,-0.060399999999999995,0.0039726288,-0.0643726288
KXMLBTOTAL-26JUN022140NYMSEA-5,Sports,"(0.7, 0.8]",-1,0.79,1.0,-0.6849999999999999,0.015104250000000003,-0.70010425
KXMLBHR-26JUN022140NYMSEA-SEACEMERSON85-1,Sports,"(0.1, 0.2]",1,0.12,0.0,-0.18,0.010332000000000001,-0.190332
KXMLBHIT-26JUN022138COLLAA-COLETOVAR14-1,Sports,"(0.5, 0.6]",-1,0.5999,0.0,0.3399,0.0157057593,0.32419424069999997
KXDOGE15M-26JUN030300-00,Crypto,"(0.2, 0.3]",-1,0.2729,0.0,0.2428999999999999,0.012872971299999997,0.23002702869999989
KXBTCD-26JUN0304-T67099.99,Crypto,"(0.2, 0.3]",-1,0.2265,1.0,-0.7785,0.012070642500000003,-0.7905706425
KXLOVEISLMENTION-26JUN02-DRAM,Mentions,"(0.5, 0.6]",-1,0.56,0.0,0.30000000000000004,0.014700000000000003,0.28530000000000005
KXLOVEISLMENTION-26JUN02-EX,Mentions,"(0.6, 0.7]",-1,0.64,1.0,-0.855,0.008678250000000002,-0.86367825
KXSTARMERMENTIONB-26JUN03-UKRA,Mentions,"(0.8, 0.9]",-1,0.82,0.0,0.3699999999999999,0.016317,0.35368299999999986
KXSTARMERMENTIONB-26JUN03-RESI,Mentions,"(0.8, 0.9]",-1,0.82,0.0,0.3699999999999999,0.016317,0.35368299999999986
KXSTARMERMENTIONB-26JUN03-AFFO,Mentions,"(0.8, 0.9]",-1,0.82,1.0,-0.6300000000000001,0.016317,-0.6463170000000001
KXSTARMERMENTIONB-26JUN03-EPST,Mentions,"(0.3, 0.4]",-1,0.38,0.0,-0.07000000000000006,0.0006930000000000006,-0.07069300000000006
KXLOVEISLMENTION-26JUN02-IG,Mentions,"(0.4, 0.5]",-1,0.5,0.0,0.10000000000000009,0.006300000000000005,0.09370000000000009
KXSTARMERMENTIONB-26JUN03-IRAN,Mentions,"(0.7, 0.8]",-1,0.73,0.0,0.28,0.014112000000000001,0.265888
KXMLBMENTION-26JUN02SDPHI-DOUB,Mentions,"(0.8, 0.9]",-1,0.9,1.0,-0.53,0.017437,-0.5474370000000001
KXMLBMENTION-26JUN02SDPHI-PITC,Mentions,"(0.3, 0.4]",-1,0.4,0.0,-0.03499999999999992,0.0006930000000000006,-0.03569299999999992
KXMLBMENTION-26JUN02SDPHI-WILD,Mentions,"(0.6, 0.7]",-1,0.68,0.0,0.24,0.012768,0.227232
KXMLBMENTION-26JUN02SDPHI-BULL,Mentions,"(0.8, 0.9]",-1,0.9,1.0,-0.13999999999999996,0.008428,-0.14842799999999995
KXMLBMENTION-26JUN02SDPHI-CITI,Mentions,"(0.8, 0.9]",-1,0.82,1.0,-0.6200000000000001,0.016492,-0.6364920000000001
KXWTACHALLENGERMATCH-26JUN02KRUSAK-KRU,Sports,"(0.7, 0.8]",-1,0.74,1.0,-0.72,0.014112000000000001,-0.734112
KXUSISMSERV-26JUN03-T56.0,Economics,"(-0.001, 0.1]",1,0.01,0.0,-0.505,0.017498250000000003,-0.52249825
KXUSISMSERV-26JUN03-T56.5,Economics,"(-0.001, 0.1]",1,0.01,0.0,-0.505,0.017498250000000003,-0.52249825
KXUSISMSERV-26JUN03-T55.5,Economics,"(-0.001, 0.1]",1,0.01,0.0,-0.505,0.017498250000000003,-0.52249825
KXUSISMSERV-26JUN03-T52.0,Economics,"(0.4, 0.5]",-1,0.4958,1.0,-0.9992,0.0006930000000000006,-0.999893
KXLOLGAME-26JUN030700NEWUWI-NEW,Sports,"(0.1, 0.2]",1,0.12,0.0,-0.495,0.01749825,-0.51249825
KXCS2GAME-26JUN030930THUBIG-BIG,Sports,"(0.7, 0.8]",-1,0.76,1.0,-0.71,0.014413000000000002,-0.724413
KXUE-RUS26MAY-2.3,Economics,"(0.4, 0.5]",-1,0.49,0.0,0.0,0.0006930000000000006,-0.0006930000000000006
KXUE-RUS26MAY-2.4,Economics,"(0.4, 0.5]",-1,0.49,0.0,0.0,0.0006930000000000006,-0.0006930000000000006
KXUE-RUS26MAY-2.5,Economics,"(0.4, 0.5]",-1,0.49,0.0,0.0,0.0006930000000000006,-0.0006930000000000006
KXUE-RUS26MAY-2.2,Economics,"(0.4, 0.5]",-1,0.49,0.0,0.0,0.0006930000000000006,-0.0006930000000000006
KXHEARINGMENTION-26JUN03C-NQE,Mentions,"(-0.001, 0.1]",1,0.02,0.0,-0.51,0.017493,-0.527493
KXHEARINGMENTION-26JUN03C-DEI,Mentions,"(0.5, 0.6]",-1,0.5494,0.0,0.05940000000000001,0.003911014800000001,0.05548898520000001
KXHEARINGMENTION-26JUN03C-MENT,Mentions,"(0.7, 0.8]",-1,0.79,1.0,-0.7,0.014700000000000003,-0.7147
KXHEARINGMENTION-26JUN03C-DYSP,Mentions,"(0.7, 0.8]",-1,0.78,1.0,-0.7,0.014700000000000003,-0.7147
KXHEARINGMENTION-26JUN03C-EXPE,Mentions,"(0.7, 0.8]",-1,0.79,1.0,-0.7,0.014700000000000003,-0.7147
KXHEARINGMENTION-26JUN03-MUTI,Mentions,"(0.5, 0.6]",-1,0.58,0.0,0.125,0.007656250000000001,0.11734375
KXHEARINGMENTION-26JUN03-IRRE,Mentions,"(0.6, 0.7]",-1,0.69,1.0,-0.7650000000000001,0.012584249999999996,-0.7775842500000001
KXHEARINGMENTION-26JUN03C-NONB,Mentions,"(0.5, 0.6]",-1,0.5671,0.0,0.07710000000000006,0.004980891300000004,0.07211910870000006
KXJETFUEL-26JUN03-T4.10,Economics,"(-0.001, 0.1]",1,0.08,0.0,-0.13,0.007917,-0.137917
KXJETFUEL-26JUN03-T4.30,Economics,"(-0.001, 0.1]",1,0.07,0.0,-0.11000000000000001,0.0068530000000000015,-0.11685300000000001
KXBESSENTMTPMENTION-26JUN03-NQE,Mentions,"(-0.001, 0.1]",1,0.02,0.0,-0.47500000000000003,0.017456250000000003,-0.49245625000000004
KXBESSENTMTPMENTION-26JUN03-CRYP,Mentions,"(0.4, 0.5]",-1,0.45,1.0,-1.0050000000000001,0.0006930000000000006,-1.0056930000000002
KXBESSENTMTPMENTION-26JUN03-OIL,Mentions,"(0.7, 0.8]",-1,0.74,1.0,-0.7150000000000001,0.01426425,-0.7292642500000001
KXBESSENTMTPMENTION-26JUN03-GDP,Mentions,"(0.7, 0.8]",-1,0.753,1.0,-0.702,0.014643720000000002,-0.71664372
KXBESSENTMTPMENTION-26JUN03-STOC,Mentions,"(0.8, 0.9]",-1,0.82,0.0,0.365,0.016224250000000003,0.34877575
KXBESSENTMTPMENTION-26JUN03-AI,Mentions,"(0.5, 0.6]",-1,0.5988,0.0,0.14379999999999993,0.008618509199999997,0.13518149079999994
KXHEARINGMENTION-26JUN03-KRIS,Mentions,"(0.2, 0.3]",-1,0.285,1.0,-1.205,0.0006930000000000006,-1.2056930000000001
KXHEARINGMENTION-26JUN03-AMER,Mentions,"(0.2, 0.3]",-1,0.2465,0.0,-0.24350000000000005,0.0006930000000000006,-0.24419300000000005
KXHEARINGMENTION-26JUN03-NATI,Mentions,"(0.3, 0.4]",-1,0.3953,0.0,-0.0947,0.0006930000000000006,-0.095393
KXEARNINGSMENTIONM-26JUN03-MARK,Mentions,"(0.8, 0.9]",-1,0.8773,1.0,-0.12770000000000004,0.007797489700000002,-0.13549748970000003
KXEARNINGSMENTIONM-26JUN03-HEAD,Mentions,"(0.5, 0.6]",-1,0.5934,1.0,-0.5166,0.0174807108,-0.5340807108
KXEARNINGSMENTIONM-26JUN03-FRAG,Mentions,"(0.7, 0.8]",-1,0.7621,1.0,-0.2829,0.014200731300000002,-0.2971007313
KXEARNINGSMENTIONM-26JUN03-DIVI,Mentions,"(0.8, 0.9]",-1,0.85,1.0,-0.18,0.010332000000000001,-0.190332
KXEARNINGSMENTIONM-26JUN03-CHIN,Mentions,"(0.7, 0.8]",-1,0.7109,1.0,-0.36910000000000004,0.016300563300000005,-0.38540056330000005
KXEARNINGSMENTIONM-26JUN03-TARI,Mentions,"(0.7, 0.8]",-1,0.75,1.0,-0.305,0.014838250000000002,-0.31983825
KXEARNINGSMENTIONM-26JUN03-BACK,Mentions,"(0.6, 0.7]",-1,0.6795,1.0,-0.4255,0.0171114825,-0.4426114825
KXEARNINGSMENTIONM-26JUN03-AUTO,Mentions,"(0.4, 0.5]",-1,0.48,1.0,-0.63,0.016317,-0.646317
KXNETANYAHUMENTION-26JUN03-TERR,Mentions,"(0.3, 0.4]",-1,0.3976,1.0,-1.0524,0.0006930000000000006,-1.053093
KXNETANYAHUMENTION-26JUN03-TRUM,Mentions,"(0.8, 0.9]",-1,0.834,1.0,-0.6160000000000001,0.01655808,-0.6325580800000001
KXNETANYAHUMENTION-26JUN03-DRON,Mentions,"(0.3, 0.4]",-1,0.3941,1.0,-1.0559,0.0006930000000000006,-1.0565930000000001
KXNETANYAHUMENTION-26JUN03-GAZA,Mentions,"(0.6, 0.7]",-1,0.62,1.0,-0.8300000000000001,0.009876999999999999,-0.8398770000000001
KXNETANYAHUMENTION-26JUN03-HORM,Mentions,"(0.3, 0.4]",-1,0.39,0.0,-0.06000000000000005,0.0006930000000000006,-0.06069300000000005
KXRUBIOMENTION-26JUN03-UKRA,Mentions,"(0.7, 0.8]",-1,0.72,1.0,-0.7250000000000001,0.013956249999999998,-0.7389562500000001
KXRUBIOMENTION-26JUN03-NATO,Mentions,"(0.5, 0.6]",-1,0.53,1.0,-0.915,0.005444249999999999,-0.9204442500000001
KXRUBIOMENTION-26JUN03-CHIN,Mentions,"(0.8, 0.9]",-1,0.82,1.0,-0.625,0.01640625,-0.64140625
KXINXU-26JUN03H1500-T7554.9999,Financials,"(0.9, 1.0]",-1,0.95,1.0,-0.07500000000000001,0.004856250000000001,-0.07985625000000002
KXRUBIOMENTION-26JUN03-TRUM,Mentions,"(0.5, 0.6]",-1,0.5928,0.0,0.14779999999999993,0.008816861199999998,0.13898313879999993
KXRUBIOMENTION-26JUN03-TARI,Mentions,"(0.4, 0.5]",-1,0.4936,0.0,0.04859999999999998,0.0032366627999999985,0.04536333719999998
KXRUBIOMENTION-26JUN03-FRAU,Mentions,"(0.4, 0.5]",-1,0.4067,0.0,-0.0383,0.0006930000000000006,-0.038993
KXINXU-26JUN03H1600-T7524.9999,Financials,"(0.9, 1.0]",-1,0.95,1.0,-0.06500000000000006,0.004254250000000004,-0.06925425000000006
KXMLBHIT-26JUN031340CWSMIN-MINTLARNACH9-1,Sports,"(0.5, 0.6]",-1,0.59,0.0,0.5449999999999999,0.017358250000000002,0.5276417499999999
KXATPMENTION-26JUN03BERARN-JANN,Mentions,"(0.8, 0.9]",-1,0.85,1.0,-0.605,0.016728250000000004,-0.62172825
KXMLBPITCHEROTM-26MAYAL-JSORIANO59,Sports,"(0.1, 0.2]",1,0.15,0.0,-0.64,0.016128000000000003,-0.656128
KXMLBHIT-26JUN031540NYMSEA-SEAJCRAWFORD3-1,Sports,"(0.5, 0.6]",-1,0.6,1.0,-0.45000000000000007,0.017325,-0.46732500000000005
KXEARNINGSMENTIONAVGO-26JUN03-OPTI,Mentions,"(0.3, 0.4]",-1,0.3493,1.0,-1.0707,0.0006930000000000006,-1.071393
KXEARNINGSMENTIONAVGO-26JUN03-QUAN,Mentions,"(0.2, 0.3]",-1,0.27,0.0,-0.1499999999999999,0.0006930000000000006,-0.1506929999999999
KXEARNINGSMENTIONCRWD-26JUN03-CHIN,Mentions,"(0.2, 0.3]",-1,0.24,0.0,0.235,0.012584250000000002,0.22241575
KXEARNINGSMENTIONCRWD-26JUN03-GEN,Mentions,"(0.4, 0.5]",-1,0.47,0.0,0.355,0.01602825,0.33897174999999996
KXEARNINGSMENTIONCRWD-26JUN03-AWS,Mentions,"(0.7, 0.8]",-1,0.7419,1.0,-0.3181,0.0151838673,-0.3332838673
KXEARNINGSMENTIONCRWD-26JUN03-CLAU,Mentions,"(0.6, 0.7]",-1,0.649,1.0,-0.7709999999999999,0.012359130000000005,-0.7833591299999999
KXEARNINGSMENTIONCRWD-26JUN03-CONS,Mentions,"(0.8, 0.9]",-1,0.85,1.0,-0.175,0.01010625,-0.18510625
KXEARNINGSMENTIONCRWD-26JUN03-SHAD,Mentions,"(0.3, 0.4]",-1,0.34,1.0,-0.7749999999999999,0.012206250000000005,-0.7872062499999999
KXRUBIOMENTION-26JUN02B-AI,Mentions,"(0.4, 0.5]",-1,0.4047,1.0,-1.0403,0.0006930000000000006,-1.040993
KXRUBIOMENTION-26JUN02B-BOAR,Mentions,"(0.4, 0.5]",-1,0.4969,0.0,0.05190000000000006,0.0034444473000000034,0.04845555270000006
KXRUBIOMENTION-26JUN02B-OIL,Mentions,"(0.5, 0.6]",-1,0.5035,1.0,-0.9415,0.0038554425,-0.9453554425
KXRUBIOMENTION-26JUN02B-HORM,Mentions,"(0.4, 0.5]",-1,0.4979,1.0,-0.9471,0.003507111299999997,-0.9506071113000001
KXMLBF5SPREAD-26JUN031840SDPHI-SD3,Sports,"(0.1, 0.2]",1,0.16,0.0,-0.645,0.01602825,-0.66102825
KXTRUFTSA-26JUN03-T2270000,Economics,"(0.9, 1.0]",-1,0.99,1.0,-0.41000000000000003,0.016933,-0.426933
KXTRUEV-26JUN03-T1231.01,Economics,"(0.9, 1.0]",-1,0.99,1.0,-0.505,0.017498250000000003,-0.52249825
KXTRUEV-26JUN03-T1241.01,Economics,"(0.9, 1.0]",-1,0.99,1.0,-0.505,0.017498250000000003,-0.52249825
KXTRUEV-26JUN03-T1261.01,Economics,"(0.9, 1.0]",-1,0.92,1.0,-0.575,0.017106250000000003,-0.59210625
KXTRUEV-26JUN03-T1271.01,Economics,"(0.8, 0.9]",-1,0.89,0.0,0.395,0.016728250000000004,0.37827175
KXTRUEV-26JUN03-T1281.01,Economics,"(0.9, 1.0]",-1,0.91,0.0,0.41500000000000004,0.016994250000000002,0.39800575000000005
KXTRUEV-26JUN03-T1301.01,Economics,"(0.4, 0.5]",-1,0.5,0.0,0.0050000000000000044,0.0006930000000000006,0.0043070000000000035
KXTRUEV-26JUN03-T1331.01,Economics,"(-0.001, 0.1]",1,0.05,0.0,-0.545,0.01735825,-0.5623582500000001
KXTRUEV-26JUN03-T1321.01,Economics,"(-0.001, 0.1]",1,0.1,0.0,-0.595,0.01686825,-0.61186825
KXTRUEV-26JUN03-T1341.01,Economics,"(-0.001, 0.1]",1,0.07,0.0,-0.565,0.017204250000000004,-0.58220425
KXTRUFTSA-26JUN03-T2570000,Economics,"(-0.001, 0.1]",1,0.01,0.0,-0.46,0.017388000000000004,-0.47738800000000003
KXTRUEV-26JUN03-T1251.01,Economics,"(0.9, 1.0]",-1,0.95,1.0,-0.545,0.01735825,-0.5623582500000001
KXTRUFEGGS-26JUN03-T2.63,Economics,"(-0.001, 0.1]",1,0.01,1.0,0.495,0.017498250000000003,0.47750175
KXRUBIOMENTION-26JUN02B-NATO,Mentions,"(0.4, 0.5]",-1,0.46,1.0,-0.9850000000000001,0.0010342499999999935,-0.9860342500000001
KXRUBIOMENTION-26JUN02B-TRUM,Mentions,"(0.2, 0.3]",-1,0.2474,0.0,-0.1976,0.0006930000000000006,-0.198293
KXHYPE15M-26JUN032100-00,Crypto,"(0.2, 0.3]",-1,0.2356,0.0,0.23060000000000003,0.012419654800000002,0.21818034520000001
KXAUTRADEBAL-26JUN03-T0.0,Economics,"(0.4, 0.5]",-1,0.46,1.0,-1.0350000000000001,0.0006930000000000006,-1.0356930000000002
KXAUTRADEBAL-26JUN03-T0.5,Economics,"(0.4, 0.5]",-1,0.42,1.0,-1.0750000000000002,0.0006930000000000006,-1.0756930000000002
KXNBARETURN-26JUNNYKMROBINSON23-614,Sports,"(0.7, 0.8]",-1,0.71,1.0,-0.78,0.012012,-0.792012
KXMLBKS-26JUN031915TORATL-ATLGHOLMES66-7,Sports,"(0.2, 0.3]",-1,0.21,0.0,-0.28500000000000014,0.0006930000000000006,-0.28569300000000014
KXMLBHIT-26JUN031915TORATL-TORYPINANGO24-1,Sports,"(0.5, 0.6]",-1,0.58,1.0,-0.915,0.005444249999999999,-0.9204442500000001
KXMLBHRR-26JUN031840SDPHI-PHIBMARSH16-2,Sports,"(0.5, 0.6]",-1,0.52,1.0,-0.97,0.002037000000000002,-0.9720369999999999
KXMLBKS-26JUN031905CLENYY-CLEGWILLIAMS32-7,Sports,"(0.5, 0.6]",-1,0.53,0.0,0.03500000000000003,0.002364250000000002,0.032635750000000026
KXMLBKS-26JUN031905CLENYY-NYYGCOLE45-8,Sports,"(0.1, 0.2]",1,0.2,0.0,-0.6950000000000001,0.014838249999999999,-0.7098382500000001
KXBTCD-26JUN0322-T63699.99,Crypto,"(0.2, 0.3]",-1,0.2109,0.0,0.20589999999999997,0.011445363299999999,0.19445463669999996
KXMLBHIT-26JUN031910KCCIN-KCMMASSEY19-1,Sports,"(0.5, 0.6]",-1,0.53,1.0,-0.5,0.0175,-0.5175
KXMLBHIT-26JUN031940SFMIL-SFDSUSAC6-1,Sports,"(0.5, 0.6]",-1,0.55,1.0,-0.94,0.003948000000000004,-0.9439479999999999
KXMLBHIT-26JUN031905CLENYY-NYYJCHISHOLM13-2,Sports,"(0.1, 0.2]",1,0.19,0.0,-0.28500000000000003,0.014264250000000001,-0.29926425
KXNBA2QTOTAL-26JUN03NYKSAS-9,Sports,"(0.9, 1.0]",-1,0.98,1.0,-0.515,0.017484250000000003,-0.53248425
KXNBASTL-26JUN03NYKSAS-SASDVASSELL24-1,Sports,"(0.7, 0.8]",-1,0.74,0.0,0.595,0.01686825,0.5781317499999999
KXAAAGASD-26JUN04-4.270,Economics,"(-0.001, 0.1]",1,0.07,0.0,-0.22,0.012012000000000002,-0.232012
KXAAAGASD-26JUN04-4.240,Economics,"(0.8, 0.9]",-1,0.85,1.0,-0.645,0.01602825,-0.66102825
KXAAAGASD-26JUN04-4.235,Economics,"(0.9, 1.0]",-1,0.97,1.0,-0.405,0.01686825,-0.42186825000000006
KXAAAGASD-26JUN04-4.230,Economics,"(0.9, 1.0]",-1,0.9818,1.0,-0.36819999999999997,0.016284013200000003,-0.3844840132
KXAAAGASD-26JUN04-4.225,Economics,"(0.9, 1.0]",-1,0.9898,1.0,-0.2602,0.013474717200000002,-0.2736747172
KXAAAGASD-26JUN04-4.200,Economics,"(0.9, 1.0]",-1,0.91,1.0,-0.13999999999999996,0.008428,-0.14842799999999995
KXAAAGASD-26JUN04-4.210,Economics,"(0.8, 0.9]",-1,0.9,1.0,-0.15999999999999998,0.009408000000000001,-0.16940799999999998
KXAAAGASD-26JUN04-4.215,Economics,"(0.9, 1.0]",-1,0.99,1.0,-0.09500000000000003,0.006018250000000002,-0.10101825000000003
KXMLBHR-26JUN032010PITHOU-PITOCRUZ15-1,Sports,"(0.2, 0.3]",-1,0.21,0.0,0.09999999999999998,0.0063,0.09369999999999998
KXMLBKS-26JUN032010PITHOU-HOUSARRIGHETTI41-8,Sports,"(0.1, 0.2]",1,0.19,0.0,-0.6799999999999999,0.015232000000000004,-0.695232
KXMLBHIT-26JUN032138COLLAA-LAADWALTON35-1,Sports,"(0.5, 0.6]",-1,0.6,1.0,-0.7250000000000001,0.013956249999999998,-0.7389562500000001
KXMLBHR-26JUN032138COLLAA-LAAOPERAZA17-1,Sports,"(0.1, 0.2]",1,0.12,0.0,-0.19,0.010773000000000001,-0.200773
KXITFWMATCH-26JUN03BARSTE-STE,Sports,"(0.1, 0.2]",1,0.12,0.0,-0.615,0.016574250000000002,-0.63157425
KXCHCUTS-26JUN04-T100000,Economics,"(0.4, 0.5]",-1,0.5,0.0,0.405,0.01686825,0.38813175
KXCHCUTS-26JUN04-T110000,Economics,"(0.4, 0.5]",-1,0.5,0.0,0.43499999999999994,0.01720425,0.41779574999999997
KXCHCUTS-26JUN04-T80000,Economics,"(0.4, 0.5]",-1,0.5,1.0,-0.505,0.017498250000000003,-0.52249825
KXCHCUTS-26JUN04-T90000,Economics,"(0.4, 0.5]",-1,0.5,1.0,-0.595,0.01686825,-0.61186825
KXJOBLESSCLAIMS-26JUN04-220000,Economics,"(0.9, 1.0]",-1,0.9735,1.0,-0.4715,0.017443142499999998,-0.4889431425
KXJOBLESSCLAIMS-26JUN04-215000,Economics,"(0.9, 1.0]",-1,0.9751,1.0,-0.4949,0.017498179300000003,-0.5123981793
KXJOBLESSCLAIMS-26JUN04-210000,Economics,"(0.9, 1.0]",-1,0.9761,1.0,-0.4939,0.017497395300000003,-0.5113973953000001
KXLASTWORDMENTION-26JUN03-TRUM,Mentions,"(0.6, 0.7]",-1,0.65,1.0,-0.835,0.009644250000000002,-0.84464425
KXLOVEISLMENTION-26JUN03-FIJI,Mentions,"(0.5, 0.6]",-1,0.55,0.0,0.06500000000000006,0.0042542500000000046,0.06074575000000006
KXLOVEISLMENTION-26JUN03-PARA,Mentions,"(0.8, 0.9]",-1,0.85,0.0,0.36,0.016128000000000003,0.34387199999999996
KXLOVEISLMENTION-26JUN03-CASA,Mentions,"(0.8, 0.9]",-1,0.85,0.0,0.36,0.016128000000000003,0.34387199999999996
KXLOVEISLMENTION-26JUN03-DUMP,Mentions,"(0.5, 0.6]",-1,0.59,0.0,0.09999999999999998,0.0063,0.09369999999999998
KXLOVEISLMENTION-26JUN03-BOMB,Mentions,"(0.8, 0.9]",-1,0.85,1.0,-0.635,0.016224250000000003,-0.6512242500000001
KXLOVEISLMENTION-26JUN03-FIRE,Mentions,"(0.8, 0.9]",-1,0.85,1.0,-0.64,0.016128000000000003,-0.656128
KXNBAMENTION-26JUN03NYKSAS-TRIP,Mentions,"(0.3, 0.4]",-1,0.35,0.0,-0.1200000000000001,0.0006930000000000006,-0.1206930000000001
KXNBAMENTION-26JUN03NYKSAS-DRAF,Mentions,"(0.8, 0.9]",-1,0.8531,1.0,-0.6169,0.016543407300000004,-0.6334434073
KXNBAMENTION-26JUN03NYKSAS-JORD,Mentions,"(0.5, 0.6]",-1,0.5523,1.0,-0.9177,0.005286869700000003,-0.9229868697
KXNBAMENTION-26JUN03NYKSAS-TRAV,Mentions,"(0.8, 0.9]",-1,0.81,1.0,-0.6599999999999999,0.015708000000000003,-0.675708
KXNBAMENTION-26JUN03NYKSAS-WING,Mentions,"(0.4, 0.5]",-1,0.49,0.0,0.020000000000000018,0.0013720000000000015,0.018628000000000016
KXNBAMENTION-26JUN03NYKSAS-OVER,Mentions,"(0.4, 0.5]",-1,0.41,0.0,-0.06000000000000005,0.0006930000000000006,-0.06069300000000005
KXNBAMENTION-26JUN03NYKSAS-NQE,Mentions,"(-0.001, 0.1]",1,0.01,0.0,-0.015,0.0010342500000000002,-0.01603425
KXNBAMENTION-26JUN03NYKSAS-HIGH,Mentions,"(0.4, 0.5]",-1,0.5,1.0,-0.97,0.002037000000000002,-0.9720369999999999
KXNBAMENTION-26JUN03NYKSAS-LEBR,Mentions,"(0.7, 0.8]",-1,0.72,0.0,0.245,0.012948250000000001,0.23205175
KXNBAMENTION-26JUN03NYKSAS-POPO,Mentions,"(0.7, 0.8]",-1,0.8,1.0,-0.6699999999999999,0.015477000000000003,-0.6854769999999999
KXPSAKIMENTION-26JUN03-NQE,Mentions,"(-0.001, 0.1]",1,0.01,0.0,-0.43,0.017157000000000002,-0.44715699999999997
KXPSAKIMENTION-26JUN03-IRAN,Mentions,"(0.8, 0.9]",-1,0.8312,1.0,-0.5888,0.0169480192,-0.6057480192
KXPSAKIMENTION-26JUN03-CEAS,Mentions,"(0.3, 0.4]",-1,0.33,1.0,-1.0899999999999999,0.0006930000000000006,-1.090693
KXPSAKIMENTION-26JUN03-PULT,Mentions,"(0.2, 0.3]",-1,0.21,1.0,-1.21,0.0006930000000000006,-1.210693
KXPSAKIMENTION-26JUN03-IRS,Mentions,"(0.3, 0.4]",-1,0.36,1.0,-1.06,0.0006930000000000006,-1.060693
KXLASTWORDMENTION-26JUN03-IRAN,Mentions,"(0.6, 0.7]",-1,0.67,0.0,0.18500000000000005,0.010554250000000003,0.17444575000000004
KXLASTWORDMENTION-26JUN03-OIL,Mentions,"(0.6, 0.7]",-1,0.65,0.0,0.16500000000000004,0.009644250000000002,0.15535575000000004
KXLASTWORDMENTION-26JUN03-HEAL,Mentions,"(0.6, 0.7]",-1,0.66,0.0,0.17500000000000004,0.010106250000000002,0.16489375000000003
KXPSAKIMENTION-26JUN03-OIL,Mentions,"(0.6, 0.7]",-1,0.6551,0.0,0.2351000000000001,0.012587959300000005,0.22251204070000008
KXBTCD-26JUN0411-T64499.99,Crypto,"(0.2, 0.3]",-1,0.2962,0.0,0.2862,0.014300269200000002,0.2718997308
KXBTCD-26JUN0412-T64199.99,Crypto,"(0.2, 0.3]",-1,0.2622,0.0,0.24719999999999998,0.0130264512,0.23417354879999996
KXPGAH2H-THMT26R1RFOXDBER-DBER,Sports,"(0.5, 0.6]",-1,0.53,0.0,0.050000000000000044,0.0033250000000000033,0.04667500000000004
KXITFMATCH-26JUN04MUEHAU-MUE,Sports,"(0.9, 1.0]",-1,0.93,1.0,-0.5599999999999999,0.017248000000000003,-0.577248
KXINXU-26JUN04H1300-T7549.9999,Financials,"(0.9, 1.0]",-1,0.91,1.0,-0.11499999999999994,0.007124249999999997,-0.12212424999999993
KXMAMDANIMENTION-26JUN04-AFFO,Mentions,"(0.7, 0.8]",-1,0.78,1.0,-0.6699999999999999,0.015477000000000003,-0.6854769999999999
KXMAMDANIMENTION-26JUN04B-SAFE,Mentions,"(0.8, 0.9]",-1,0.85,1.0,-0.6000000000000001,0.0168,-0.6168000000000001
KXMAMDANIMENTION-26JUN04-KNIC,Mentions,"(0.5, 0.6]",-1,0.56,1.0,-0.8899999999999999,0.006853000000000006,-0.8968529999999999
KXMAMDANIMENTION-26JUN04-TRUM,Mentions,"(0.5, 0.6]",-1,0.5668,1.0,-0.8832,0.007221043200000002,-0.8904210432
KXMAMDANIMENTION-26JUN04-GROC,Mentions,"(0.2, 0.3]",-1,0.21,0.0,-0.24,0.0006930000000000006,-0.240693
KXMAMDANIMENTION-26JUN04-NYPD,Mentions,"(0.3, 0.4]",-1,0.33,0.0,-0.11999999999999988,0.0006930000000000006,-0.12069299999999988
KXPOLITICSMENTION-26JUN04-DESA,Mentions,"(0.3, 0.4]",-1,0.383,1.0,-1.067,0.0006930000000000006,-1.067693
KXPOLITICSMENTION-26JUN04-TRUM,Mentions,"(0.2, 0.3]",-1,0.28,1.0,-1.17,0.0006930000000000006,-1.170693
KXPOLITICSMENTION-26JUN04-ABOR,Mentions,"(0.3, 0.4]",-1,0.37,0.0,-0.08000000000000007,0.0006930000000000006,-0.08069300000000007
KXHEARINGMENTION-26JUN04B-OPEN,Mentions,"(0.3, 0.4]",-1,0.39,1.0,-1.095,0.0006930000000000006,-1.095693
KXHEARINGMENTION-26JUN04B-NQE,Mentions,"(0.8, 0.9]",-1,0.84,0.0,0.35,0.015925,0.33407499999999996
KXHEARINGMENTION-26JUN04B-NATI,Mentions,"(0.6, 0.7]",-1,0.63,1.0,-0.86,0.008428000000000001,-0.868428
KXATHLETEMENTION-26JUN03-KAT,Mentions,"(0.7, 0.8]",-1,0.77,1.0,-0.72,0.014112000000000001,-0.734112
KXVANCEMENTION-26JUN04-AI,Mentions,"(0.3, 0.4]",-1,0.3433,0.0,-0.10670000000000002,0.0006930000000000006,-0.10739300000000002
KXVANCEMENTION-26JUN04-CEAS,Mentions,"(0.2, 0.3]",-1,0.2981,0.0,-0.15189999999999992,0.0006930000000000006,-0.15259299999999992
KXVANCEMENTION-26JUN04-MEDI,Mentions,"(0.8, 0.9]",-1,0.84,0.0,0.3899999999999999,0.016652999999999998,0.37334699999999993
KXVANCEMENTION-26JUN04-CALI,Mentions,"(0.7, 0.8]",-1,0.7886,0.0,0.3386,0.015676502800000002,0.3229234972
KXVANCEMENTION-26JUN04-SOMA,Mentions,"(0.7, 0.8]",-1,0.79,0.0,0.3400000000000001,0.015708000000000003,0.3242920000000001
KXMLBF5-26JUN041305SDPHI-PHI,Sports,"(0.5, 0.6]",-1,0.59,1.0,-0.9,0.0063,-0.9063
KXINTLFRIENDLYGAME-26JUN04SWEGRE-GRE,Sports,"(0.2, 0.3]",-1,0.26,0.0,0.13,0.007917,0.122083
KXHEARINGMENTION-26JUN04-NQE,Mentions,"(-0.001, 0.1]",1,0.019,0.0,-0.369,0.01629873,-0.38529873
KXHEARINGMENTION-26JUN04-DEA,Mentions,"(0.5, 0.6]",-1,0.57,1.0,-0.92,0.005151999999999999,-0.9251520000000001
KXHEARINGMENTION-26JUN04-TERR,Mentions,"(0.3, 0.4]",-1,0.39,1.0,-1.1,0.0006930000000000006,-1.1006930000000001
KXHEARINGMENTION-26JUN04-SANC,Mentions,"(0.2, 0.3]",-1,0.27,1.0,-1.2149999999999999,0.0006930000000000006,-1.215693
KXHEARINGMENTION-26JUN04-OVER,Mentions,"(0.8, 0.9]",-1,0.85,1.0,-0.64,0.016128000000000003,-0.656128
KXMLBHIT-26JUN041305SDPHI-PHITTURNER7-1,Sports,"(0.7, 0.8]",-1,0.71,1.0,-0.78,0.012012,-0.792012
KXINXU-26JUN04H1600-T7399.9999,Financials,"(0.9, 1.0]",-1,0.99,1.0,-0.030000000000000027,0.002037000000000002,-0.03203700000000003
KXMLBHR-26JUN041335BALBOS-BOSWCONTRERAS40-1,Sports,"(0.1, 0.2]",1,0.19,1.0,0.7,0.0147,0.6852999999999999
KXTRUMPMENTION-26JUN04-BIDE,Mentions,"(0.8, 0.9]",-1,0.85,1.0,-0.62,0.016492,-0.636492
KXTRUMPMENTION-26JUN04-WIND,Mentions,"(0.8, 0.9]",-1,0.85,1.0,-0.62,0.016492,-0.636492
KXTRUMPMENTION-26JUN04-AMER,Mentions,"(0.3, 0.4]",-1,0.3675,0.0,-0.10250000000000004,0.0006930000000000006,-0.10319300000000003
KXTRUMPMENTION-26JUN04-FAKE,Mentions,"(0.6, 0.7]",-1,0.65,1.0,-0.82,0.010332000000000003,-0.830332
KXTRUMPMENTION-26JUN04-HOAX,Mentions,"(0.6, 0.7]",-1,0.69,0.0,0.21999999999999997,0.012012,0.20798799999999998
KXTRUMPMENTION-26JUN04-TARI,Mentions,"(0.5, 0.6]",-1,0.56,1.0,-0.9099999999999999,0.0057330000000000055,-0.9157329999999999
KXTRUMPMENTION-26JUN04-ELEC,Mentions,"(0.5, 0.6]",-1,0.57,1.0,-0.9,0.0063,-0.9063
KXTRUMPMENTION-26JUN04-EV,Mentions,"(0.6, 0.7]",-1,0.64,1.0,-0.83,0.009877000000000004,-0.839877
KXTRUMPMENTION-26JUN04-CLIM,Mentions,"(0.5, 0.6]",-1,0.58,0.0,0.10999999999999999,0.006853,0.10314699999999999
KXMLBTB-26JUN041335CLENYY-CLEJRAMREZ11-4,Sports,"(0.2, 0.3]",-1,0.25,0.0,-0.2450000000000001,0.0006930000000000006,-0.2456930000000001
KXMLBHR-26JUN041410SFMIL-SFEHAASE18-1,Sports,"(0.1, 0.2]",1,0.11,1.0,0.8200000000000001,0.010332000000000001,0.809668
KXEARNINGSMENTIONLULU-26JUN04-HEAD,Mentions,"(0.6, 0.7]",-1,0.692,1.0,-0.38300000000000006,0.016541770000000004,-0.3995417700000001
KXEARNINGSMENTIONLULU-26JUN04-TARI,Mentions,"(0.8, 0.9]",-1,0.8464,1.0,-0.23859999999999992,0.012716902799999997,-0.2513169027999999
KXEARNINGSMENTIONLULU-26JUN04-AMBA,Mentions,"(0.8, 0.9]",-1,0.8017,1.0,-0.2183,0.011945157700000002,-0.2302451577
KXEARNINGSMENTIONLULU-26JUN04-MEMB,Mentions,"(0.4, 0.5]",-1,0.5,0.0,0.4,0.016800000000000002,0.38320000000000004
KXATPCHALLENGERMATCH-26JUN04DRAGOR-DRA,Sports,"(0.8, 0.9]",-1,0.86,1.0,-0.6,0.016800000000000002,-0.6168
KXTRUEV-26JUN04-T1235.88,Economics,"(0.9, 1.0]",-1,0.91,1.0,-0.585,0.016994250000000002,-0.60199425
KXTRUFTSA-26JUN04-T1620000,Economics,"(0.9, 1.0]",-1,0.98,1.0,-0.515,0.017484250000000003,-0.53248425
KXTRUFTSA-26JUN04-T1520000,Economics,"(0.9, 1.0]",-1,0.98,1.0,-0.515,0.017484250000000003,-0.53248425
KXTRUFTSA-26JUN04-T2220000,Economics,"(0.9, 1.0]",-1,0.98,1.0,-0.515,0.017484250000000003,-0.53248425
KXTRUFTSA-26JUN04-T2320000,Economics,"(0.9, 1.0]",-1,0.9871,1.0,-0.5079,0.0174956313,-0.5253956313
KXTRUFTSA-26JUN04-T2520000,Economics,"(0.9, 1.0]",-1,0.99,1.0,-0.505,0.017498250000000003,-0.52249825
KXTRUFTSA-26JUN04-T2420000,Economics,"(0.9, 1.0]",-1,0.9871,1.0,-0.5079,0.0174956313,-0.5253956313
KXTRUEV-26JUN04-T1305.88,Economics,"(0.4, 0.5]",-1,0.49,0.0,-0.004999999999999893,0.0006930000000000006,-0.005692999999999894
KXTRUEV-26JUN04-T1295.88,Economics,"(0.4, 0.5]",-1,0.49,0.0,-0.004999999999999893,0.0006930000000000006,-0.005692999999999894
KXTRUEV-26JUN04-T1285.88,Economics,"(0.4, 0.5]",-1,0.49,0.0,-0.004999999999999893,0.0006930000000000006,-0.005692999999999894
KXTRUEV-26JUN04-T1315.88,Economics,"(0.4, 0.5]",-1,0.49,0.0,-0.004999999999999893,0.0006930000000000006,-0.005692999999999894
KXBTCD-26JUN0420-T63899.99,Crypto,"(0.2, 0.3]",-1,0.2056,0.0,0.1956,0.0110138448,0.1845861552
KXMLBF5SPREAD-26JUN041915TORATL-TOR2,Sports,"(0.1, 0.2]",1,0.17,1.0,0.35,0.015925,0.33407499999999996
KXSOLD-26JUN0421-T68.9999,Crypto,"(0.2, 0.3]",-1,0.21,0.0,-0.29000000000000004,0.0006930000000000006,-0.29069300000000003
KXALLINMENTION-26JUN04-NAZI,Mentions,"(0.7, 0.8]",-1,0.75,1.0,-0.7050000000000001,0.01455825,-0.7195582500000001
KXALLINMENTION-26JUN04-REPU,Mentions,"(0.8, 0.9]",-1,0.84,1.0,-0.615,0.016574250000000002,-0.63157425
KXMLBF5SPREAD-26JUN042005ATHCHC-ATH2,Sports,"(0.2, 0.3]",-1,0.3,0.0,-0.19499999999999984,0.0006930000000000006,-0.19569299999999984
KXMLBSPREAD-26JUN041915TORATL-TOR2,Sports,"(0.2, 0.3]",-1,0.27,1.0,-1.21,0.0006930000000000006,-1.210693
KXMLBSPREAD-26JUN041915TORATL-TOR6,Sports,"(0.1, 0.2]",1,0.14,0.0,-0.385,0.016574250000000002,-0.40157425
KXLOLTOTALMAPS-26JUN041600CCGWU-4,Sports,"(0.7, 0.8]",-1,0.71,1.0,-0.7350000000000001,0.013634249999999997,-0.7486342500000001
KXLOVEISLMENTION-26JUN04B-MOG,Mentions,"(-0.001, 0.1]",1,0.01,0.0,-0.465,0.01741425,-0.48241425000000004
KXLOVEISLMENTION-26JUN04B-BOMB,Mentions,"(0.6, 0.7]",-1,0.63,1.0,-0.855,0.008678250000000002,-0.86367825
KXLOVEISLMENTION-26JUN04B-LOYA,Mentions,"(0.5, 0.6]",-1,0.51,0.0,0.05499999999999994,0.0036382499999999965,0.05136174999999994
KXLOVEISLMENTION-26JUN04B-ICK,Mentions,"(0.2, 0.3]",-1,0.21,0.0,-0.24,0.0006930000000000006,-0.240693
KXLOVEISLMENTION-26JUN04B-DUMP,Mentions,"(0.4, 0.5]",-1,0.41,0.0,-0.04500000000000015,0.0006930000000000006,-0.04569300000000015
KXMLBHIT-26JUN042005ATHCHC-CHCABREGMAN3-1,Sports,"(0.5, 0.6]",-1,0.59,1.0,-0.875,0.007656250000000001,-0.88265625
KXMLBF5-26JUN042140LADAZ-TIE,Sports,"(0.1, 0.2]",1,0.16,0.0,-0.64,0.016128000000000003,-0.656128
KXMLBGAME-26JUN042010PITHOU-PIT,Sports,"(0.7, 0.8]",-1,0.73,1.0,-0.735,0.01363425,-0.74863425
KXITFMATCH-26JUN04MOXABD-ABD,Sports,"(0.2, 0.3]",-1,0.3,0.0,-0.18500000000000005,0.0006930000000000006,-0.18569300000000005
KXMLBHR-26JUN042005ATHCHC-CHCMBUSCH29-1,Sports,"(0.2, 0.3]",-1,0.2226,0.0,0.10760000000000003,0.006721556800000002,0.10087844320000003
KXMLBHRR-26JUN041915TORATL-TORGSPRINGER4-3,Sports,"(0.2, 0.3]",-1,0.27,0.0,0.125,0.007656250000000001,0.11734375
KXAAAGASD-26JUN05-4.190,Economics,"(0.8, 0.9]",-1,0.9,1.0,-0.33999999999999997,0.015708000000000003,-0.35570799999999997
KXAAAGASD-26JUN05-4.195,Economics,"(0.8, 0.9]",-1,0.83,1.0,-0.41000000000000003,0.016933,-0.426933
KXAAAGASD-26JUN05-4.210,Economics,"(0.9, 1.0]",-1,0.95,1.0,-0.545,0.01735825,-0.5623582500000001
KXAAAGASD-26JUN05-4.220,Economics,"(0.9, 1.0]",-1,0.93,0.0,0.4600000000000001,0.017388000000000004,0.44261200000000006
KXFAOFPI-26JUN05-T137.0,Economics,"(-0.001, 0.1]",1,0.06,0.0,-0.48,0.017472,-0.49747199999999997
KXFAOFPI-26JUN05-T136.0,Economics,"(-0.001, 0.1]",1,0.0622,0.0,-0.5322,0.0174274212,-0.5496274212
KXFAOFPI-26JUN05-T128.0,Economics,"(0.9, 1.0]",-1,0.945,1.0,-0.525,0.017456250000000003,-0.54245625
KXFAOFPI-26JUN05-T129.0,Economics,"(0.8, 0.9]",-1,0.87,1.0,-0.6,0.016800000000000002,-0.6168
KXAAAGASD-26JUN05-4.260,Economics,"(-0.001, 0.1]",1,0.05,0.0,-0.1,0.006300000000000001,-0.1063
KXAAAGASD-26JUN05-4.255,Economics,"(-0.001, 0.1]",1,0.0677,0.0,-0.1177,0.007269269700000001,-0.1249692697
KXAGANNOUNCE-26JUN-JUN05,Politics,"(0.9, 1.0]",-1,0.9433,0.0,0.45330000000000004,0.017347337700000003,0.4359526623
KXMLBKS-26JUN041940KCMIN-KCSLUGO67-3,Sports,"(0.8, 0.9]",-1,0.9,1.0,-0.59,0.016933000000000004,-0.606933
KXMLBSPREAD-26JUN042140LADAZ-AZ4,Sports,"(0.1, 0.2]",1,0.16,0.0,-0.55,0.017325,-0.5673250000000001
KXMLBHIT-26JUN042140LADAZ-LADAFREELAND76-2,Sports,"(0.1, 0.2]",1,0.16,0.0,-0.23500000000000001,0.012584250000000002,-0.24758425
KXMLBHRR-26JUN041940KCMIN-KCSPEREZ13-2,Sports,"(0.5, 0.6]",-1,0.51,1.0,-0.7749999999999999,0.012206250000000005,-0.7872062499999999
KXCBDECISIONINDIA-26JUN05-H25P,Economics,"(-0.001, 0.1]",1,0.02,0.0,-0.495,0.01749825,-0.51249825
KXCBDECISIONINDIA-26JUN05-HOLD,Economics,"(0.4, 0.5]",-1,0.5,1.0,-0.98,0.0013720000000000015,-0.981372
KXNHLMENTION-26JUN04VGKCAR-GLAS,Mentions,"(0.9, 1.0]",-1,0.908,1.0,-0.5269999999999999,0.01744897,-0.5444489699999999
KXNHLMENTION-26JUN04VGKCAR-SHOR,Mentions,"(0.7, 0.8]",-1,0.79,1.0,-0.645,0.01602825,-0.66102825
KXITFWMATCH-26JUN04KURSOK-KUR,Sports,"(0.7, 0.8]",-1,0.7319,1.0,-0.30310000000000004,0.014786127300000002,-0.31788612730000004
KXCS2GAME-26JUN050400ATRKOL-KOL,Sports,"(0.7, 0.8]",-1,0.7424,0.0,0.2724,0.0138738768,0.25852612319999996
KXMLBMENTION-26JUN04PITHOU-BASE,Mentions,"(0.8, 0.9]",-1,0.82,0.0,0.32999999999999996,0.015477,0.31452299999999994
KXITFWMATCH-26JUN05SIMCIR-CIR,Sports,"(0.2, 0.3]",-1,0.21,0.0,-0.28,0.0006930000000000006,-0.280693
KXBTCD-26JUN0508-T62699.99,Crypto,"(0.2, 0.3]",-1,0.2167,0.0,0.2067,0.011478257700000001,0.1952217423
KXDOGE15M-26JUN050815-15,Crypto,"(0.2, 0.3]",-1,0.2576,0.0,0.23260000000000003,0.012494806800000003,0.22010519320000002
KXUE-CAN26MAY-6.6,Economics,"(0.8, 0.9]",-1,0.9,0.0,0.41000000000000003,0.016933000000000004,0.39306700000000006
KXUE-CAN26MAY-6.5,Economics,"(0.9, 1.0]",-1,0.95,1.0,-0.54,0.017388,-0.557388
KXU3-26MAY-T4.6,Economics,"(-0.001, 0.1]",1,0.01,0.0,-0.5,0.0175,-0.5175
KXUSNFP-26JUN05-T-40,Economics,"(0.9, 1.0]",-1,0.92,1.0,-0.575,0.017106250000000003,-0.59210625
KXUSNFP-26JUN05-T240,Economics,"(-0.001, 0.1]",1,0.01,0.0,-0.505,0.017498250000000003,-0.52249825
KXUSNFP-26JUN05-T220,Economics,"(-0.001, 0.1]",1,0.05,0.0,-0.545,0.01735825,-0.5623582500000001
KXUSNFP-26JUN05-T200,Economics,"(-0.001, 0.1]",1,0.09,0.0,-0.585,0.016994250000000002,-0.60199425
KXUSNFP-26JUN05-T-20,Economics,"(0.8, 0.9]",-1,0.9,1.0,-0.595,0.01686825,-0.61186825
KXUSNFP-26JUN05-T180,Economics,"(-0.001, 0.1]",1,0.085,0.0,-0.58,0.017052000000000005,-0.5970519999999999
KXUSNFP-26JUN05-T0,Economics,"(0.8, 0.9]",-1,0.85,1.0,-0.645,0.01602825,-0.66102825
KXU3-26MAY-T4.8,Economics,"(-0.001, 0.1]",1,0.05,0.0,-0.54,0.017388,-0.557388
KXU3-26MAY-T4.5,Economics,"(-0.001, 0.1]",1,0.01,0.0,-0.5,0.0175,-0.5175
KXU3-26MAY-T4.7,Economics,"(-0.001, 0.1]",1,0.01,0.0,-0.5,0.0175,-0.5175
KXU3-26MAY-T4.3,Economics,"(0.4, 0.5]",-1,0.42,0.0,-0.07000000000000006,0.0006930000000000006,-0.07069300000000006
KXPAYROLLS-26MAY-T-10000,Economics,"(0.8, 0.9]",-1,0.9,1.0,-0.11499999999999999,0.00712425,-0.12212424999999999
KXPAYROLLS-26MAY-T-50000,Economics,"(0.9, 1.0]",-1,0.98,1.0,-0.03500000000000003,0.002364250000000002,-0.037364250000000036
KXU3-26MAY-T3.9,Economics,"(0.9, 1.0]",-1,0.99,1.0,-0.5,0.0175,-0.5175
KXU3-26MAY-T4.0,Economics,"(0.9, 1.0]",-1,0.99,1.0,-0.5,0.0175,-0.5175
KXU3-26MAY-T4.1,Economics,"(0.8, 0.9]",-1,0.9,1.0,-0.59,0.016933000000000004,-0.606933
KXCS2MAP-26JUN050800LVGTYLOO-1-TYLOO,Sports,"(0.5, 0.6]",-1,0.57,1.0,-0.9,0.0063,-0.9063
KXMAMDANIMENTION-26JUN05-AFFO,Mentions,"(0.7, 0.8]",-1,0.78,1.0,-0.40499999999999997,0.016868249999999998,-0.42186824999999994
KXMAMDANIMENTION-26JUN05-KNIC,Mentions,"(0.7, 0.8]",-1,0.78,1.0,-0.6699999999999999,0.015477000000000003,-0.6854769999999999
KXMAMDANIMENTION-26JUN05-FIVE,Mentions,"(0.3, 0.4]",-1,0.3467,1.0,-1.1033,0.0006930000000000006,-1.103993
KXMAMDANIMENTION-26JUN05-NYPD,Mentions,"(0.5, 0.6]",-1,0.52,0.0,0.07000000000000006,0.004557000000000005,0.06544300000000006
KXMAMDANIMENTION-26JUN05-GROC,Mentions,"(0.4, 0.5]",-1,0.44,0.0,-0.010000000000000009,0.0006930000000000006,-0.01069300000000001
KXMAMDANIMENTION-26JUN05-BILL,Mentions,"(0.7, 0.8]",-1,0.78,0.0,0.33000000000000007,0.015477000000000003,0.31452300000000005
KXMAMDANIMENTION-26JUN05-MUSL,Mentions,"(0.3, 0.4]",-1,0.3467,0.0,-0.10329999999999995,0.0006930000000000006,-0.10399299999999995
KXMAMDANIMENTION-26JUN05-NEW,Mentions,"(0.2, 0.3]",-1,0.2033,0.0,-0.24669999999999992,0.0006930000000000006,-0.24739299999999992
KXCAIVEYPMI-26JUN05-T47.5,Economics,"(0.8, 0.9]",-1,0.83,1.0,-0.665,0.01559425,-0.6805942500000001
KXCAIVEYPMI-26JUN05-T51.0,Economics,"(0.4, 0.5]",-1,0.45,1.0,-1.045,0.0006930000000000006,-1.045693
KXSENATEREC-26MAY-JUN06,Politics,"(0.9, 1.0]",-1,0.923,1.0,-0.10199999999999992,0.006411719999999997,-0.10841171999999992
KXSENATEREC-26MAY-JUN14,Politics,"(0.9, 1.0]",-1,0.94,1.0,-0.08500000000000002,0.005444250000000002,-0.09044425000000002
KXSENATEREC-26MAY-26JUL01,Politics,"(0.8, 0.9]",-1,0.84,1.0,-0.2,0.011200000000000002,-0.2112
KXTRUMPSAY-26JUN08-AMER,Mentions,"(0.8, 0.9]",-1,0.85,1.0,-0.43,0.017157000000000002,-0.44715699999999997
KXTRUMPSAY-26JUN08-LAND,Mentions,"(0.8, 0.9]",-1,0.8348,1.0,-0.3802,0.0164953572,-0.3966953572
KXTRUMPSAY-26JUN08-TDS,Mentions,"(0.5, 0.6]",-1,0.58,1.0,-0.5800000000000001,0.017052,-0.597052
KXVOTERECNCS-MAY26-MMCC,Politics,"(0.8, 0.9]",-1,0.8449,1.0,-0.16010000000000002,0.009412759300000002,-0.1695127593
KXBESSENTMTPMENTION-26JUN04-FRAU,Mentions,"(0.3, 0.4]",-1,0.37,1.0,-1.085,0.0006930000000000006,-1.085693
KXINTLFRIENDLYTOTAL-26JUN05INAOMN-4,Sports,"(0.1, 0.2]",1,0.19,0.0,-0.56,0.017248,-0.5772480000000001
KXATPGSPREAD-26JUN05MENZVE-ZVE4,Sports,"(0.5, 0.6]",-1,0.51,1.0,-0.625,0.01640625,-0.64140625
KXINXU-26JUN05H1200-T7484.9999,Financials,"(0.9, 1.0]",-1,0.905,0.0,0.8800000000000001,0.0073919999999999975,0.8726080000000002
KXINXU-26JUN05H1200-T7479.9999,Financials,"(0.9, 1.0]",-1,0.92,0.0,0.9,0.006299999999999999,0.8937
KXINXU-26JUN05H1200-T7474.9999,Financials,"(0.9, 1.0]",-1,0.95,1.0,-0.07500000000000007,0.004856250000000005,-0.07985625000000007
KXINTLFRIENDLYTOTAL-26JUN05TJKIND-2,Sports,"(0.5, 0.6]",-1,0.54,1.0,-0.83,0.009877000000000004,-0.839877
KXINXU-26JUN05H1300-T6549.9999,Financials,"(0.9, 1.0]",-1,0.99,1.0,-0.025000000000000022,0.0017062500000000016,-0.026706250000000025
KXNASDAQ100U-26JUN05H1300-T29389.99,Financials,"(0.9, 1.0]",-1,0.91,1.0,-0.10999999999999993,0.006852999999999997,-0.11685299999999993
KXATPMENTION-26JUN05MENZVE-DOUB,Mentions,"(0.8, 0.9]",-1,0.82,1.0,-0.53,0.017437,-0.5474370000000001
KXATPMENTION-26JUN05MENZVE-NOVA,Mentions,"(0.8, 0.9]",-1,0.85,1.0,-0.64,0.016128000000000003,-0.656128
KXATPMENTION-26JUN05MENZVE-WIMB,Mentions,"(0.8, 0.9]",-1,0.85,1.0,-0.64,0.016128000000000003,-0.656128
KXINXU-26JUN05H1400-T7419.9999,Financials,"(0.9, 1.0]",-1,0.95,1.0,-0.07500000000000001,0.004856250000000001,-0.07985625000000002
KXNASDAQ100U-26JUN05H1500-T29199.99,Financials,"(0.9, 1.0]",-1,0.91,0.0,0.89,0.006853,0.883147
KXBESSENTMTPMENTION-26JUN04-AI,Mentions,"(0.2, 0.3]",-1,0.205,0.0,0.05499999999999994,0.0036382499999999965,0.05136174999999994
KXBESSENTMTPMENTION-26JUN04-CRYP,Mentions,"(0.4, 0.5]",-1,0.45,0.0,0.22499999999999998,0.01220625,0.21279374999999998
KXBESSENTMTPMENTION-26JUN04-WARS,Mentions,"(0.2, 0.3]",-1,0.2509,0.0,0.10089999999999999,0.0063503433,0.09454965669999998
KXBESSENTMTPMENTION-26JUN04-STOC,Mentions,"(0.6, 0.7]",-1,0.6038,0.0,0.2538,0.013256989200000001,0.2405430108
KXNEWSNATIONMENTION-26JUN04B-JD,Mentions,"(0.3, 0.4]",-1,0.31,1.0,-1.01,0.0006930000000000006,-1.010693
KXNEWSNATIONMENTION-26JUN04B-TRUM,Mentions,"(0.7, 0.8]",-1,0.71,1.0,-0.64,0.016128000000000003,-0.656128
KXATPMENTION-26JUN05ARNCOB-JANN,Mentions,"(0.8, 0.9]",-1,0.85,0.0,0.36,0.016128000000000003,0.34387199999999996
KXINTLFRIENDLYGAME-26JUN05HUNFIN-FIN,Sports,"(0.2, 0.3]",-1,0.24,0.0,-0.1499999999999999,0.0006930000000000006,-0.1506929999999999
KXINXU-26JUN05H1600-T7499.9999,Financials,"(0.9, 1.0]",-1,0.95,0.0,0.94,0.003948000000000004,0.936052
KXNASDAQ100U-26JUN05H1600-T29099.99,Financials,"(0.9, 1.0]",-1,0.99,0.0,0.975,0.0017062500000000016,0.97329375
KXINXU-26JUN05H1600-T7274.9999,Financials,"(0.9, 1.0]",-1,0.99,1.0,-0.025000000000000022,0.0017062500000000016,-0.026706250000000025
KXNASDAQ100U-26JUN05H1600-T29199.99,Financials,"(0.9, 1.0]",-1,0.99,0.0,0.975,0.0017062500000000016,0.97329375
KXNASDAQ100U-26JUN05H1600-T29299.99,Financials,"(0.9, 1.0]",-1,0.99,0.0,0.975,0.0017062500000000016,0.97329375
KXUSFLYCAN-26JUN05-T1200,Economics,"(0.8, 0.9]",-1,0.87,0.0,0.385,0.016574250000000002,0.36842575
KXMLBHIT-26JUN051420SFCHC-CHCDSWANSON7-1,Sports,"(0.5, 0.6]",-1,0.58,0.0,0.08999999999999997,0.0057329999999999985,0.08426699999999997
KXMLBTB-26JUN051420SFCHC-SFJLEE51-3,Sports,"(0.2, 0.3]",-1,0.26,0.0,-0.21999999999999997,0.0006930000000000006,-0.22069299999999997
KXPGATOP20-THMTPBW26-MHUB,Sports,"(0.1, 0.2]",1,0.14,0.0,-0.2,0.011200000000000002,-0.2112
KXPGAR2TOP10-THMTPBW26-CAME,Sports,"(0.7, 0.8]",-1,0.77,0.0,0.375,0.01640625,0.35859375
KXTRUFTSA-26JUN05-T1800000,Economics,"(0.9, 1.0]",-1,0.98,1.0,-0.515,0.017484250000000003,-0.53248425
KXTRUFGAS-26JUN05-T4.18,Economics,"(0.4, 0.5]",-1,0.45,1.0,-1.045,0.0006930000000000006,-1.045693
KXTRUFGAS-26JUN05-T4.20,Economics,"(0.4, 0.5]",-1,0.5,1.0,-0.995,0.0006930000000000006,-0.995693
KXTRUFEGGS-26JUN05-T2.62,Economics,"(0.4, 0.5]",-1,0.4951,1.0,-0.9999,0.0006930000000000006,-1.000593
KXTRUEV-26JUN05-T1340.77,Economics,"(-0.001, 0.1]",1,0.01,0.0,-0.505,0.017498250000000003,-0.52249825
KXTRUEV-26JUN05-T1330.77,Economics,"(-0.001, 0.1]",1,0.01,0.0,-0.505,0.017498250000000003,-0.52249825
KXTRUEV-26JUN05-T1320.77,Economics,"(-0.001, 0.1]",1,0.01,0.0,-0.505,0.017498250000000003,-0.52249825
KXTRUEV-26JUN05-T1300.77,Economics,"(-0.001, 0.1]",1,0.02,0.0,-0.515,0.017484250000000003,-0.53248425
KXTRUEV-26JUN05-T1290.77,Economics,"(0.4, 0.5]",-1,0.49,0.0,-0.004999999999999893,0.0006930000000000006,-0.005692999999999894
KXTRUEV-26JUN05-T1280.77,Economics,"(0.4, 0.5]",-1,0.49,0.0,-0.004999999999999893,0.0006930000000000006,-0.005692999999999894
KXTRUEV-26JUN05-T1270.77,Economics,"(0.4, 0.5]",-1,0.49,0.0,-0.004999999999999893,0.0006930000000000006,-0.005692999999999894
KXTRUEV-26JUN05-T1220.77,Economics,"(0.9, 1.0]",-1,0.99,1.0,-0.505,0.017498250000000003,-0.52249825
KXTRUFTSA-26JUN05-T2700000,Economics,"(0.9, 1.0]",-1,0.97,1.0,-0.20500000000000002,0.01140825,-0.21640825000000002
KXTRUFTSA-26JUN05-T1900000,Economics,"(0.9, 1.0]",-1,0.98,1.0,-0.515,0.017484250000000003,-0.53248425
KXTRUFTSA-26JUN05-T1700000,Economics,"(0.9, 1.0]",-1,0.98,1.0,-0.515,0.017484250000000003,-0.53248425
KXNBA1QTOTAL-26JUN05NYKSAS-9,Sports,"(0.9, 1.0]",-1,0.96,1.0,-0.535,0.01741425,-0.55241425
KXMLBHIT-26JUN051840CWSPHI-PHIESOSA33-1,Sports,"(0.5, 0.6]",-1,0.6,0.0,0.10999999999999999,0.006853,0.10314699999999999
KXMLBHR-26JUN051905BOSNYY-NYYCBELLINGER35-1,Sports,"(0.1, 0.2]",1,0.16,0.0,-0.175,0.01010625,-0.18510625
KXMLBKS-26JUN051905BOSNYY-NYYRWEATHERS40-9,Sports,"(0.1, 0.2]",1,0.16,0.0,-0.195,0.010988250000000001,-0.20598825
KXMLBHIT-26JUN051840SEADET-SEAJNAYLOR12-2,Sports,"(0.2, 0.3]",-1,0.2808,1.0,-1.1842000000000001,0.0006930000000000006,-1.1848930000000002
KXMLBTB-26JUN051840SEADET-SEAJRODRGUEZ44-2,Sports,"(0.5, 0.6]",-1,0.51,1.0,-0.515,0.017484250000000003,-0.53248425
KXNBA1HSPREAD-26JUN05NYKSAS-SAS16,Sports,"(0.1, 0.2]",1,0.18,0.0,-0.675,0.01535625,-0.69035625
KXTRUMPMENTIONDURATION-JUN0626-44,Mentions,"(0.8, 0.9]",-1,0.9,1.0,-0.52,0.017472,-0.5374720000000001
KXTRUMPMENTIONDURATION-JUN0626-49,Mentions,"(0.4, 0.5]",-1,0.49,1.0,-0.9299999999999999,0.004557000000000005,-0.934557
KXTRUMPMENTIONDURATION-JUN0626-64,Mentions,"(0.2, 0.3]",-1,0.29,0.0,-0.1299999999999999,0.0006930000000000006,-0.1306929999999999
KXMLBSPREAD-26JUN051907BALTOR-BAL6,Sports,"(0.8, 0.9]",-1,0.81,1.0,-0.6849999999999999,0.015104250000000003,-0.70010425
KXTRUMPMENTION-26JUN05C-NQE,Mentions,"(-0.001, 0.1]",1,0.06,0.0,-0.095,0.006018250000000001,-0.10101825
KXTRUMPMENTION-26JUN05C-CHIN,Mentions,"(0.7, 0.8]",-1,0.77,1.0,-0.31999999999999995,0.015232,-0.335232
KXTRUMPMENTION-26JUN05C-HOTT,Mentions,"(0.8, 0.9]",-1,0.81,1.0,-0.57,0.017157000000000002,-0.5871569999999999
KXTRUMPMENTION-26JUN05C-TARI,Mentions,"(0.8, 0.9]",-1,0.8495,1.0,-0.5305,0.017434882500000002,-0.5479348825
KXTRUMPMENTION-26JUN05C-BIDE,Mentions,"(0.8, 0.9]",-1,0.8488,1.0,-0.5312,0.0174318592,-0.5486318592
KXTRUMPMENTION-26JUN05C-OIL,Mentions,"(0.6, 0.7]",-1,0.6638,1.0,-0.7162000000000001,0.0142280292,-0.7304280292
KXTRUMPMENTION-26JUN05C-BIBI,Mentions,"(0.3, 0.4]",-1,0.3892,0.0,0.009199999999999986,0.0006930000000000006,0.008506999999999985
KXTRUMPMENTION-26JUN05C-FERT,Mentions,"(0.4, 0.5]",-1,0.43,1.0,-0.9500000000000001,0.0033249999999999964,-0.9533250000000001
KXTRUMPMENTION-26JUN05C-INVE,Mentions,"(0.7, 0.8]",-1,0.78,1.0,-0.6,0.016800000000000002,-0.6168
KXTRUMPMENTION-26JUN05-UFC,Mentions,"(0.8, 0.9]",-1,0.858,0.0,0.42799999999999994,0.01713712,0.41086287999999993
KXTRUMPTOPIC-26JUN05-IMMI,Mentions,"(0.4, 0.5]",-1,0.48,0.0,0.0050000000000000044,0.0006930000000000006,0.0043070000000000035
KXTRUMPTOPIC-26JUN05-ECON,Mentions,"(0.7, 0.8]",-1,0.79,0.0,0.32000000000000006,0.015232000000000004,0.30476800000000004
KXTRUMPMENTION-26JUN05C-CORN,Mentions,"(0.6, 0.7]",-1,0.68,0.0,0.30000000000000004,0.014700000000000003,0.28530000000000005
KXTRUMPMENTION-26JUN05-MAHA,Mentions,"(0.7, 0.8]",-1,0.7191,0.0,0.2890999999999999,0.014386483299999997,0.27471351669999994
KXMLBKS-26JUN052015CLETEX-CLEPMESSICK77-5,Sports,"(0.7, 0.8]",-1,0.755,0.0,0.45999999999999996,0.017388,0.44261199999999995
KXNBA3PT-26JUN05NYKSAS-SASDFOX4-1,Sports,"(0.7, 0.8]",-1,0.77,1.0,-0.725,0.013956250000000002,-0.73895625
KXLASTWORDMENTION-26JUN05-TRUM,Mentions,"(0.8, 0.9]",-1,0.8335,1.0,-0.6165,0.0165499425,-0.6330499425
KXLASTWORDMENTION-26JUN05-EPST,Mentions,"(0.8, 0.9]",-1,0.83,1.0,-0.6200000000000001,0.016492,-0.6364920000000001
KXLASTWORDMENTION-26JUN05-RO,Mentions,"(0.3, 0.4]",-1,0.3933,0.0,-0.05669999999999997,0.0006930000000000006,-0.05739299999999997
KXLASTWORDMENTION-26JUN05-TODD,Mentions,"(0.7, 0.8]",-1,0.78,1.0,-0.6699999999999999,0.015477000000000003,-0.6854769999999999
KXLASTWORDMENTION-26JUN05-PAM,Mentions,"(0.7, 0.8]",-1,0.78,1.0,-0.6699999999999999,0.015477000000000003,-0.6854769999999999
KXLASTWORDMENTION-26JUN05-CORR,Mentions,"(0.5, 0.6]",-1,0.58,0.0,0.1299999999999999,0.007916999999999995,0.1220829999999999
KXMLBTB-26JUN052015CLETEX-CLEJRAMREZ11-4,Sports,"(0.1, 0.2]",1,0.19,0.0,-0.6799999999999999,0.015232000000000004,-0.695232
KXMLBHR-26JUN052015CINSTL-CINJBLEDAY22-1,Sports,"(0.1, 0.2]",1,0.1819,0.0,-0.27690000000000003,0.014015847300000002,-0.29091584730000003
KXMLBHIT-26JUN052015CINSTL-STLABURLESON41-1,Sports,"(0.7, 0.8]",-1,0.71,1.0,-0.775,0.01220625,-0.78720625
KXNBASPREAD-26JUN05NYKSAS-SAS12,Sports,"(0.2, 0.3]",-1,0.3,0.0,-0.17999999999999994,0.0006930000000000006,-0.18069299999999994
KXAAAGASD-26JUN06-4.220,Economics,"(-0.001, 0.1]",1,0.02,0.0,-0.27,0.013797000000000002,-0.283797
KXAAAGASD-26JUN06-4.215,Economics,"(-0.001, 0.1]",1,0.05,0.0,-0.3,0.0147,-0.3147
KXAAAGASD-26JUN06-4.190,Economics,"(0.9, 1.0]",-1,0.92,1.0,-0.48,0.017472,-0.49747199999999997
KXAAAGASD-26JUN06-4.175,Economics,"(0.9, 1.0]",-1,0.99,1.0,-0.26,0.013468,-0.273468
KXAAAGASD-26JUN06-4.180,Economics,"(0.9, 1.0]",-1,0.99,1.0,-0.41000000000000003,0.016933,-0.426933
KXAAAGASD-26JUN06-4.230,Economics,"(-0.001, 0.1]",1,0.02,0.0,-0.27,0.013797000000000002,-0.283797
KXAAAGASD-26JUN06-4.170,Economics,"(0.9, 1.0]",-1,0.99,1.0,-0.020000000000000018,0.0013720000000000013,-0.02137200000000002
KXAAAGASD-26JUN06-4.185,Economics,"(0.9, 1.0]",-1,0.98,1.0,-0.27,0.013797000000000002,-0.283797
KXAAAGASD-26JUN06-4.225,Economics,"(-0.001, 0.1]",1,0.04,0.0,-0.29,0.014413,-0.304413
KXBTCD-26JUN0600-T61099.99,Crypto,"(0.2, 0.3]",-1,0.2598,0.0,0.2548,0.013291387200000003,0.24150861280000002
KXMLBTOTAL-26JUN052015KCMIN-12,Sports,"(0.2, 0.3]",-1,0.21,0.0,-0.28500000000000014,0.0006930000000000006,-0.28569300000000014
KXMLBHIT-26JUN052140NYMSD-NYMBBICHETTE19-1,Sports,"(0.5, 0.6]",-1,0.59,1.0,-0.895,0.00657825,-0.90157825
KXMLBHIT-26JUN052040MILCOL-COLJMCCARTHY31-1,Sports,"(0.5, 0.6]",-1,0.59,1.0,-0.895,0.00657825,-0.90157825
KXETH-26JUN0601-B1560,Crypto,"(0.2, 0.3]",-1,0.24,0.0,-0.26,0.0006930000000000006,-0.260693
KXBNB15M-26JUN060115-15,Crypto,"(0.2, 0.3]",-1,0.2777,0.0,0.24770000000000003,0.013044129700000002,0.23465587030000004
KXWNBAPTS-26JUN05DALLA-DALPBUECKERS5-25,Sports,"(0.2, 0.3]",-1,0.24,0.0,-0.2450000000000001,0.0006930000000000006,-0.2456930000000001
KXETHD-26JUN0609-T1569.99,Crypto,"(0.2, 0.3]",-1,0.29,1.0,-0.82,0.010332000000000003,-0.830332
KXATPCHALLENGERMATCH-26JUN06DEDMIK-DED,Sports,"(0.5, 0.6]",-1,0.57,0.0,0.10999999999999999,0.006853,0.10314699999999999
KXATHLETEMENTION-26JUN05B-TURN,Mentions,"(0.6, 0.7]",-1,0.61,1.0,-0.88,0.007392000000000001,-0.887392
KXATHLETEMENTION-26JUN05B-NQE,Mentions,"(-0.001, 0.1]",1,0.02,0.0,-0.51,0.017493,-0.527493
KXATHLETEMENTION-26JUN05B-FLAG,Mentions,"(-0.001, 0.1]",1,0.07,0.0,-0.56,0.017248,-0.5772480000000001
KXATHLETEMENTION-26JUN05B-EJEC,Mentions,"(-0.001, 0.1]",1,0.05,0.0,-0.54,0.017388,-0.557388
KXMLBMENTION-26JUN05KCMIN-TRAD,Mentions,"(0.8, 0.9]",-1,0.82,1.0,-0.265,0.013634250000000002,-0.27863425
KXMLBMENTION-26JUN05KCMIN-BUNT,Mentions,"(0.7, 0.8]",-1,0.76,1.0,-0.6399999999999999,0.016128000000000003,-0.6561279999999999
KXMLBMENTION-26JUN05KCMIN-GRAN,Mentions,"(0.5, 0.6]",-1,0.51,0.0,0.1100000000000001,0.006853000000000006,0.10314700000000009
KXMLBMENTION-26JUN05KCMIN-PINC,Mentions,"(0.6, 0.7]",-1,0.6492,1.0,-0.4658,0.017418125200000002,-0.4832181252
KXMLBMENTION-26JUN05KCMIN-TARG,Mentions,"(0.8, 0.9]",-1,0.82,1.0,-0.66,0.015708,-0.675708
KXNBAMENTION-26JUN05NYKSAS-BUZZ,Mentions,"(0.4, 0.5]",-1,0.41,0.0,0.11499999999999999,0.00712425,0.10787574999999999
KXNBAMENTION-26JUN05NYKSAS-ALLE,Mentions,"(0.4, 0.5]",-1,0.5,1.0,-0.6799999999999999,0.015232000000000004,-0.695232
KXNBAMENTION-26JUN05NYKSAS-CARE,Mentions,"(0.5, 0.6]",-1,0.57,0.0,0.22499999999999998,0.01220625,0.21279374999999998
KXNBAMENTION-26JUN05NYKSAS-WING,Mentions,"(0.4, 0.5]",-1,0.4071,0.0,0.21710000000000007,0.011897731300000004,0.20520226870000008
KXNBAMENTION-26JUN05NYKSAS-MOME,Mentions,"(0.8, 0.9]",-1,0.9,1.0,-0.305,0.014838250000000002,-0.31983825
KXNBAMENTION-26JUN05NYKSAS-GOAT,Mentions,"(0.2, 0.3]",-1,0.28,0.0,0.14,0.008428000000000001,0.13157200000000002
KXNBAMENTION-26JUN05NYKSAS-CLUT,Mentions,"(0.4, 0.5]",-1,0.48,1.0,-0.755,0.012948250000000001,-0.76794825
KXNBAMENTION-26JUN05NYKSAS-SPIK,Mentions,"(0.5, 0.6]",-1,0.52,0.0,0.04500000000000004,0.003008250000000003,0.041991750000000036
KXNHLVEZINA-26-LTHO,Sports,"(0.1, 0.2]",1,0.1076,0.0,-0.1276,0.007792276800000001,-0.1353922768
KXLASTWORDMENTION-26JUN05-GHIS,Mentions,"(0.4, 0.5]",-1,0.4088,0.0,-0.0411999999999999,0.0006930000000000006,-0.0418929999999999
KXETH-26JUN0612-B1540,Crypto,"(0.2, 0.3]",-1,0.24,0.0,0.040000000000000036,0.002688000000000003,0.03731200000000003
KXMLBMENTION-26JUN05KCMIN-PITC,Mentions,"(0.4, 0.5]",-1,0.4506,1.0,-0.9494,0.0033627747999999988,-0.9527627748
KXNBAMENTION-26JUN05NYKSAS-HIGH,Mentions,"(0.4, 0.5]",-1,0.4398,0.0,0.2248,0.012198547200000001,0.2126014528
KXFOXNEWSMENTION-26JUN06-TRUM,Mentions,"(0.5, 0.6]",-1,0.6,1.0,-0.8500000000000001,0.008924999999999997,-0.858925
KXFOXNEWSMENTION-26JUN06-JD,Mentions,"(0.4, 0.5]",-1,0.4958,1.0,-0.7092,0.0144364752,-0.7236364752000001
KXFOXNEWSMENTION-26JUN06-ICE,Mentions,"(0.3, 0.4]",-1,0.3589,1.0,-1.0911,0.0006930000000000006,-1.091793
KXFOXNEWSMENTION-26JUN06-AI,Mentions,"(0.3, 0.4]",-1,0.39,0.0,-0.09499999999999997,0.0006930000000000006,-0.09569299999999997
KXFOXNEWSMENTION-26JUN06-ELEC,Mentions,"(0.4, 0.5]",-1,0.475,0.0,-0.010000000000000009,0.0006930000000000006,-0.01069300000000001
KXFOXNEWSMENTION-26JUN06-BIPA,Mentions,"(0.4, 0.5]",-1,0.4091,0.0,-0.07589999999999986,0.0006930000000000006,-0.07659299999999986
KXFOXNEWSMENTION-26JUN06-HEAL,Mentions,"(0.3, 0.4]",-1,0.3633,0.0,-0.0867,0.0006930000000000006,-0.087393
KXFOXNEWSMENTION-26JUN06-SOMA,Mentions,"(0.3, 0.4]",-1,0.3933,0.0,-0.05669999999999997,0.0006930000000000006,-0.05739299999999997
KXFOXNEWSMENTION-26JUN06-SUMM,Mentions,"(0.3, 0.4]",-1,0.3566,0.0,-0.09339999999999993,0.0006930000000000006,-0.09409299999999993
KXFOXNEWSMENTION-26JUN06-EPST,Mentions,"(0.2, 0.3]",-1,0.2512,0.0,-0.22880000000000011,0.0006930000000000006,-0.2294930000000001
KXWILDSHT-26-FOX,Economics,"(0.8, 0.9]",-1,0.89,1.0,-0.19,0.010773000000000001,-0.200773
KXWILDSHT-26-BAD,Economics,"(0.8, 0.9]",-1,0.82,0.0,0.74,0.013468000000000006,0.726532
KXSOL15M-26JUN061445-45,Crypto,"(0.2, 0.3]",-1,0.2108,0.0,0.20079999999999998,0.0112335552,0.18956644479999998
KXCODMAP-26JUN061500TORPAR-1-TOR,Sports,"(0.9, 1.0]",-1,0.96,0.0,0.48,0.017472,0.462528
KXINTLFRIENDLYTOTAL-26JUN06PORCHI-3,Sports,"(0.5, 0.6]",-1,0.6,1.0,-0.75,0.013125000000000001,-0.763125
KXMLBHIT-26JUN061310SEADET-SEALRALEY20-2,Sports,"(0.2, 0.3]",-1,0.23,0.0,-0.22999999999999998,0.0006930000000000006,-0.23069299999999998
KXINTLFRIENDLYTOTAL-26JUN06SUIAUS-3,Sports,"(0.2, 0.3]",-1,0.2592,0.0,0.17420000000000002,0.010069805200000002,0.16413019480000002
KXBTCD-26JUN0617-T65999.99,Crypto,"(0.2, 0.3]",-1,0.22,0.0,0.19999999999999996,0.0112,0.18879999999999997
KXBTC-26JUN0617-B55875,Crypto,"(0.2, 0.3]",-1,0.29,0.0,0.27,0.013797000000000002,0.256203
KXWNBAPTS-26JUN06GSLV-GSJSALAN13-10,Sports,"(0.7, 0.8]",-1,0.75,1.0,-0.745,0.013298250000000001,-0.75829825
KXMLBHIT-26JUN061420SFCHC-SFMCHAPMAN26-1,Sports,"(0.5, 0.6]",-1,0.55,0.0,0.06000000000000005,0.003948000000000004,0.056052000000000046
KXUFCMOV-26JUN06CHADUB-CHASUB,Sports,"(0.2, 0.3]",-1,0.23,0.0,-0.16500000000000004,0.0006930000000000006,-0.16569300000000003
KXINTLFRIENDLYTOTAL-26JUN06ENGNZL-2,Sports,"(0.7, 0.8]",-1,0.79,0.0,0.5700000000000001,0.017157000000000002,0.5528430000000001
KXMLBHIT-26JUN061507BALTOR-TORKOKAMOTO7-1,Sports,"(0.5, 0.6]",-1,0.57,1.0,-0.92,0.005151999999999999,-0.9251520000000001
KXUFCMOV-26JUN06SILCHA-CHADEC,Sports,"(0.2, 0.3]",-1,0.28,0.0,-0.11499999999999999,0.0006930000000000006,-0.11569299999999999
KXMLBSPREAD-26JUN061605CWSPHI-CWS3,Sports,"(0.2, 0.3]",-1,0.25,1.0,-1.24,0.0006930000000000006,-1.240693
KXMLBHR-26JUN061605CWSPHI-PHITTURNER7-1,Sports,"(0.1, 0.2]",1,0.11,0.0,-0.13,0.007917,-0.137917
KXUFCMOV-26JUN06MCGYAN-MCGSUB,Sports,"(0.2, 0.3]",-1,0.26,0.0,-0.19500000000000006,0.0006930000000000006,-0.19569300000000006
KXINTLFRIENDLYTOTAL-26JUN06VENTUR-4,Sports,"(0.2, 0.3]",-1,0.24,0.0,0.06999999999999995,0.004556999999999997,0.06544299999999996
KXFIGHTMENTION-26JUN06ALLSHA-BLOO,Mentions,"(0.4, 0.5]",-1,0.48,1.0,-0.97,0.002037000000000002,-0.9720369999999999
KXFIGHTMENTION-26JUN06ZIANOL-TIRE,Mentions,"(0.4, 0.5]",-1,0.48,0.0,0.030000000000000027,0.002037000000000002,0.027963000000000026
KXAAAGASD-26JUN07-4.185,Economics,"(-0.001, 0.1]",1,0.06,0.0,-0.36,0.016128,-0.37612799999999996
KXAAAGASD-26JUN07-4.135,Economics,"(0.9, 1.0]",-1,0.99,1.0,-0.06,0.003948,-0.063948
KXAAAGASD-26JUN07-4.205,Economics,"(-0.001, 0.1]",1,0.03,0.0,-0.08,0.005152000000000001,-0.085152
KXAAAGASD-26JUN07-4.210,Economics,"(-0.001, 0.1]",1,0.01,0.0,-0.060000000000000005,0.003948,-0.063948
KXAAAGASD-26JUN07-4.130,Economics,"(0.9, 1.0]",-1,0.99,1.0,-0.06,0.003948,-0.063948
KXAAAGASD-26JUN07-4.190,Economics,"(-0.001, 0.1]",1,0.05,0.0,-0.25,0.013125000000000001,-0.263125
KXAAAGASD-26JUN07-4.140,Economics,"(0.9, 1.0]",-1,0.99,1.0,-0.06,0.003948,-0.063948
KXAAAGASD-26JUN07-4.150,Economics,"(0.9, 1.0]",-1,0.99,1.0,-0.505,0.017498250000000003,-0.52249825
KXAAAGASD-26JUN07-4.155,Economics,"(0.9, 1.0]",-1,0.99,1.0,-0.505,0.017498250000000003,-0.52249825
KXAAAGASD-26JUN07-4.165,Economics,"(0.8, 0.9]",-1,0.89,1.0,-0.605,0.016728250000000004,-0.62172825
KXAAAGASD-26JUN07-4.195,Economics,"(-0.001, 0.1]",1,0.03,0.0,-0.13,0.007917,-0.137917
KXAAAGASD-26JUN07-4.145,Economics,"(0.9, 1.0]",-1,0.99,1.0,-0.06,0.003948,-0.063948
KXAAAGASD-26JUN07-4.160,Economics,"(0.9, 1.0]",-1,0.97,1.0,-0.525,0.017456250000000003,-0.54245625
KXBTCD-26JUN0700-T61599.99,Crypto,"(0.2, 0.3]",-1,0.2885,1.0,-0.7165,0.0142189425,-0.7307189425
KXFIGHTMENTION-26JUN06MUHBON-LEGA,Mentions,"(0.2, 0.3]",-1,0.2392,0.0,-0.2108000000000001,0.0006930000000000006,-0.2114930000000001
KXMLBTEAMTOTAL-26JUN062110MILCOL-MIL7,Sports,"(0.5, 0.6]",-1,0.5049,1.0,-0.9901,0.0006930000000000006,-0.990793
KXMLBTB-26JUN062110MILCOL-MILCYELICH22-4,Sports,"(0.2, 0.3]",-1,0.22,0.0,-0.27,0.0006930000000000006,-0.270693
KXMLBHR-26JUN062210LAALAD-LADMBETTS50-1,Sports,"(0.1, 0.2]",1,0.14,0.0,-0.15500000000000003,0.009168250000000003,-0.16416825000000002
KXMLBTB-26JUN062210LAALAD-LADACALL12-2,Sports,"(0.2, 0.3]",-1,0.29,0.0,-0.18500000000000005,0.0006930000000000006,-0.18569300000000005
KXMLBTB-26JUN062210LAALAD-LADAPAGES44-2,Sports,"(0.5, 0.6]",-1,0.52,1.0,-0.96,0.002688000000000003,-0.962688
KXNHLMENTION-26JUN06CARVGK-CROS,Mentions,"(0.9, 1.0]",-1,0.9406,1.0,-0.13940000000000002,0.008397734800000002,-0.14779773480000002
KXNHLMENTION-26JUN06CARVGK-GLAS,Mentions,"(0.9, 1.0]",-1,0.908,1.0,-0.5269999999999999,0.01744897,-0.5444489699999999
KXNHLMENTION-26JUN06CARVGK-NQE,Mentions,"(-0.001, 0.1]",1,0.0104,0.0,-0.4454,0.0172913188,-0.46269131880000003
KXMLBMENTION-26JUN06CLETEX-DOUB,Mentions,"(0.9, 1.0]",-1,0.97,1.0,-0.515,0.017484250000000003,-0.53248425
KXMLBMENTION-26JUN06CLETEX-TRIP,Mentions,"(0.7, 0.8]",-1,0.8,0.0,0.7100000000000001,0.014412999999999999,0.6955870000000001
KXMLBMENTION-26JUN06CLETEX-PITC,Mentions,"(0.4, 0.5]",-1,0.41,0.0,-0.08000000000000007,0.0006930000000000006,-0.08069300000000007
KXITFMATCH-26JUN06KOISEI-SEI,Sports,"(0.2, 0.3]",-1,0.21,0.0,-0.28,0.0006930000000000006,-0.280693
KXATPMATCH-26JUN07DAMFIC-FIC,Sports,"(0.1, 0.2]",1,0.2,0.0,-0.6399999999999999,0.016128000000000003,-0.6561279999999999
KXATPMATCH-26JUN07HUEONC-HUE,Sports,"(0.5, 0.6]",-1,0.52,0.0,0.08000000000000007,0.005152000000000005,0.07484800000000007
KXTRUMPACT-26MAY31-T1,Politics,"(0.9, 1.0]",-1,0.92,1.0,-0.11499999999999994,0.007124249999999997,-0.12212424999999993
KXTRUMPACT-26MAY31-T2,Politics,"(0.8, 0.9]",-1,0.81,1.0,-0.22499999999999992,0.01220625,-0.23720624999999992
KXPGAR3LEAD-THMTPBW26-WKIM,Sports,"(0.1, 0.2]",1,0.12,0.0,-0.33999999999999997,0.015708000000000003,-0.35570799999999997
KXMLBMENTION-26JUN06BOSNYY-MVP,Mentions,"(0.8, 0.9]",-1,0.9,0.0,0.65,0.015925,0.634075
KXFIGHTMENTION-26JUN06MUHBON-DECI,Mentions,"(0.8, 0.9]",-1,0.85,0.0,0.3999999999999999,0.0168,0.38319999999999993
KXHOMANMENTION-26JUN06-SPAG,Mentions,"(0.3, 0.4]",-1,0.37,1.0,-1.08,0.0006930000000000006,-1.0806930000000001
KXHOMANMENTION-26JUN06-DEPO,Mentions,"(0.9, 1.0]",-1,0.91,1.0,-0.54,0.017388,-0.557388
KXHOMANMENTION-26JUN06-WORL,Mentions,"(0.5, 0.6]",-1,0.5008,0.0,0.050799999999999956,0.003375355199999997,0.04742464479999996
KXHOMANMENTION-26JUN06-MIKI,Mentions,"(0.2, 0.3]",-1,0.2043,0.0,-0.24570000000000003,0.0006930000000000006,-0.24639300000000003
KXHOMANMENTION-26JUN06-MINN,Mentions,"(0.5, 0.6]",-1,0.5595,0.0,0.10949999999999993,0.006825682499999997,0.10267431749999993
KXFOXNEWSMENTION-26JUN07-TRUM,Mentions,"(0.5, 0.6]",-1,0.53,1.0,-0.9199999999999999,0.005152000000000005,-0.925152
KXFOXNEWSMENTION-26JUN07-REPU,Mentions,"(0.5, 0.6]",-1,0.56,1.0,-0.885,0.00712425,-0.8921242500000001
KXFOXNEWSMENTION-26JUN07-IRAN,Mentions,"(0.7, 0.8]",-1,0.77,1.0,-0.6799999999999999,0.015232000000000004,-0.695232
KXFOXNEWSMENTION-26JUN07-CEAS,Mentions,"(0.4, 0.5]",-1,0.41,1.0,-1.0350000000000001,0.0006930000000000006,-1.0356930000000002
KXFOXNEWSMENTION-26JUN07-NQE,Mentions,"(-0.001, 0.1]",1,0.01,0.0,-0.46,0.017388000000000004,-0.47738800000000003
KXTRUMPMENTION-26JUN07-BIDE,Mentions,"(0.8, 0.9]",-1,0.84,1.0,-0.5900000000000001,0.016933,-0.6069330000000001
KXTRUMPMENTION-26JUN07-IRAN,Mentions,"(0.8, 0.9]",-1,0.85,1.0,-0.5800000000000001,0.017052,-0.597052
KXTRUMPMENTION-26JUN07-FIRS,Mentions,"(0.3, 0.4]",-1,0.34,1.0,-1.0899999999999999,0.0006930000000000006,-1.090693
KXTRUMPMENTION-26JUN07-CEAS,Mentions,"(0.9, 1.0]",-1,0.9091,1.0,-0.5208999999999999,0.017469423300000002,-0.5383694232999999
KXTRUMPMENTION-26JUN07-ELEC,Mentions,"(0.8, 0.9]",-1,0.84,1.0,-0.5900000000000001,0.016933,-0.6069330000000001
KXTRUMPMENTION-26JUN07-NUCL,Mentions,"(0.8, 0.9]",-1,0.85,1.0,-0.5800000000000001,0.017052,-0.597052
KXTRUMPMENTION-26JUN07-BARA,Mentions,"(0.8, 0.9]",-1,0.84,1.0,-0.5900000000000001,0.016933,-0.6069330000000001
KXTRUMPMENTION-26JUN07-HIGH,Mentions,"(0.4, 0.5]",-1,0.49,0.0,0.06000000000000005,0.003948000000000004,0.056052000000000046
KXTRUMPMENTION-26JUN07-CRYP,Mentions,"(0.4, 0.5]",-1,0.5,0.0,0.07000000000000006,0.004557000000000005,0.06544300000000006
KXTRUMPMENTION-26JUN07-AFFO,Mentions,"(0.4, 0.5]",-1,0.5,0.0,0.07000000000000006,0.004557000000000005,0.06544300000000006
KXMLBF5TOTAL-26JUN071340SEADET-7,Sports,"(0.2, 0.3]",-1,0.3,0.0,-0.004999999999999893,0.0006930000000000006,-0.005692999999999894
KXCS2MAP-26JUN071300INOXTDK-2-TDK,Sports,"(0.5, 0.6]",-1,0.5441,1.0,-0.7109,0.014386483300000003,-0.7252864833
KXSOL15M-26JUN071530-30,Crypto,"(0.2, 0.3]",-1,0.257,0.0,0.242,0.012840520000000001,0.22915948
KXBNB15M-26JUN071530-30,Crypto,"(0.2, 0.3]",-1,0.2717,0.0,0.25170000000000003,0.013184297700000003,0.23851570230000002
KXMLBRFI-26JUN071510MILCOL,Sports,"(0.5, 0.6]",-1,0.55,1.0,-0.53,0.017437,-0.5474370000000001
KXATPMENTION-FOMEN26-DOUB,Mentions,"(0.3, 0.4]",-1,0.4,1.0,-1.085,0.0006930000000000006,-1.085693
KXLIVTOP10-AND26-MKAY,Sports,"(0.1, 0.2]",1,0.11,0.0,-0.605,0.016728250000000004,-0.62172825
KXFIGHTMENTION-26JUN06ALLSHA-DECI,Mentions,"(0.2, 0.3]",-1,0.2833,0.0,-0.16670000000000007,0.0006930000000000006,-0.16739300000000007
KXMLBHIT-26JUN071335PITATL-ATLMOLSON28-2,Sports,"(0.2, 0.3]",-1,0.26,0.0,-0.22999999999999998,0.0006930000000000006,-0.23069299999999998
KXMLBHIT-26JUN071335PITATL-ATLRACUNA13-2,Sports,"(0.2, 0.3]",-1,0.26,0.0,-0.23499999999999988,0.0006930000000000006,-0.23569299999999987
KXMLBHIT-26JUN071335BOSNYY-NYYJCHISHOLM13-1,Sports,"(0.5, 0.6]",-1,0.56,1.0,-0.9299999999999999,0.004557000000000005,-0.934557
KXMLBTOTAL-26JUN071340SEADET-3,Sports,"(0.8, 0.9]",-1,0.8975,1.0,-0.5375000000000001,0.017401562500000002,-0.5549015625000001
KXMLBTB-26JUN071335BOSNYY-NYYCBELLINGER35-3,Sports,"(0.2, 0.3]",-1,0.22,1.0,-0.925,0.004856249999999999,-0.92985625
KXMLBHIT-26JUN071415CINSTL-STLBTORRES39-1,Sports,"(0.5, 0.6]",-1,0.59,1.0,-0.5700000000000001,0.017157,-0.587157
KXMLBKS-26JUN071435CLETEX-TEXJDEGROM48-7,Sports,"(0.2, 0.3]",-1,0.255,0.0,0.16000000000000003,0.009408000000000003,0.15059200000000003
KXMLBHIT-26JUN071515WSHAZ-AZTTROY9-1,Sports,"(0.5, 0.6]",-1,0.56,0.0,0.09499999999999997,0.006018249999999998,0.08898174999999997
KXBTCD-26JUN0718-T62099.99,Crypto,"(0.2, 0.3]",-1,0.2344,0.0,0.22939999999999994,0.0123742948,0.21702570519999995
KXINTLFRIENDLYGAME-26JUN07ECUGTM-TIE,Sports,"(0.5, 0.6]",-1,0.51,0.0,0.14,0.008428000000000001,0.13157200000000002
KXMLBMENTION-26JUN07WSHAZ-BUNT,Mentions,"(0.6, 0.7]",-1,0.6845,1.0,-0.8055,0.0109668825,-0.8164668825
KXMLBTOTAL-26JUN071510MILCOL-8,Sports,"(0.8, 0.9]",-1,0.82,1.0,-0.67,0.015477,-0.685477
KXMLBHR-26JUN071510MILCOL-MILBPERKINS16-1,Sports,"(0.1, 0.2]",1,0.11,0.0,-0.6,0.016800000000000002,-0.6168
KXMLBKS-26JUN071510MILCOL-MILSDROHAN73-7,Sports,"(0.1, 0.2]",1,0.12,0.0,-0.19,0.010773000000000001,-0.200773
KXMLBHRR-26JUN071510MILCOL-MILJCHOURIO11-3,Sports,"(0.5, 0.6]",-1,0.59,1.0,-0.72,0.014112000000000001,-0.734112
KXMLBGAME-26JUN071610NYMSD-NYM,Sports,"(0.5, 0.6]",-1,0.51,1.0,-0.755,0.012948250000000001,-0.76794825
KXPGATOP20-THMTPBW26-THOG,Sports,"(0.1, 0.2]",1,0.18,0.0,-0.24,0.012768000000000002,-0.252768
KXMLBHR-26JUN071610LAALAD-LADSOHTANI17-1,Sports,"(0.1, 0.2]",1,0.19,0.0,-0.675,0.01535625,-0.69035625
KXMLBHIT-26JUN071610LAALAD-LADSOHTANI17-2,Sports,"(0.2, 0.3]",-1,0.24,1.0,-1.25,0.0006930000000000006,-1.250693
KXMLBHIT-26JUN071610LAALAD-LADDRUSHING68-1,Sports,"(0.5, 0.6]",-1,0.58,1.0,-0.7150000000000001,0.01426425,-0.7292642500000001
KXBTCD-26JUN0722-T64499.99,Crypto,"(0.2, 0.3]",-1,0.28,0.0,0.135,0.008174250000000001,0.12682575000000001
KXLOVEISLMENTION-26JUN07-FIRE,Mentions,"(0.8, 0.9]",-1,0.85,1.0,-0.42500000000000004,0.017106250000000003,-0.44210625000000003
KXMLBTB-26JUN072030SFCHC-SFDSUSAC6-2,Sports,"(0.2, 0.3]",-1,0.29,0.0,0.20500000000000007,0.011408250000000003,0.19359175000000006
KXTSAW-26JUN07-A2.65,Economics,"(-0.001, 0.1]",1,0.08,0.0,-0.12,0.007392000000000001,-0.127392
KXAAAGASW-26JUN08-4.460,Economics,"(-0.001, 0.1]",1,0.09,0.0,-0.47,0.017437,-0.48743699999999995
KXTSAW-26JUN07-A2.70,Economics,"(-0.001, 0.1]",1,0.02,0.0,-0.05500000000000001,0.003638250000000001,-0.05863825000000001
KXAAAGASD-26JUN08-4.155,Economics,"(0.8, 0.9]",-1,0.84,1.0,-0.655,0.015818250000000002,-0.6708182500000001
KXAAAGASD-26JUN08-4.170,Economics,"(-0.001, 0.1]",1,0.05,0.0,-0.545,0.01735825,-0.5623582500000001
KXAAAGASD-26JUN08-4.175,Economics,"(-0.001, 0.1]",1,0.03,0.0,-0.525,0.017456250000000003,-0.54245625
KXAAAGASD-26JUN08-4.180,Economics,"(-0.001, 0.1]",1,0.0301,0.0,-0.5251,0.0174558993,-0.5425558993
KXAAAGASW-26JUN08-4.120,Economics,"(0.8, 0.9]",-1,0.81,1.0,-0.6299999999999999,0.016317,-0.6463169999999999
KXAAAGASW-26JUN08-4.140,Economics,"(0.9, 1.0]",-1,0.99,1.0,-0.495,0.01749825,-0.51249825
KXAAAGASD-26JUN08-4.125,Economics,"(0.9, 1.0]",-1,0.99,1.0,-0.505,0.017498250000000003,-0.52249825
KXAAAGASW-26JUN08-4.220,Economics,"(0.4, 0.5]",-1,0.46,0.0,0.365,0.016224250000000003,0.34877575
KXAAAGASW-26JUN08-4.145,Economics,"(0.8, 0.9]",-1,0.82,1.0,-0.5900000000000001,0.016933,-0.6069330000000001
KXAAAGASD-26JUN08-4.140,Economics,"(0.9, 1.0]",-1,0.98,1.0,-0.515,0.017484250000000003,-0.53248425
KXAAAGASD-26JUN08-4.135,Economics,"(0.9, 1.0]",-1,0.99,1.0,-0.505,0.017498250000000003,-0.52249825
KXAAAGASD-26JUN08-4.130,Economics,"(0.9, 1.0]",-1,0.99,1.0,-0.505,0.017498250000000003,-0.52249825
KXAAAGASD-26JUN08-4.105,Economics,"(0.9, 1.0]",-1,0.989,1.0,-0.506,0.017497480000000003,-0.52349748
KXAAAGASW-26JUN08-4.440,Economics,"(-0.001, 0.1]",1,0.09,0.0,-0.46499999999999997,0.017414250000000003,-0.48241425
KXAAAGASW-26JUN08-4.170,Economics,"(0.8, 0.9]",-1,0.8098,0.0,0.4947999999999999,0.0174981072,0.4773018927999999
KXAAAGASD-26JUN08-4.110,Economics,"(0.9, 1.0]",-1,0.9802,1.0,-0.5148,0.0174846672,-0.5322846672
KXAAAGASD-26JUN08-4.115,Economics,"(0.9, 1.0]",-1,0.98,1.0,-0.515,0.017484250000000003,-0.53248425
KXAAAGASD-26JUN08-4.120,Economics,"(0.8, 0.9]",-1,0.9,1.0,-0.595,0.01686825,-0.61186825
KXAAAGASW-26JUN08-4.280,Economics,"(0.4, 0.5]",-1,0.41,0.0,0.29499999999999993,0.01455825,0.28044174999999993
KXAAAGASW-26JUN08-4.260,Economics,"(0.4, 0.5]",-1,0.5,0.0,0.31499999999999995,0.01510425,0.29989574999999996
KXAAAGASW-26JUN08-4.230,Economics,"(0.4, 0.5]",-1,0.5,0.0,0.09999999999999998,0.0063,0.09369999999999998
KXAAAGASD-26JUN08-4.100,Economics,"(0.9, 1.0]",-1,0.99,1.0,-0.505,0.017498250000000003,-0.52249825
KXMLBMENTION-26JUN07SFCHC-OHTA,Mentions,"(0.2, 0.3]",-1,0.25,1.0,-1.24,0.0006930000000000006,-1.240693
KXMLBMENTION-26JUN07SFCHC-PITC,Mentions,"(0.5, 0.6]",-1,0.56,1.0,-0.9299999999999999,0.004557000000000005,-0.934557
KXMLBMENTION-26JUN07SFCHC-BASE,Mentions,"(0.7, 0.8]",-1,0.72,1.0,-0.765,0.012584250000000002,-0.77758425
KXMLBMENTION-26JUN07SFCHC-SHUT,Mentions,"(0.8, 0.9]",-1,0.82,0.0,0.32999999999999996,0.015477,0.31452299999999994
KXXRP15M-26JUN080545-45,Crypto,"(0.2, 0.3]",-1,0.2714,1.0,-0.7536,0.0129980928,-0.7665980928
KXITFWMATCH-26JUN08DVOKMI-DVO,Sports,"(0.5, 0.6]",-1,0.59,1.0,-0.56,0.017248,-0.5772480000000001
KXATPCHALLENGERMATCH-26JUN08NEUDAN-DAN,Sports,"(0.2, 0.3]",-1,0.24,1.0,-1.22,0.0006930000000000006,-1.220693
KXLOVEISLMENTION-26JUN07-EX,Mentions,"(0.3, 0.4]",-1,0.37,0.0,-0.05499999999999994,0.0006930000000000006,-0.05569299999999994
KXTRUMPSAY-26JUN08-URAN,Mentions,"(0.4, 0.5]",-1,0.48,1.0,-0.8200000000000001,0.010331999999999997,-0.8303320000000001
KXTRUMPSAY-26JUN08-STUP,Mentions,"(0.4, 0.5]",-1,0.485,0.0,0.33000000000000007,0.015477000000000003,0.31452300000000005
KXTRUMPSAY-26JUN08-MARI,Mentions,"(0.3, 0.4]",-1,0.3483,0.0,0.21830000000000005,0.011945157700000004,0.20635484230000004
KXTRUMPSAY-26JUN08-EPST,Mentions,"(0.4, 0.5]",-1,0.42,0.0,0.30999999999999994,0.014973,0.29502699999999993
KXTRUMPSAY-26JUN08-CRYP,Mentions,"(0.4, 0.5]",-1,0.47,0.0,0.345,0.015818250000000002,0.32918175
KXTRUMPSAY-26JUN08-BALL,Mentions,"(0.8, 0.9]",-1,0.83,1.0,-0.24000000000000005,0.012768000000000005,-0.25276800000000005
KXTRUMPSAY-26JUN08-AUTI,Mentions,"(0.6, 0.7]",-1,0.62,0.0,0.31499999999999995,0.01510425,0.29989574999999996
KXWTACHALLENGERMATCH-26JUN08SHYNGO-NGO,Sports,"(0.5, 0.6]",-1,0.6,0.0,0.14,0.008428000000000001,0.13157200000000002
KXHOCHULMENTION-26JUN05-KNIC,Mentions,"(0.6, 0.7]",-1,0.6433,1.0,-0.43170000000000003,0.017173457700000005,-0.44887345770000003
KXHOCHULMENTION-26JUN05-TRUM,Mentions,"(0.5, 0.6]",-1,0.5067,1.0,-0.6633,0.015633317700000003,-0.6789333177
KXMAMDANIMENTION-26JUN06-BUDG,Mentions,"(0.4, 0.5]",-1,0.4467,0.0,-0.0383,0.0006930000000000006,-0.038993
KXMAMDANIMENTION-26JUN06-TRUM,Mentions,"(0.5, 0.6]",-1,0.5701,1.0,-0.8798999999999999,0.007397319300000006,-0.8872973192999999
KXMAMDANIMENTION-26JUN06-GROC,Mentions,"(0.3, 0.4]",-1,0.38,0.0,-0.07000000000000006,0.0006930000000000006,-0.07069300000000006
KXHOCHULMENTION-26JUN05-ECON,Mentions,"(0.2, 0.3]",-1,0.2503,0.0,0.06030000000000002,0.003966473700000001,0.05633352630000002
KXAGANNOUNCE-26-SEP01,Politics,"(0.8, 0.9]",-1,0.88,1.0,-0.15999999999999998,0.009408000000000001,-0.16940799999999998
KXFIGHTMENTION-26JUN06ZIANOL-BLOO,Mentions,"(0.4, 0.5]",-1,0.5,0.0,0.050000000000000044,0.0033250000000000033,0.04667500000000004
KXFIGHTMENTION-26JUN06ZIANOL-KNOC,Mentions,"(0.2, 0.3]",-1,0.21,0.0,-0.24,0.0006930000000000006,-0.240693
KXINXU-26JUN08H1600-T7024.9999,Financials,"(0.9, 1.0]",-1,0.99,1.0,-0.030000000000000027,0.002037000000000002,-0.03203700000000003
KXINXU-26JUN08H1600-T6849.9999,Financials,"(0.9, 1.0]",-1,0.99,1.0,-0.025000000000000022,0.0017062500000000016,-0.026706250000000025
KXINXU-26JUN08H1600-T7199.9999,Financials,"(0.9, 1.0]",-1,0.94,1.0,-0.08500000000000002,0.005444250000000002,-0.09044425000000002
KXWWDCMENTION-26JUN08-SIRI,Mentions,"(0.8, 0.9]",-1,0.89,1.0,-0.16500000000000004,0.009644250000000002,-0.17464425000000003
KXWWDCMENTION-26JUN08-TRUM,Mentions,"(-0.001, 0.1]",1,0.08,0.0,-0.14,0.008428000000000001,-0.148428
KXWWDCMENTION-26JUN08-APPLT,Mentions,"(0.5, 0.6]",-1,0.53,0.0,0.47,0.017437,0.452563
KXWWDCMENTION-26JUN08-VISU,Mentions,"(0.4, 0.5]",-1,0.458,0.0,0.3979999999999999,0.01677172,0.3812282799999999
KXWWDCMENTION-26JUN08-NQE,Mentions,"(-0.001, 0.1]",1,0.0904,0.0,-0.1454,0.008698118800000001,-0.15409811880000002
KXWWDCMENTION-26JUN08-IOS,Mentions,"(0.8, 0.9]",-1,0.9,0.0,0.895,0.00657825,0.88842175
KXBERNIEMENTION-26JUN08-NQE,Mentions,"(-0.001, 0.1]",1,0.01,0.0,-0.46,0.017388000000000004,-0.47738800000000003
KXBERNIEMENTION-26JUN08-CORR,Mentions,"(0.8, 0.9]",-1,0.85,1.0,-0.6000000000000001,0.0168,-0.6168000000000001
KXBERNIEMENTION-26JUN08-CHAT,Mentions,"(0.7, 0.8]",-1,0.75,0.0,0.30000000000000004,0.014700000000000003,0.28530000000000005
KXSOLD-26JUN0818-T67.9999,Crypto,"(0.2, 0.3]",-1,0.22,0.0,-0.28,0.0006930000000000006,-0.280693
KXTRUMPMENTION-26JUN08-LAND,Mentions,"(0.7, 0.8]",-1,0.75,1.0,-0.6799999999999999,0.015232000000000004,-0.695232
KXTRUMPMENTION-26JUN08-SAVE,Mentions,"(0.5, 0.6]",-1,0.5105,1.0,-0.9195,0.0051813825000000015,-0.9246813825
KXTRUMPMENTION-26JUN08-250,Mentions,"(0.4, 0.5]",-1,0.4408,0.0,0.010800000000000143,0.0007478352000000099,0.010052164800000133
KXTRUMPMENTION-26JUN08-CHEA,Mentions,"(0.8, 0.9]",-1,0.84,0.0,0.4099999999999999,0.016933,0.39306699999999994
KXTRUMPMENTION-26JUN08-TRAN,Mentions,"(0.6, 0.7]",-1,0.64,0.0,0.20999999999999996,0.011613,0.19838699999999995
KXTRUMPMENTION-26JUN08-NQE,Mentions,"(-0.001, 0.1]",1,0.08,0.0,-0.51,0.017493,-0.527493
KXEARNINGSMENTIONMTN-26JUN08-NORT,Mentions,"(0.6, 0.7]",-1,0.6633,1.0,-0.42169999999999996,0.0170708377,-0.43877083769999997
KXEARNINGSMENTIONMTN-26JUN08-CONV,Mentions,"(0.6, 0.7]",-1,0.6611,1.0,-0.43889999999999996,0.017238675300000002,-0.45613867529999996
KXEARNINGSMENTIONMTN-26JUN08-DINI,Mentions,"(0.7, 0.8]",-1,0.76,1.0,-0.345,0.015818250000000002,-0.36081824999999995
KXEARNINGSMENTIONMTN-26JUN08-RENT,Mentions,"(0.8, 0.9]",-1,0.85,0.0,0.8200000000000001,0.010332000000000001,0.809668
KXEARNINGSMENTIONMTN-26JUN08-GEN,Mentions,"(0.6, 0.7]",-1,0.62,0.0,0.51,0.017493,0.49250700000000003
KXTRUEV-26JUN08-T1292.52,Economics,"(-0.001, 0.1]",1,0.01,0.0,-0.505,0.017498250000000003,-0.52249825
KXTRUEV-26JUN08-T1242.52,Economics,"(0.4, 0.5]",-1,0.489,0.0,-0.006000000000000005,0.0006930000000000006,-0.006693000000000006
KXTRUEV-26JUN08-T1232.52,Economics,"(0.4, 0.5]",-1,0.5,1.0,-0.99,0.0006930000000000006,-0.990693
KXTRUEV-26JUN08-T1282.52,Economics,"(-0.001, 0.1]",1,0.01,0.0,-0.505,0.017498250000000003,-0.52249825
KXTRUFEGGS-26JUN08-T2.66,Economics,"(-0.001, 0.1]",1,0.03,1.0,0.475,0.017456250000000003,0.45754374999999997
KXTRUFEGGS-26JUN08-T2.67,Economics,"(0.9, 1.0]",-1,0.97,1.0,-0.525,0.017456250000000003,-0.54245625
KXTRUEV-26JUN08-T1162.52,Economics,"(0.9, 1.0]",-1,0.99,1.0,-0.505,0.017498250000000003,-0.52249825
KXTRUEV-26JUN08-T1172.52,Economics,"(0.9, 1.0]",-1,0.99,1.0,-0.505,0.017498250000000003,-0.52249825
KXTRUEV-26JUN08-T1182.52,Economics,"(0.9, 1.0]",-1,0.99,1.0,-0.505,0.017498250000000003,-0.52249825
KXTRUFBPPI-26JUN08-T975,Economics,"(-0.001, 0.1]",1,0.02,1.0,0.485,0.017484250000000003,0.46751575
KXNBAAST-26JUN08SASNYK-SASDFOX4-2,Sports,"(0.9, 1.0]",-1,0.98,1.0,-0.51,0.017493,-0.527493
KXVANCEMENTION-26JUN08-CORR,Mentions,"(0.8, 0.9]",-1,0.85,0.0,0.3999999999999999,0.0168,0.38319999999999993
KXVANCEMENTION-26JUN08-NQE,Mentions,"(-0.001, 0.1]",1,0.03,0.0,-0.48,0.017472,-0.49747199999999997
KXVANCEMENTION-26JUN08-BIDE,Mentions,"(0.5, 0.6]",-1,0.531,1.0,-0.919,0.0052107299999999985,-0.9242107300000001
KXVANCEMENTION-26JUN08-DEMO,Mentions,"(0.8, 0.9]",-1,0.85,1.0,-0.6000000000000001,0.0168,-0.6168000000000001
KXVANCEMENTION-26JUN08-ISRA,Mentions,"(0.3, 0.4]",-1,0.33,1.0,-1.1199999999999999,0.0006930000000000006,-1.120693
KXVANCEMENTION-26JUN08-AMER,Mentions,"(0.3, 0.4]",-1,0.4,0.0,-0.050000000000000044,0.0006930000000000006,-0.050693000000000044
KXAUNABCONF-26JUN08-T-19,Economics,"(0.4, 0.5]",-1,0.41,1.0,-1.085,0.0006930000000000006,-1.085693
KXAUNABCONF-26JUN08-T-21,Economics,"(0.4, 0.5]",-1,0.46,1.0,-1.0350000000000001,0.0006930000000000006,-1.0356930000000002
KXMLBTB-26JUN081835SEABAL-BALPALONSO25-3,Sports,"(0.2, 0.3]",-1,0.27,0.0,0.125,0.007656250000000001,0.11734375
KXMADDOWMENTION-26JUN08-UFC,Mentions,"(-0.001, 0.1]",1,0.07,1.0,0.51,0.017493,0.49250700000000003
KXMADDOWMENTION-26JUN08-REDI,Mentions,"(0.3, 0.4]",-1,0.3948,0.0,-0.02519999999999989,0.0006930000000000006,-0.02589299999999989
KXMADDOWMENTION-26JUN08-AI,Mentions,"(0.8, 0.9]",-1,0.8471,0.0,0.42710000000000004,0.017127991300000003,0.40997200870000006
KXMADDOWMENTION-26JUN08-ICE,Mentions,"(0.8, 0.9]",-1,0.81,1.0,-0.635,0.016224250000000003,-0.6512242500000001
KXMLBSPREAD-26JUN081840NYYCLE-CLE3,Sports,"(0.2, 0.3]",-1,0.25,0.0,-0.23499999999999988,0.0006930000000000006,-0.23569299999999987
KXMLBMENTION-26JUN08NYYCLE-OHTA,Mentions,"(0.7, 0.8]",-1,0.77,0.0,0.28500000000000003,0.014264250000000003,0.27073575000000005
KXMLBMENTION-26JUN08NYYCLE-BUNT,Mentions,"(0.7, 0.8]",-1,0.73,1.0,-0.755,0.012948250000000001,-0.76794825
KXMLBMENTION-26JUN08NYYCLE-NO,Mentions,"(0.2, 0.3]",-1,0.2653,0.0,-0.2246999999999999,0.0006930000000000006,-0.2253929999999999
KXMLBHIT-26JUN081840NYYCLE-NYYJCABALLERO72-2,Sports,"(0.1, 0.2]",1,0.18,0.0,-0.665,0.01559425,-0.6805942500000001
KXCHTRADEBAL-26JUN08-T20.0,Economics,"(0.9, 1.0]",-1,0.94,1.0,-0.555,0.01728825,-0.57228825
KXCHTRADEBAL-26JUN08-T160.0,Economics,"(-0.001, 0.1]",1,0.06,0.0,-0.5549999999999999,0.017288250000000005,-0.5722882499999999
KXNBAFTM-26JUN08SASNYK-SASVWEMBANYAMA1-5,Sports,"(0.1, 0.2]",1,0.13,1.0,0.8049999999999999,0.010988250000000001,0.7940117499999999
KXNBASTL-26JUN08SASNYK-NYKJBRUNSON11-2,Sports,"(0.2, 0.3]",-1,0.26,0.0,-0.2250000000000001,0.0006930000000000006,-0.2256930000000001
KXNBASTL-26JUN08SASNYK-NYKKTOWNS32-3,Sports,"(0.1, 0.2]",1,0.12,1.0,0.385,0.016574250000000002,0.36842575
KXNBASTL-26JUN08SASNYK-SASSCASTLE5-3,Sports,"(0.1, 0.2]",1,0.19,0.0,-0.6799999999999999,0.015232000000000004,-0.695232
KXNBA3PT-26JUN08SASNYK-NYKKTOWNS32-1,Sports,"(0.9, 1.0]",-1,0.97,0.0,0.475,0.017456250000000003,0.45754374999999997
KXNBATOTAL-26JUN08SASNYK-246,Sports,"(0.1, 0.2]",1,0.12,0.0,-0.5,0.0175,-0.5175
KXAAAGASD-26JUN09-4.165,Economics,"(-0.001, 0.1]",1,0.05,0.0,-0.45,0.017325000000000007,-0.467325
KXAAAGASD-26JUN09-4.160,Economics,"(-0.001, 0.1]",1,0.05,1.0,0.55,0.017325000000000007,0.532675
KXAAAGASD-26JUN09-4.155,Economics,"(-0.001, 0.1]",1,0.08,1.0,0.52,0.017472,0.502528
KXAAAGASD-26JUN09-4.150,Economics,"(-0.001, 0.1]",1,0.0906,1.0,0.5144,0.017485484800000003,0.49691451519999996
KXAAAGASD-26JUN09-4.115,Economics,"(0.9, 1.0]",-1,0.9897,1.0,-0.4103,0.0169367737,-0.4272367737
KXAAAGASD-26JUN09-4.120,Economics,"(0.9, 1.0]",-1,0.9897,1.0,-0.5053,0.017498033700000002,-0.5227980337
KXAAAGASD-26JUN09-4.170,Economics,"(-0.001, 0.1]",1,0.04,0.0,-0.44,0.017248000000000003,-0.457248
KXAAAGASD-26JUN09-4.110,Economics,"(0.9, 1.0]",-1,0.9897,1.0,-0.5053,0.017498033700000002,-0.5227980337
KXAAAGASD-26JUN09-4.105,Economics,"(0.9, 1.0]",-1,0.9897,1.0,-0.4103,0.0169367737,-0.4272367737
KXAAAGASD-26JUN09-4.100,Economics,"(0.9, 1.0]",-1,0.9897,1.0,-0.5053,0.017498033700000002,-0.5227980337
KXAAAGASD-26JUN09-4.175,Economics,"(-0.001, 0.1]",1,0.04,0.0,-0.44,0.017248000000000003,-0.457248
KXNBAPTS-26JUN08SASNYK-SASDFOX4-15,Sports,"(0.5, 0.6]",-1,0.55,0.0,0.06000000000000005,0.003948000000000004,0.056052000000000046
KXNBAPTS-26JUN08SASNYK-SASDVASSELL24-10,Sports,"(0.7, 0.8]",-1,0.75,1.0,-0.74,0.013468000000000003,-0.753468
KXNBAMENTION-26JUN08SASNYK-ALLE,Mentions,"(0.4, 0.5]",-1,0.45,1.0,-0.9850000000000001,0.0010342499999999935,-0.9860342500000001
KXNBAMENTION-26JUN08SASNYK-AIRB,Mentions,"(0.7, 0.8]",-1,0.74,0.0,0.30499999999999994,0.014838249999999999,0.29016174999999994
KXNBAMENTION-26JUN08SASNYK-TECH,Mentions,"(0.7, 0.8]",-1,0.8,1.0,-0.635,0.016224250000000003,-0.6512242500000001
KXNBAMENTION-26JUN08SASNYK-OVER,Mentions,"(0.3, 0.4]",-1,0.39,1.0,-1.045,0.0006930000000000006,-1.045693
KXNBAMENTION-26JUN08SASNYK-CLUT,Mentions,"(0.6, 0.7]",-1,0.64,1.0,-0.7949999999999999,0.011408250000000003,-0.8064082499999999
KXNBAMENTION-26JUN08SASNYK-NQE,Mentions,"(-0.001, 0.1]",1,0.01,0.0,-0.015,0.0010342500000000002,-0.01603425
KXNBAMENTION-26JUN08SASNYK-TRUM,Mentions,"(0.5, 0.6]",-1,0.55,1.0,-0.7449999999999999,0.013298250000000005,-0.7582982499999998
KXNBAMENTION-26JUN08SASNYK-MSG,Mentions,"(0.8, 0.9]",-1,0.9,1.0,-0.18,0.010332000000000001,-0.190332
KXNBAMENTION-26JUN08SASNYK-ZOHR,Mentions,"(0.4, 0.5]",-1,0.44,0.0,0.07499999999999996,0.004856249999999999,0.07014374999999996
KXMLBSPREAD-26JUN082140CINSD-SD4,Sports,"(0.1, 0.2]",1,0.2,1.0,0.31000000000000005,0.014973000000000004,0.29502700000000004
KXMLBHR-26JUN082140CINSD-CINESUAREZ28-1,Sports,"(0.1, 0.2]",1,0.15,0.0,-0.24,0.012768000000000002,-0.252768
KXMLBHIT-26JUN082140CINSD-SDJBOWEN4-1,Sports,"(0.5, 0.6]",-1,0.54,1.0,-0.75,0.013125000000000001,-0.763125
KXMLBGAME-26JUN082138HOULAA-HOU,Sports,"(0.5, 0.6]",-1,0.57,1.0,-0.7000000000000001,0.0147,-0.7147000000000001
KXMLBHRR-26JUN082145WSHSF-SFMCHAPMAN26-3,Sports,"(0.2, 0.3]",-1,0.29,1.0,-1.19,0.0006930000000000006,-1.190693
KXDETRADEBAL-26JUN09-T20.0,Economics,"(-0.001, 0.1]",1,0.01,0.0,-0.505,0.017498250000000003,-0.52249825
KXDETRADEBAL-26JUN09-T21.0,Economics,"(-0.001, 0.1]",1,0.01,0.0,-0.505,0.017498250000000003,-0.52249825
KXDETRADEBAL-26JUN09-T12.0,Economics,"(0.9, 1.0]",-1,0.94,1.0,-0.555,0.01728825,-0.57228825
KXDETRADEBAL-26JUN09-T13.0,Economics,"(-0.001, 0.1]",1,0.03,1.0,0.475,0.017456250000000003,0.45754374999999997
KXDETRADEBAL-26JUN09-T14.0,Economics,"(-0.001, 0.1]",1,0.03,1.0,0.475,0.017456250000000003,0.45754374999999997
KXDETRADEBAL-26JUN09-T11.0,Economics,"(0.9, 1.0]",-1,0.94,1.0,-0.555,0.01728825,-0.57228825
KXDETRADEBAL-26JUN09-T10.0,Economics,"(0.9, 1.0]",-1,0.94,1.0,-0.555,0.01728825,-0.57228825
KXSOLD-26JUN0902-T66.9999,Crypto,"(0.2, 0.3]",-1,0.24,1.0,-1.21,0.0006930000000000006,-1.210693
KXMLBTOTAL-26JUN082205MILATH-17,Sports,"(0.7, 0.8]",-1,0.71,1.0,-0.785,0.01181425,-0.7968142500000001
KXSAGDPQOQ-26JUN03-T0.4,Economics,"(0.4, 0.5]",-1,0.46,1.0,-0.5850000000000001,0.01699425,-0.6019942500000001
KXSAGDPQOQ-26JUN03-T0.0,Economics,"(0.8, 0.9]",-1,0.87,1.0,-0.16999999999999998,0.009877000000000002,-0.17987699999999998
KXLOLGAME-26JUN090600WBGYNSEA-NSEA,Sports,"(0.8, 0.9]",-1,0.87,1.0,-0.51,0.017493,-0.527493
KXATHLETEMENTION-26JUN09B-TURN,Mentions,"(0.8, 0.9]",-1,0.82,1.0,-0.6300000000000001,0.016317,-0.6463170000000001
KXATHLETEMENTION-26JUN09B-WEMB,Mentions,"(0.8, 0.9]",-1,0.89,1.0,-0.56,0.017248,-0.5772480000000001
KXATHLETEMENTION-26JUN09B-FOUL,Mentions,"(0.8, 0.9]",-1,0.8315,1.0,-0.6185,0.0165170425,-0.6350170425
KXATHLETEMENTION-26JUN09B-CHAM,Mentions,"(0.8, 0.9]",-1,0.85,0.0,0.3999999999999999,0.0168,0.38319999999999993
KXATHLETEMENTION-26JUN09B-MSG,Mentions,"(0.7, 0.8]",-1,0.8,0.0,0.3500000000000001,0.015925000000000005,0.33407500000000007
KXATHLETEMENTION-26JUN09B-REST,Mentions,"(0.8, 0.9]",-1,0.84,0.0,0.3899999999999999,0.016652999999999998,0.37334699999999993
KXATHLETEMENTION-26JUN09B-TRUM,Mentions,"(0.7, 0.8]",-1,0.76,0.0,0.31000000000000005,0.014973000000000004,0.29502700000000004
KXNBAMENTION-26JUN08SASNYK-INJU,Mentions,"(0.8, 0.9]",-1,0.9,0.0,0.8400000000000001,0.009408000000000001,0.8305920000000001
KXNBAMENTION-26JUN08SASNYK-DRAF,Mentions,"(0.7, 0.8]",-1,0.8,0.0,0.365,0.016224250000000003,0.34877575
KXNBAMENTION-26JUN08SASNYK-WING,Mentions,"(0.8, 0.9]",-1,0.88,0.0,0.44500000000000006,0.017288250000000005,0.42771175000000006
KXNBAMENTION-26JUN08SASNYK-HIGH,Mentions,"(0.3, 0.4]",-1,0.37,0.0,-0.06499999999999995,0.0006930000000000006,-0.06569299999999995
KXAUWPCC-26JUN09-T-7.0,Economics,"(0.8, 0.9]",-1,0.86,1.0,-0.635,0.016224250000000003,-0.6512242500000001
KXAUWPCC-26JUN09-T-6.0,Economics,"(0.8, 0.9]",-1,0.8656,1.0,-0.6294,0.016327894800000003,-0.6457278947999999
KXAUWPCC-26JUN09-T3.0,Economics,"(0.4, 0.5]",-1,0.43,0.0,-0.06499999999999995,0.0006930000000000006,-0.06569299999999995
KXAUWPCC-26JUN09-T2.0,Economics,"(0.4, 0.5]",-1,0.48,0.0,-0.015000000000000124,0.0006930000000000006,-0.015693000000000124
KXEHSALES-26JUN09-T3.80,Economics,"(0.9, 1.0]",-1,0.95,1.0,-0.29000000000000004,0.014413000000000004,-0.30441300000000004
KXEHSALES-26JUN09-T3.70,Economics,"(0.9, 1.0]",-1,0.99,1.0,-0.025000000000000022,0.0017062500000000016,-0.026706250000000025
KXEHSALES-26JUN09-T4.40,Economics,"(-0.001, 0.1]",1,0.05,0.0,-0.185,0.010554250000000001,-0.19555424999999999
KXLOVEISLMENTION-26JUN08-DATE,Mentions,"(0.8, 0.9]",-1,0.8903,1.0,-0.5597000000000001,0.0172505137,-0.5769505137000001
KXLOVEISLMENTION-26JUN08-HEAR,Mentions,"(0.2, 0.3]",-1,0.2717,0.0,-0.1782999999999999,0.0006930000000000006,-0.1789929999999999
KXLOVEISLMENTION-26JUN08-BOMB,Mentions,"(0.8, 0.9]",-1,0.8838,1.0,-0.5662,0.017193229200000004,-0.5833932292
KXLOVEISLMENTION-26JUN08-LOYA,Mentions,"(0.4, 0.5]",-1,0.495,0.0,0.04499999999999993,0.0030082499999999957,0.04199174999999993
KXLOVEISLMENTION-26JUN08-DUMP,Mentions,"(0.7, 0.8]",-1,0.7646,0.0,0.3146,0.015093878800000002,0.2995061212
KXWTAMATCH-26JUN09CIRING-CIR,Sports,"(0.7, 0.8]",-1,0.78,1.0,-0.645,0.01602825,-0.66102825
KXMAMDANIMENTION-26JUN09B-TRUM,Mentions,"(0.5, 0.6]",-1,0.5567,0.0,0.10670000000000002,0.006672057700000001,0.10002794230000002
KXMAMDANIMENTION-26JUN09B-MUSL,Mentions,"(-0.001, 0.1]",1,0.0941,0.0,-0.5441,0.0173638633,-0.5614638633
KXMAMDANIMENTION-26JUN09B-GROC,Mentions,"(0.2, 0.3]",-1,0.2025,0.0,-0.24750000000000005,0.0006930000000000006,-0.24819300000000005
KXMAMDANIMENTION-26JUN09B-FIVE,Mentions,"(0.4, 0.5]",-1,0.4067,1.0,-1.0433,0.0006930000000000006,-1.043993
KXMAMDANIMENTION-26JUN09B-NEW,Mentions,"(0.2, 0.3]",-1,0.2441,0.0,-0.20589999999999997,0.0006930000000000006,-0.20659299999999997
KXNASDAQ100U-26JUN09H1100-T29349.99,Financials,"(0.9, 1.0]",-1,0.91,0.0,0.885,0.007124249999999997,0.8778757500000001
KXINXU-26JUN09H1100-T7409.9999,Financials,"(0.9, 1.0]",-1,0.91,0.0,0.885,0.007124249999999997,0.8778757500000001
KXINXU-26JUN09H1100-T7414.9999,Financials,"(0.9, 1.0]",-1,0.91,0.0,0.885,0.007124249999999997,0.8778757500000001
KXINXU-26JUN09H1100-T7404.9999,Financials,"(0.9, 1.0]",-1,0.91,0.0,0.885,0.00712425,0.87787575
KXMAMDANIMENTION-26JUN09B-KNIC,Mentions,"(0.7, 0.8]",-1,0.7239,0.0,0.27390000000000003,0.013921515300000003,0.2599784847
KXMELANIAMENTION-26JUN09-NQE,Mentions,"(-0.001, 0.1]",1,0.02,0.0,-0.37,0.016317,-0.386317
KXMELANIAMENTION-26JUN09-SCHO,Mentions,"(0.8, 0.9]",-1,0.85,1.0,-0.6000000000000001,0.0168,-0.6168000000000001
KXMELANIAMENTION-26JUN09-SECU,Mentions,"(0.2, 0.3]",-1,0.27,0.0,-0.17999999999999994,0.0006930000000000006,-0.18069299999999994
KXHEARINGMENTION-26JUN09B-TRUM,Mentions,"(0.8, 0.9]",-1,0.8468,1.0,-0.6032,0.0167544832,-0.6199544831999999
KXHEARINGMENTION-26JUN09B-FENT,Mentions,"(0.8, 0.9]",-1,0.8067,1.0,-0.6383000000000001,0.0161611177,-0.6544611177
KXHEARINGMENTION-26JUN09B-AI,Mentions,"(0.6, 0.7]",-1,0.6067,1.0,-0.8432999999999999,0.009250157700000004,-0.8525501577
KXHEARINGMENTION-26JUN09B-BEIJ,Mentions,"(0.7, 0.8]",-1,0.71,1.0,-0.64,0.016128000000000003,-0.656128
KXHEARINGMENTION-26JUN09B-IRAN,Mentions,"(0.6, 0.7]",-1,0.61,0.0,0.26,0.013468000000000003,0.246532
KXLASTWORDCOUNT-LAWR26JUN08-50,Mentions,"(0.3, 0.4]",-1,0.38,1.0,-1.1099999999999999,0.0006930000000000006,-1.110693
KXLASTWORDCOUNT-LAWR26JUN08-35,Mentions,"(0.8, 0.9]",-1,0.85,1.0,-0.64,0.016128000000000003,-0.656128
KXLASTWORDCOUNT-LAWR26JUN08-80,Mentions,"(-0.001, 0.1]",1,0.06,0.0,-0.55,0.017325,-0.5673250000000001
KXPERSONMENTION-26JUN09B-ZELD,Mentions,"(0.6, 0.7]",-1,0.7,1.0,-0.65,0.015925,-0.665925
KXPERSONMENTION-26JUN09B-SPOR,Mentions,"(0.5, 0.6]",-1,0.55,1.0,-0.7999999999999999,0.011200000000000003,-0.8111999999999999
KXPERSONMENTION-26JUN09B-FIRE,Mentions,"(0.5, 0.6]",-1,0.5129,1.0,-0.8371,0.009545451300000004,-0.8466454512999999
KXPERSONMENTION-26JUN09B-PIKM,Mentions,"(0.4, 0.5]",-1,0.492,0.0,0.14200000000000002,0.008528520000000001,0.13347148
KXPERSONMENTION-26JUN09B-SPLA,Mentions,"(0.7, 0.8]",-1,0.7099,1.0,-0.6401,0.016126039300000002,-0.6562260393
KXPERSONMENTION-26JUN09B-RAIN,Mentions,"(0.4, 0.5]",-1,0.48,0.0,0.13,0.007917,0.122083
KXNASDAQ100U-26JUN09H1300-T28319.99,Financials,"(0.9, 1.0]",-1,0.91,1.0,-0.11499999999999999,0.00712425,-0.12212424999999999
KXNASDAQ100U-26JUN09H1300-T28369.99,Financials,"(0.9, 1.0]",-1,0.91,1.0,-0.11499999999999994,0.007124249999999997,-0.12212424999999993
KXHOCHULMENTION-26JUN09-INSU,Mentions,"(-0.001, 0.1]",1,0.1,1.0,0.44999999999999996,0.017325,0.432675
KXHOCHULMENTION-26JUN09B-CHIL,Mentions,"(-0.001, 0.1]",1,0.1,1.0,0.44999999999999996,0.017325,0.432675
KXHOCHULMENTION-26JUN09-REBA,Mentions,"(-0.001, 0.1]",1,0.08,0.0,-0.53,0.017437,-0.5474370000000001
KXPERSONMENTION-26JUN09-BLUE,Mentions,"(0.6, 0.7]",-1,0.62,1.0,-0.8,0.0112,-0.8112
KXPERSONMENTION-26JUN09-MOON,Mentions,"(0.5, 0.6]",-1,0.55,1.0,-0.8699999999999999,0.007917000000000006,-0.8779169999999998
KXPERSONMENTION-26JUN09-DELA,Mentions,"(0.6, 0.7]",-1,0.67,0.0,0.25,0.013125000000000001,0.236875
KXPERSONMENTION-26JUN09-DOCK,Mentions,"(0.8, 0.9]",-1,0.8118,1.0,-0.5182,0.0174768132,-0.5356768132
KXPERSONMENTION-26JUN09-OXYG,Mentions,"(0.4, 0.5]",-1,0.42,0.0,0.004999999999999893,0.0006930000000000006,0.0043069999999998925
KXPOLITICSMENTION-26JUN09B-EXTR,Mentions,"(0.4, 0.5]",-1,0.5,0.0,0.050000000000000044,0.0033250000000000033,0.04667500000000004
KXPOLITICSMENTION-26JUN09B-DISC,Mentions,"(0.4, 0.5]",-1,0.45,1.0,-1.0,0.0006930000000000006,-1.000693
KXPOLITICSMENTION-26JUN09B-MOON,Mentions,"(0.2, 0.3]",-1,0.2445,0.0,-0.20550000000000002,0.0006930000000000006,-0.20619300000000002
KXPOLITICSMENTION-26JUN09B-TRUMP,Mentions,"(0.5, 0.6]",-1,0.5095,0.0,0.059499999999999886,0.003917182499999994,0.055582817499999895
KXPOLITICSMENTION-26JUN09B-DECL,Mentions,"(0.7, 0.8]",-1,0.71,0.0,0.26,0.013468000000000003,0.246532
KXPOLITICSMENTION-26JUN09B-ALIE,Mentions,"(0.2, 0.3]",-1,0.3,0.0,-0.1499999999999999,0.0006930000000000006,-0.1506929999999999
KXHEARINGMENTION-26JUN09-INFO,Mentions,"(0.4, 0.5]",-1,0.4567,1.0,-0.9933000000000001,0.0006930000000000006,-0.9939930000000001
KXHEARINGMENTION-26JUN09-FBI,Mentions,"(0.8, 0.9]",-1,0.8019,1.0,-0.6481000000000001,0.0159646473,-0.6640646473000001
KXHEARINGMENTION-26JUN09-ELON,Mentions,"(0.2, 0.3]",-1,0.23,0.0,-0.21999999999999997,0.0006930000000000006,-0.22069299999999997
KXTRUMPSAY-26JUN15-TRAN,Mentions,"(0.8, 0.9]",-1,0.85,1.0,-0.5800000000000001,0.017052,-0.597052
KXTRUMPSAYMONTH-26JUL01-GENI,Mentions,"(0.8, 0.9]",-1,0.85,1.0,-0.435,0.01720425,-0.45220425
KXTRUMPSAYMONTH-26JUL01-SPAC,Mentions,"(0.6, 0.7]",-1,0.65,1.0,-0.45499999999999996,0.017358250000000002,-0.47235825
KXTRUMPSAYMONTH-26JUL01-TRUM,Mentions,"(0.8, 0.9]",-1,0.85,1.0,-0.25,0.013125000000000001,-0.263125
KXNASDAQ100U-26JUN09H1600-T28699.99,Financials,"(0.9, 1.0]",-1,0.94,1.0,-0.08500000000000002,0.005444250000000002,-0.09044425000000002
KXINXU-26JUN09H1600-T7274.9999,Financials,"(0.9, 1.0]",-1,0.95,1.0,-0.07500000000000001,0.004856250000000001,-0.07985625000000002
KXNASDAQ100U-26JUN09H1600-T27399.99,Financials,"(0.9, 1.0]",-1,0.99,1.0,-0.030000000000000027,0.002037000000000002,-0.03203700000000003
KXNASDAQ100U-26JUN09H1600-T27999.99,Financials,"(0.9, 1.0]",-1,0.99,1.0,-0.030000000000000027,0.002037000000000002,-0.03203700000000003
KXNASDAQ100U-26JUN09H1600-T27899.99,Financials,"(0.9, 1.0]",-1,0.99,1.0,-0.030000000000000027,0.002037000000000002,-0.03203700000000003
KXR6GAME-26JUN091500HERETICSG2-HERETICS,Sports,"(0.2, 0.3]",-1,0.21,0.0,-0.26,0.0006930000000000006,-0.260693
KXMAMDANIMENTION-26JUN09-NYPD,Mentions,"(0.7, 0.8]",-1,0.77,0.0,0.32000000000000006,0.015232000000000004,0.30476800000000004
KXTRUFBPPI-26JUN09-T1240,Economics,"(-0.001, 0.1]",1,0.02,0.0,-0.515,0.017484250000000003,-0.53248425
KXTRUFBPPI-26JUN09-T1265,Economics,"(-0.001, 0.1]",1,0.0171,0.0,-0.5121,0.017489751300000002,-0.5295897513
KXTRUFBPPI-26JUN09-T1290,Economics,"(-0.001, 0.1]",1,0.0259,0.0,-0.5209,0.0174694233,-0.5383694233
KXTRUFBPPI-26JUN09-T1315,Economics,"(-0.001, 0.1]",1,0.04,0.0,-0.535,0.01741425,-0.55241425
KXTRUFBPPI-26JUN09-T965,Economics,"(0.9, 1.0]",-1,0.9883,1.0,-0.5067,0.017496857700000003,-0.5241968577
KXTRUFBPPI-26JUN09-T990,Economics,"(0.9, 1.0]",-1,0.9883,1.0,-0.5067,0.017496857700000003,-0.5241968577
KXTRUFTSA-26JUN09-T2270000,Economics,"(0.8, 0.9]",-1,0.84,1.0,-0.26,0.013468,-0.273468
KXTRUFTSA-26JUN09-T2570000,Economics,"(-0.001, 0.1]",1,0.0533,0.0,-0.5483,0.0173366977,-0.5656366977
KXTRUFTSA-26JUN09-T2870000,Economics,"(-0.001, 0.1]",1,0.07,0.0,-0.125,0.007656250000000001,-0.13265625
KXTRUFCCI-26JUN09-T72.6,Economics,"(0.4, 0.5]",-1,0.4484,1.0,-1.0466,0.0006930000000000006,-1.047293
KXTRUEV-26JUN09-T1250.36,Economics,"(0.4, 0.5]",-1,0.49,0.0,-0.004999999999999893,0.0006930000000000006,-0.005692999999999894
KXTRUFBPPI-26JUN09-T1115,Economics,"(-0.001, 0.1]",1,0.03,1.0,0.475,0.017456250000000003,0.45754374999999997
KXTRUFBPPI-26JUN09-T1165,Economics,"(-0.001, 0.1]",1,0.03,0.0,-0.525,0.017456250000000003,-0.54245625
KXTRUEV-26JUN09-T1260.36,Economics,"(0.4, 0.5]",-1,0.48,0.0,-0.015000000000000124,0.0006930000000000006,-0.015693000000000124
KXTRUEV-26JUN09-T1270.36,Economics,"(0.4, 0.5]",-1,0.49,0.0,-0.004999999999999893,0.0006930000000000006,-0.005692999999999894
KXTRUEV-26JUN09-T1280.36,Economics,"(0.4, 0.5]",-1,0.49,0.0,-0.004999999999999893,0.0006930000000000006,-0.005692999999999894
KXTRUEV-26JUN09-T1290.36,Economics,"(0.4, 0.5]",-1,0.49,0.0,-0.004999999999999893,0.0006930000000000006,-0.005692999999999894
KXTRUEV-26JUN09-T1300.36,Economics,"(0.4, 0.5]",-1,0.49,0.0,-0.004999999999999893,0.0006930000000000006,-0.005692999999999894
KXTRUFBPPI-26JUN09-T1015,Economics,"(0.9, 1.0]",-1,0.9883,1.0,-0.5067,0.017496857700000003,-0.5241968577
KXTRUFBPPI-26JUN09-T1065,Economics,"(0.8, 0.9]",-1,0.87,1.0,-0.625,0.01640625,-0.64140625
KXTRUEV-26JUN09-T1240.36,Economics,"(0.4, 0.5]",-1,0.49,0.0,-0.004999999999999893,0.0006930000000000006,-0.005692999999999894
KXWNBA1HTOTAL-26JUN09ATLCHI-80,Sports,"(0.5, 0.6]",-1,0.53,1.0,-0.9299999999999999,0.004557000000000005,-0.934557
KXCHCPIYOY-26JUN09-T1.1,Economics,"(0.4, 0.5]",-1,0.41,1.0,-1.085,0.0006930000000000006,-1.085693
KXMLBGAME-26JUN091907PHITOR-TOR,Sports,"(0.5, 0.6]",-1,0.53,1.0,-0.75,0.013125000000000001,-0.763125
KXMLBHR-26JUN091907PHITOR-TORYPINANGO24-1,Sports,"(0.1, 0.2]",1,0.11,0.0,-0.20500000000000002,0.01140825,-0.21640825000000002
KXMLBHR-26JUN091840NYYCLE-NYYPGOLDSCHMIDT48-1,Sports,"(0.1, 0.2]",1,0.13,0.0,-0.21500000000000002,0.01181425,-0.22681425000000002
KXMLBTOTAL-26JUN091835SEABAL-12,Sports,"(0.2, 0.3]",-1,0.2591,0.0,-0.2309000000000001,0.0006930000000000006,-0.2315930000000001
KXMLBKS-26JUN091835SEABAL-SEALGILBERT36-5,Sports,"(0.7, 0.8]",-1,0.73,1.0,-0.76,0.012768,-0.772768
KXMLBHIT-26JUN091835SEABAL-SEAVROBLES10-2,Sports,"(0.2, 0.3]",-1,0.27,1.0,-0.87,0.007917,-0.877917
KXBTCD-26JUN0922-T62099.99,Crypto,"(0.2, 0.3]",-1,0.2369,0.0,0.2319,0.0124685673,0.21943143269999998
KXEARNINGSMENTIONCBRL-26JUN09-AI,Mentions,"(0.7, 0.8]",-1,0.75,1.0,-0.6950000000000001,0.014838249999999999,-0.7098382500000001
KXEARNINGSMENTIONCBRL-26JUN09-CRAC,Mentions,"(0.8, 0.9]",-1,0.85,1.0,-0.595,0.01686825,-0.61186825
KXEARNINGSMENTIONCBRL-26JUN09-TARI,Mentions,"(0.8, 0.9]",-1,0.81,1.0,-0.635,0.016224250000000003,-0.6512242500000001
KXEARNINGSMENTIONCBRL-26JUN09-HEAD,Mentions,"(0.8, 0.9]",-1,0.81,1.0,-0.635,0.016224250000000003,-0.6512242500000001
KXEARNINGSMENTIONCBRL-26JUN09-CATF,Mentions,"(0.2, 0.3]",-1,0.25,0.0,-0.19500000000000006,0.0006930000000000006,-0.19569300000000006
KXEARNINGSMENTIONCBRL-26JUN09-LOCA,Mentions,"(0.2, 0.3]",-1,0.29,0.0,-0.15500000000000003,0.0006930000000000006,-0.15569300000000003
KXEARNINGSMENTIONCBRL-26JUN09-MEAL,Mentions,"(0.3, 0.4]",-1,0.35,0.0,-0.09499999999999997,0.0006930000000000006,-0.09569299999999997
KXMLBHIT-26JUN091840NYYCLE-NYYJCHISHOLM13-1,Sports,"(0.5, 0.6]",-1,0.59,1.0,-0.895,0.00657825,-0.90157825
KXMLBHIT-26JUN091840NYYCLE-NYYTGRISHAM12-1,Sports,"(0.5, 0.6]",-1,0.59,1.0,-0.895,0.00657825,-0.90157825
KXMLBTOTAL-26JUN091940TEXKC-9,Sports,"(0.5, 0.6]",-1,0.55,0.0,0.07500000000000007,0.004856250000000005,0.07014375000000006
KXMLBKS-26JUN091940ATLCWS-ATLGHOLMES66-8,Sports,"(0.1, 0.2]",1,0.12,0.0,-0.61,0.016653,-0.626653
KXLOVEISLMENTION-26JUN09-DATE,Mentions,"(0.8, 0.9]",-1,0.82,1.0,-0.6300000000000001,0.016317,-0.6463170000000001
KXLOVEISLMENTION-26JUN09-BOMB,Mentions,"(0.8, 0.9]",-1,0.85,1.0,-0.6000000000000001,0.0168,-0.6168000000000001
KXLOVEISLMENTION-26JUN09-HEAR,Mentions,"(-0.001, 0.1]",1,0.1,0.0,-0.55,0.017325,-0.5673250000000001
KXLOVEISLMENTION-26JUN09-CASA,Mentions,"(0.3, 0.4]",-1,0.4,0.0,-0.050000000000000044,0.0006930000000000006,-0.050693000000000044
KXLOVEISLMENTION-26JUN09-DRAM,Mentions,"(0.8, 0.9]",-1,0.84,1.0,-0.6100000000000001,0.016652999999999998,-0.6266530000000001
KXLOVEISLMENTION-26JUN09-LOYA,Mentions,"(0.5, 0.6]",-1,0.57,0.0,0.11999999999999988,0.007391999999999995,0.11260799999999989
KXLOVEISLMENTION-26JUN09-EX,Mentions,"(0.7, 0.8]",-1,0.78,1.0,-0.6699999999999999,0.015477000000000003,-0.6854769999999999
KXLOVEISLMENTION-26JUN09-DUMP,Mentions,"(0.2, 0.3]",-1,0.26,0.0,-0.18999999999999995,0.0006930000000000006,-0.19069299999999995
KXMLBHRR-26JUN091940ATLCWS-ATLMOLSON28-1,Sports,"(0.5, 0.6]",-1,0.5006,1.0,-0.9944,0.0006930000000000006,-0.995093
KXLASTWORDMENTION-26JUN09-TRUM,Mentions,"(0.8, 0.9]",-1,0.85,1.0,-0.635,0.016224250000000003,-0.6512242500000001
KXLASTWORDMENTION-26JUN09-IRAN,Mentions,"(0.8, 0.9]",-1,0.85,1.0,-0.635,0.016224250000000003,-0.6512242500000001
KXNHLPTS-26JUN09CARVGK-CARSJARVIS24-1,Sports,"(0.5, 0.6]",-1,0.56,0.0,0.06500000000000006,0.0042542500000000046,0.06074575000000006
KXNHLPTS-26JUN09CARVGK-VGKTHERTL48-2,Sports,"(0.1, 0.2]",1,0.1279,0.0,-0.6229,0.0164426913,-0.6393426913
KXNHLPTS-26JUN09CARVGK-VGKWKARLSSON71-2,Sports,"(0.1, 0.2]",1,0.13,1.0,0.375,0.01640625,0.35859375
KXWNBA1HSPREAD-26JUN09PHXGS-GS5,Sports,"(0.5, 0.6]",-1,0.51,1.0,-0.96,0.002688000000000003,-0.962688
KXMLBTOTAL-26JUN091840MINDET-5,Sports,"(0.8, 0.9]",-1,0.84,1.0,-0.65,0.015925,-0.665925
KXAAAGASD-26JUN10-4.180,Economics,"(0.4, 0.5]",-1,0.5,0.0,0.375,0.01640625,0.35859375
KXAAAGASD-26JUN10-4.100,Economics,"(0.9, 1.0]",-1,0.99,1.0,-0.505,0.017498250000000003,-0.52249825
KXAAAGASD-26JUN10-4.105,Economics,"(0.9, 1.0]",-1,0.98,1.0,-0.515,0.017484250000000003,-0.53248425
KXAAAGASD-26JUN10-4.110,Economics,"(0.9, 1.0]",-1,0.99,1.0,-0.51,0.017493,-0.527493
KXAAAGASD-26JUN10-4.125,Economics,"(0.9, 1.0]",-1,0.9897,1.0,-0.13529999999999998,0.0081895737,-0.14348957369999998
KXAAAGASD-26JUN10-4.120,Economics,"(0.9, 1.0]",-1,0.99,1.0,-0.135,0.008174250000000001,-0.14317425
KXAAAGASD-26JUN10-4.150,Economics,"(0.9, 1.0]",-1,0.9603,1.0,-0.5096999999999999,0.0174934137,-0.5271934137
KXAAAGASD-26JUN10-4.130,Economics,"(0.8, 0.9]",-1,0.9,1.0,-0.25,0.013125000000000001,-0.263125
KXAAAGASD-26JUN10-4.135,Economics,"(0.9, 1.0]",-1,0.9802,1.0,-0.4898,0.0174927172,-0.5072927172
KXAAAGASD-26JUN10-4.115,Economics,"(0.9, 1.0]",-1,0.98,1.0,-0.12,0.007392000000000001,-0.127392
KXAAAGASD-26JUN10-4.155,Economics,"(0.8, 0.9]",-1,0.89,0.0,0.41500000000000004,0.016994250000000002,0.39800575000000005
KXNHLMENTION-26JUN09CARVGK-GLAS,Mentions,"(0.9, 1.0]",-1,0.908,1.0,-0.5269999999999999,0.01744897,-0.5444489699999999
KXNHLMENTION-26JUN09CARVGK-SLAP,Mentions,"(0.7, 0.8]",-1,0.74,1.0,-0.6950000000000001,0.014838249999999999,-0.7098382500000001
KXMLBSPREAD-26JUN092138HOULAA-LAA5,Sports,"(0.2, 0.3]",-1,0.24,1.0,-0.8150000000000001,0.01055425,-0.82555425
KXMLBHR-26JUN092138HOULAA-HOUJLOPERFIDO31-1,Sports,"(0.1, 0.2]",1,0.11,0.0,-0.6,0.016800000000000002,-0.6168
KXMLBHRR-26JUN092138HOULAA-HOUYALVAREZ44-5,Sports,"(0.1, 0.2]",1,0.19,0.0,-0.6799999999999999,0.015232000000000004,-0.695232
KXMLBHR-26JUN092205MILATH-ATHCTHOMAS32-1,Sports,"(0.2, 0.3]",-1,0.27,0.0,0.17000000000000004,0.009877000000000004,0.16012300000000004
KXMLBHIT-26JUN092205MILATH-MILBTURANG2-1,Sports,"(0.7, 0.8]",-1,0.7559,0.0,0.2659,0.013663803300000003,0.2522361967
KXMLBHIT-26JUN092205MILATH-ATHCTHOMAS32-1,Sports,"(0.7, 0.8]",-1,0.71,1.0,-0.785,0.01181425,-0.7968142500000001
KXMLBTB-26JUN092145WSHSF-SFCSCHMITT10-4,Sports,"(0.1, 0.2]",1,0.19,0.0,-0.32,0.015232,-0.33523200000000003
KXBTCD-26JUN1006-T61399.99,Crypto,"(0.2, 0.3]",-1,0.22,0.0,0.21499999999999997,0.01181425,0.20318574999999997
KXBRAZILINF-26MAY-T4.55,Economics,"(0.4, 0.5]",-1,0.44,1.0,-0.6100000000000001,0.016652999999999998,-0.6266530000000001
KXCPI-26MAY-T-0.3,Economics,"(0.8, 0.9]",-1,0.9,1.0,-0.10999999999999999,0.006853,-0.11685299999999998
KXCPICORE-26MAY-T1.0,Economics,"(-0.001, 0.1]",1,0.06,0.0,-0.5549999999999999,0.017288250000000005,-0.5722882499999999
KXCPICORE-26MAY-T0.7,Economics,"(-0.001, 0.1]",1,0.08,0.0,-0.575,0.017106250000000003,-0.59210625
KXCPICORE-26MAY-T0.6,Economics,"(-0.001, 0.1]",1,0.1,0.0,-0.595,0.01686825,-0.61186825
KXCPI-26MAY-T1.0,Economics,"(-0.001, 0.1]",1,0.08,0.0,-0.115,0.007124250000000001,-0.12212425
KXCPI-26MAY-T0.9,Economics,"(-0.001, 0.1]",1,0.08,0.0,-0.11499999999999999,0.00712425,-0.12212424999999999
KXCPI-26MAY-T0.8,Economics,"(-0.001, 0.1]",1,0.1,0.0,-0.14500000000000002,0.008678250000000002,-0.15367825000000002
KXCPI-26MAY-T0.5,Economics,"(-0.001, 0.1]",1,0.09,0.0,-0.58,0.017052000000000005,-0.5970519999999999
KXCPI-26MAY-T-0.2,Economics,"(0.8, 0.9]",-1,0.89,1.0,-0.12,0.007392000000000001,-0.127392
KXCPI-26MAY-T0.0,Economics,"(0.8, 0.9]",-1,0.86,1.0,-0.63,0.016317,-0.646317
KXCPICOREYOY-26MAY-T3.2,Economics,"(-0.001, 0.1]",1,0.1,0.0,-0.595,0.01686825,-0.61186825
KXCPICOREYOY-26MAY-T3.3,Economics,"(-0.001, 0.1]",1,0.06,0.0,-0.5549999999999999,0.017288250000000005,-0.5722882499999999
KXCPICOREYOY-26MAY-T3.4,Economics,"(-0.001, 0.1]",1,0.07,0.0,-0.565,0.017204250000000004,-0.58220425
KXCPI-26MAY-T-0.1,Economics,"(0.8, 0.9]",-1,0.89,1.0,-0.6,0.016800000000000002,-0.6168
KXCPICOREYOY-26MAY-T3.5,Economics,"(-0.001, 0.1]",1,0.05,0.0,-0.545,0.01735825,-0.5623582500000001
KXUSEDCARCPI-26JUN10-T177.0,Economics,"(0.8, 0.9]",-1,0.9,1.0,-0.14499999999999996,0.008678249999999998,-0.15367824999999996
KXUSEDCARCPI-26JUN10-T180.0,Economics,"(0.4, 0.5]",-1,0.46,1.0,-0.56,0.017248,-0.5772480000000001
KXCPIYOY-26MAY-T3.8,Economics,"(-0.001, 0.1]",1,0.04,1.0,0.475,0.017456250000000003,0.45754374999999997
KXUSEDCARCPI-26JUN10-T185.0,Economics,"(-0.001, 0.1]",1,0.08,0.0,-0.115,0.007124250000000001,-0.12212425
KXUSGASCPI-26JUN10-T415,Economics,"(-0.001, 0.1]",1,0.06,0.0,-0.105,0.006578250000000001,-0.11157824999999999
KXUSGASCPI-26JUN10-T410,Economics,"(-0.001, 0.1]",1,0.06,0.0,-0.1,0.006300000000000001,-0.1063
KXUSGASCPI-26JUN10-T379,Economics,"(-0.001, 0.1]",1,0.01,0.0,-0.505,0.017498250000000003,-0.52249825
KXUSGASCPI-26JUN10-T378,Economics,"(0.4, 0.5]",-1,0.5,1.0,-0.995,0.0006930000000000006,-0.995693
KXUSGASCPI-26JUN10-T360,Economics,"(0.4, 0.5]",-1,0.5,1.0,-0.605,0.016728250000000004,-0.62172825
KXUSGASCPI-26JUN10-T355,Economics,"(0.4, 0.5]",-1,0.5,1.0,-0.525,0.017456250000000003,-0.54245625
KXUSGASCPI-26JUN10-T350,Economics,"(0.4, 0.5]",-1,0.5,1.0,-0.53,0.017437,-0.5474370000000001
KXUSGASCPI-26JUN10-T345,Economics,"(0.4, 0.5]",-1,0.5,1.0,-0.535,0.01741425,-0.55241425
KXCPIYOY-26MAY-T4.1,Economics,"(0.4, 0.5]",-1,0.5,1.0,-0.99,0.0006930000000000006,-0.990693
KXUSEDCARCPI-26JUN10-T184.0,Economics,"(-0.001, 0.1]",1,0.06,0.0,-0.105,0.006578250000000001,-0.11157824999999999
KXCPIYOY-26MAY-T2.9,Economics,"(0.4, 0.5]",-1,0.48,1.0,-1.01,0.0006930000000000006,-1.010693
KXECONSTATCPIYOY-26MAY-T3.6,Economics,"(-0.001, 0.1]",1,0.02,0.0,-0.485,0.01748425,-0.50248425
KXECONSTATCPIYOY-26MAY-T3.7,Economics,"(-0.001, 0.1]",1,0.02,0.0,-0.49,0.017493,-0.507493
KXECONSTATCPIYOY-26MAY-T3.8,Economics,"(-0.001, 0.1]",1,0.02,0.0,-0.485,0.01748425,-0.50248425
KXECONSTATCPIYOY-26MAY-T3.9,Economics,"(-0.001, 0.1]",1,0.01,0.0,-0.48,0.017472,-0.49747199999999997
KXECONSTATCPIYOY-26MAY-T4.0,Economics,"(-0.001, 0.1]",1,0.01,0.0,-0.48,0.017472,-0.49747199999999997
KXECONSTATCPIYOY-26MAY-T4.1,Economics,"(-0.001, 0.1]",1,0.04,0.0,-0.515,0.017484250000000003,-0.53248425
KXECONSTATCPIYOY-26MAY-T4.2,Economics,"(-0.001, 0.1]",1,0.02,1.0,0.51,0.017493,0.49250700000000003
KXCPIYOY-26MAY-T4.2,Economics,"(0.4, 0.5]",-1,0.5,0.0,0.010000000000000009,0.0006930000000000006,0.009307000000000008
KXECONSTATCPIYOY-26MAY-T4.3,Economics,"(-0.001, 0.1]",1,0.06,0.0,-0.5249999999999999,0.017456250000000003,-0.5424562499999999
KXECONSTATCPIYOY-26MAY-T4.4,Economics,"(-0.001, 0.1]",1,0.01,0.0,-0.475,0.017456250000000003,-0.49245625
KXECONSTATCPIYOY-26MAY-T4.5,Economics,"(-0.001, 0.1]",1,0.01,0.0,-0.48,0.017472,-0.49747199999999997
KXPOWERKWH-26JUN10-T19.6,Economics,"(0.8, 0.9]",-1,0.85,0.0,0.36,0.016128000000000003,0.34387199999999996
KXPOWERKWH-26JUN10-T20.0,Economics,"(0.4, 0.5]",-1,0.5,0.0,0.010000000000000009,0.0006930000000000006,0.009307000000000008
KXAIRFARECPI-26JUN10-T314.0,Economics,"(-0.001, 0.1]",1,0.06,0.0,-0.1,0.006300000000000001,-0.1063
KXCPIYOY-26MAY-T4.9,Economics,"(-0.001, 0.1]",1,0.01,0.0,-0.025,0.0017062500000000003,-0.02670625
KXCPIYOY-26MAY-T4.7,Economics,"(-0.001, 0.1]",1,0.01,0.0,-0.03,0.002037,-0.032036999999999996
KXCPIYOY-26MAY-T5.0,Economics,"(-0.001, 0.1]",1,0.03,0.0,-0.045,0.00300825,-0.048008249999999995
KXAIRFARECPI-26JUN10-T294.0,Economics,"(0.9, 1.0]",-1,0.96,1.0,-0.06000000000000005,0.003948000000000004,-0.06394800000000006
KXAIRFARECPI-26JUN10-T298.0,Economics,"(0.9, 1.0]",-1,0.94,1.0,-0.09000000000000002,0.005733000000000002,-0.09573300000000003
KXAIRFARECPI-26JUN10-T300.0,Economics,"(0.8, 0.9]",-1,0.8868,1.0,-0.15819999999999995,0.0093220932,-0.16752209319999994
KXAIRFARECPI-26JUN10-T302.0,Economics,"(0.8, 0.9]",-1,0.85,1.0,-0.175,0.01010625,-0.18510625
KXAIRFARECPI-26JUN10-T296.0,Economics,"(0.9, 1.0]",-1,0.94,1.0,-0.08000000000000002,0.005152000000000001,-0.08515200000000002
KXCPIYOY-26MAY-T4.8,Economics,"(-0.001, 0.1]",1,0.01,0.0,-0.03,0.002037,-0.032036999999999996
KXSTARMERMENTIONB-26JUN10-ELEC,Mentions,"(0.4, 0.5]",-1,0.46,0.0,0.010000000000000009,0.0006930000000000006,0.009307000000000008
KXSTARMERMENTIONB-26JUN10-AFFO,Mentions,"(0.3, 0.4]",-1,0.35,0.0,-0.10000000000000009,0.0006930000000000006,-0.10069300000000009
KXHIGHINFLATION-26DEC-T4.1,Economics,"(0.4, 0.5]",-1,0.46,1.0,-0.5850000000000001,0.01699425,-0.6019942500000001
KXMAMDANIMENTION-26JUN10-AFFO,Mentions,"(0.7, 0.8]",-1,0.77,1.0,-0.715,0.014264250000000003,-0.72926425
KXMAMDANIMENTION-26JUN10-KNIC,Mentions,"(0.7, 0.8]",-1,0.78,1.0,-0.705,0.014558250000000003,-0.71955825
KXEARNINGSMENTIONCHWY-26JUN10-AUTO,Mentions,"(0.7, 0.8]",-1,0.72,1.0,-0.7,0.014700000000000003,-0.7147
KXEARNINGSMENTIONCHWY-26JUN10-APP,Mentions,"(0.9, 1.0]",-1,0.9027,1.0,-0.5123,0.017489409700000003,-0.5297894097
KXEARNINGSMENTIONCHWY-26JUN10-SMAR,Mentions,"(0.6, 0.7]",-1,0.63,0.0,0.20999999999999996,0.011613,0.19838699999999995
KXEARNINGSMENTIONCHWY-26JUN10-TARI,Mentions,"(0.2, 0.3]",-1,0.29,0.0,-0.1299999999999999,0.0006930000000000006,-0.1306929999999999
KXRECNCHVOTE-26MAY19-T209,Politics,"(0.9, 1.0]",-1,0.92,1.0,-0.13999999999999996,0.008428,-0.14842799999999995
KXRECNCHVOTE-26MAY19-T210,Politics,"(0.9, 1.0]",-1,0.91,1.0,-0.19,0.010773000000000001,-0.200773
KXICEERO-26MAR-26JUN11,Politics,"(0.9, 1.0]",-1,0.99,1.0,-0.26,0.013468,-0.273468
KXICEERO-26MAR-26JUN12,Politics,"(0.8, 0.9]",-1,0.8033,1.0,-0.6867,0.015060017700000001,-0.7017600177
KXICEERO-26MAR-26JUN13,Politics,"(0.9, 1.0]",-1,0.9467,1.0,-0.5433,0.0173687577,-0.5606687577
KXPRESSBRIEFINGCOUNT-26JUN-A1,Politics,"(0.9, 1.0]",-1,0.97,1.0,-0.065,0.00425425,-0.06925425
KXBNB15M-26JUN101130-30,Crypto,"(0.2, 0.3]",-1,0.2755,1.0,-0.7344999999999999,0.013650682500000004,-0.7481506824999999
KXNASDAQ100U-26JUN10H1200-T28549.99,Financials,"(0.9, 1.0]",-1,0.91,1.0,-0.11499999999999994,0.007124249999999997,-0.12212424999999993
KXTRUMPMENTION-26JUN10-UFC,Mentions,"(0.5, 0.6]",-1,0.57,0.0,0.1399999999999999,0.008427999999999996,0.1315719999999999
KXTRUMPMENTION-26JUN10-KNIC,Mentions,"(0.3, 0.4]",-1,0.4,0.0,-0.030000000000000027,0.0006930000000000006,-0.030693000000000026
KXTRUMPMENTION-26JUN10-AUTO,Mentions,"(0.5, 0.6]",-1,0.5195,0.0,0.08949999999999991,0.005704282499999996,0.08379571749999992
KXTRUMPMENTION-26JUN10-DEAL,Mentions,"(0.8, 0.9]",-1,0.8317,1.0,-0.5983,0.0168235977,-0.6151235977
KXTRUMPMENTION-26JUN10-DUMB,Mentions,"(0.6, 0.7]",-1,0.6218,1.0,-0.8082,0.0108508932,-0.8190508932
KXTRUMPMENTION-26JUN10-CART,Mentions,"(0.6, 0.7]",-1,0.6063,1.0,-0.8237000000000001,0.010165281699999997,-0.8338652817000001
KXTRUMPMENTION-26JUN10-IRAN,Mentions,"(0.6, 0.7]",-1,0.69,1.0,-0.74,0.013468000000000003,-0.753468
KXTRUMPMENTION-26JUN10-RADI,Mentions,"(0.4, 0.5]",-1,0.4908,1.0,-0.9392,0.003997235199999998,-0.9431972352
KXJETFUEL-26JUN10-T3.70,Economics,"(0.4, 0.5]",-1,0.45,0.0,0.3999999999999999,0.0168,0.38319999999999993
KXINXU-26JUN10H1300-T7259.9999,Financials,"(0.9, 1.0]",-1,0.98,1.0,-0.040000000000000036,0.0026880000000000025,-0.04268800000000004
KXINXU-26JUN10H1300-T7264.9999,Financials,"(0.9, 1.0]",-1,0.97,1.0,-0.05500000000000005,0.003638250000000003,-0.05863825000000005
KXTRUMPMENTION-26JUN10-NEW,Mentions,"(-0.001, 0.1]",1,0.08,0.0,-0.51,0.017493,-0.527493
KXTRUMPMENTION-26JUN10-SHUT,Mentions,"(0.4, 0.5]",-1,0.47,0.0,0.040000000000000036,0.002688000000000003,0.03731200000000003
KXMLBF5SPREAD-26JUN101310BOSTB-BOS3,Sports,"(0.1, 0.2]",1,0.1667,0.0,-0.6466999999999999,0.015993537700000005,-0.6626935377
KXMLBF5TOTAL-26JUN101310BOSTB-7,Sports,"(0.2, 0.3]",-1,0.28,0.0,-0.03499999999999992,0.0006930000000000006,-0.03569299999999992
KXHEARINGMENTION-26JUN10-NQE,Mentions,"(-0.001, 0.1]",1,0.01,0.0,-0.07999999999999999,0.005152,-0.08515199999999999
KXHEARINGMENTION-26JUN10-CHIN,Mentions,"(0.8, 0.9]",-1,0.8654,1.0,-0.5896000000000001,0.016938028799999998,-0.6065380288000001
KXHEARINGMENTION-26JUN10-IRAN,Mentions,"(0.8, 0.9]",-1,0.84,1.0,-0.48500000000000004,0.01748425,-0.5024842500000001
KXHEARINGMENTION-26JUN10-AI,Mentions,"(0.8, 0.9]",-1,0.8543,1.0,-0.5007,0.0174999657,-0.5181999657
KXHEARINGMENTION-26JUN10-NUCL,Mentions,"(0.8, 0.9]",-1,0.8881,1.0,-0.4669,0.017423307300000003,-0.4843233073
KXVTBGAME-26JUN101230CMOUNI-CMO,Sports,"(0.9, 1.0]",-1,0.9329,1.0,-0.5371,0.017403651300000003,-0.5545036513
KXFOXNEWSMENTION-26JUN10-DEMO,Mentions,"(0.6, 0.7]",-1,0.67,1.0,-0.815,0.010554250000000003,-0.8255542499999999
KXFOXNEWSMENTION-26JUN10-TRUM,Mentions,"(0.9, 1.0]",-1,0.91,1.0,-0.245,0.012948250000000001,-0.25794825
KXFOXNEWSMENTION-26JUN10-SANC,Mentions,"(0.8, 0.9]",-1,0.8408,1.0,-0.6092,0.016665275200000003,-0.6258652752
KXFOXNEWSMENTION-26JUN10-ICE,Mentions,"(0.8, 0.9]",-1,0.84,1.0,-0.645,0.01602825,-0.66102825
KXINXU-26JUN10H1500-T7264.9999,Financials,"(0.9, 1.0]",-1,0.99,1.0,-0.030000000000000027,0.002037000000000002,-0.03203700000000003
KXINXU-26JUN10H1500-T7284.9999,Financials,"(0.9, 1.0]",-1,0.91,1.0,-0.11499999999999999,0.00712425,-0.12212424999999999
KXFOXNEWSMENTION-26JUN10-ELEC,Mentions,"(0.3, 0.4]",-1,0.34,0.0,-0.14500000000000002,0.0006930000000000006,-0.14569300000000002
KXFOXNEWSMENTION-26JUN10-FENT,Mentions,"(0.4, 0.5]",-1,0.49,0.0,0.0050000000000000044,0.0006930000000000006,0.0043070000000000035
KXFOXNEWSMENTION-26JUN10-NQE,Mentions,"(-0.001, 0.1]",1,0.0398,0.0,-0.4898,0.0174927172,-0.5072927172
KXCS2GAME-26JUN101330XINEW-XI,Sports,"(0.2, 0.3]",-1,0.26,1.0,-1.1,0.0006930000000000006,-1.1006930000000001
KXINXU-26JUN10H1600-T7224.9999,Financials,"(0.9, 1.0]",-1,0.93,1.0,-0.09499999999999992,0.006018249999999995,-0.1010182499999999
KXINXU-26JUN10H1600-T7249.9999,Financials,"(0.9, 1.0]",-1,0.92,1.0,-0.10499999999999993,0.006578249999999996,-0.11157824999999992
KXINXU-26JUN10H1600-T7099.9999,Financials,"(0.9, 1.0]",-1,0.99,1.0,-0.030000000000000027,0.002037000000000002,-0.03203700000000003
KXNASDAQ100U-26JUN10H1600-T28299.99,Financials,"(0.9, 1.0]",-1,0.92,1.0,-0.10499999999999998,0.00657825,-0.11157824999999998
KXNASDAQ100U-26JUN10H1600-T28099.99,Financials,"(0.9, 1.0]",-1,0.93,1.0,-0.09499999999999992,0.006018249999999995,-0.1010182499999999
KXNASDAQ100U-26JUN10H1600-T28199.99,Financials,"(0.9, 1.0]",-1,0.91,1.0,-0.11499999999999994,0.007124249999999997,-0.12212424999999993
KXBTCD-26JUN1016-T61999.99,Crypto,"(0.2, 0.3]",-1,0.2896,0.0,0.2846000000000001,0.014252198800000003,0.27034780120000007
KXETHD-26JUN1017-T1689.99,Crypto,"(0.2, 0.3]",-1,0.26,0.0,0.235,0.012584250000000002,0.22241575
KXMLBHRR-26JUN101310NYYCLE-CLESFAIRCHILD17-1,Sports,"(0.5, 0.6]",-1,0.6,1.0,-0.445,0.01728825,-0.46228825
KXATPCHALLENGERMATCH-26JUN10ZEIHUE-ZEI,Sports,"(0.8, 0.9]",-1,0.88,0.0,0.42000000000000004,0.017052000000000005,0.40294800000000003
KXHILTONMENTION-26JUN10-OIL,Mentions,"(0.6, 0.7]",-1,0.6096,1.0,-0.8404,0.009388948799999998,-0.8497889488
KXHILTONMENTION-26JUN10-HOME,Mentions,"(0.8, 0.9]",-1,0.85,1.0,-0.6000000000000001,0.0168,-0.6168000000000001
KXHILTONMENTION-26JUN10-SACR,Mentions,"(0.3, 0.4]",-1,0.38,0.0,-0.07000000000000006,0.0006930000000000006,-0.07069300000000006
KXHILTONMENTION-26JUN10-AI,Mentions,"(0.3, 0.4]",-1,0.38,0.0,-0.10499999999999998,0.0006930000000000006,-0.10569299999999998
KXETH-26JUN1018-B1600,Crypto,"(0.2, 0.3]",-1,0.24,1.0,-0.91,0.0057329999999999985,-0.915733
KXEARNINGSMENTIONORCL-26JUN10-MULT,Mentions,"(0.8, 0.9]",-1,0.85,1.0,-0.16000000000000003,0.009408000000000003,-0.16940800000000003
KXEARNINGSMENTIONORCL-26JUN10-DEBT,Mentions,"(0.8, 0.9]",-1,0.85,1.0,-0.185,0.010554250000000001,-0.19555424999999999
KXEARNINGSMENTIONORCL-26JUN10-HYPE,Mentions,"(0.6, 0.7]",-1,0.64,0.0,0.53,0.017437,0.512563
KXTBPNMENTION-26JUN10-AMAZ,Mentions,"(0.8, 0.9]",-1,0.85,1.0,-0.635,0.016224250000000003,-0.6512242500000001
KXTBPNMENTION-26JUN10-SANO,Mentions,"(0.5, 0.6]",-1,0.52,0.0,0.07000000000000006,0.004557000000000005,0.06544300000000006
KXTBPNMENTION-26JUN10-COWO,Mentions,"(0.7, 0.8]",-1,0.73,1.0,-0.74,0.013468000000000003,-0.753468
KXINTLFRIENDLYGAME-26JUN10ENGCRI-ENG,Sports,"(0.8, 0.9]",-1,0.81,1.0,-0.19499999999999995,0.010988249999999998,-0.20598824999999996
KXTHEBEAT-26JUN10-REPU,Mentions,"(0.8, 0.9]",-1,0.84,1.0,-0.645,0.01602825,-0.66102825
KXTHEBEAT-26JUN10-ELEC,Mentions,"(0.8, 0.9]",-1,0.848,1.0,-0.637,0.01618617,-0.65318617
KXMLBHIT-26JUN101545WSHSF-WSHJYOUNG30-2,Sports,"(0.2, 0.3]",-1,0.21,0.0,-0.2450000000000001,0.0006930000000000006,-0.2456930000000001
KXMLBHIT-26JUN101545WSHSF-WSHJYOUNG30-1,Sports,"(0.5, 0.6]",-1,0.5975,1.0,-0.8525,0.008802062499999999,-0.8613020625000001
KXMLBHRR-26JUN101545WSHSF-SFCSCHMITT10-5,Sports,"(0.1, 0.2]",1,0.16,0.0,-0.65,0.015925,-0.665925
KXTBPNMENTION-26JUN10-ANTH,Mentions,"(0.9, 1.0]",-1,0.91,0.0,0.42500000000000004,0.017106250000000003,0.40789375000000005
KXTBPNMENTION-26JUN10-OPENA,Mentions,"(0.5, 0.6]",-1,0.53,0.0,0.08000000000000007,0.005152000000000005,0.07484800000000007
KXTBPNMENTION-26JUN10-SECU,Mentions,"(0.8, 0.9]",-1,0.83,0.0,0.3799999999999999,0.016492,0.3635079999999999
KXTRUFEGGS-26JUN10-T2.67,Economics,"(-0.001, 0.1]",1,0.04,1.0,0.46499999999999997,0.01741425,0.44758574999999995
KXTRUFEGGS-26JUN10-T2.66,Economics,"(-0.001, 0.1]",1,0.04,1.0,0.46499999999999997,0.01741425,0.44758574999999995
KXTRUEV-26JUN10-T1255.33,Economics,"(0.4, 0.5]",-1,0.49,0.0,-0.004999999999999893,0.0006930000000000006,-0.005692999999999894
KXTRUFTSA-26JUN10-T2760000,Economics,"(-0.001, 0.1]",1,0.01,0.0,-0.26,0.013468,-0.273468
KXTRUFTSA-26JUN10-T2660000,Economics,"(-0.001, 0.1]",1,0.02,0.0,-0.395,0.016728250000000004,-0.41172825
KXTRUFTSA-26JUN10-T2260000,Economics,"(0.9, 1.0]",-1,0.98,1.0,-0.42000000000000004,0.017052,-0.43705200000000005
KXTRUFTSA-26JUN10-T2060000,Economics,"(0.9, 1.0]",-1,0.98,1.0,-0.32,0.015232,-0.33523200000000003
KXTRUEV-26JUN10-T1265.33,Economics,"(0.4, 0.5]",-1,0.49,0.0,-0.004999999999999893,0.0006930000000000006,-0.005692999999999894
KXMLBF5-26JUN101907PHITOR-PHI,Sports,"(0.5, 0.6]",-1,0.51,1.0,-0.975,0.0017062500000000016,-0.97670625
KXMLBSPREAD-26JUN101835SEABAL-BAL5,Sports,"(0.2, 0.3]",-1,0.25,1.0,-1.245,0.0006930000000000006,-1.2456930000000002
KXMLBHIT-26JUN101835SEABAL-SEALRALEY20-1,Sports,"(0.5, 0.6]",-1,0.59,0.0,0.10499999999999998,0.00657825,0.09842174999999999
KXPSAKIMENTION-26JUN10-BERN,Mentions,"(-0.001, 0.1]",1,0.1,0.0,-0.585,0.016994250000000002,-0.60199425
KXPSAKIMENTION-26JUN10-CORR,Mentions,"(-0.001, 0.1]",1,0.1,1.0,0.41500000000000004,0.016994250000000002,0.39800575000000005
KXPSAKIMENTION-26JUN10-PTSD,Mentions,"(0.4, 0.5]",-1,0.4424,0.0,-0.007600000000000051,0.0006930000000000006,-0.008293000000000052
KXMLBHRR-26JUN101840LADPIT-LADMMUNCY13-2,Sports,"(0.5, 0.6]",-1,0.52,1.0,-0.97,0.002037000000000002,-0.9720369999999999
KXMLBHR-26JUN101940ATLCWS-ATLMYASTRZEMSKI18-1,Sports,"(0.1, 0.2]",1,0.11,0.0,-0.195,0.010988250000000001,-0.20598825
KXMLBHIT-26JUN101840MINDET-MINLKEASCHALL15-1,Sports,"(0.5, 0.6]",-1,0.59,1.0,-0.87,0.007917,-0.877917
KXMLBHR-26JUN101907PHITOR-PHITTURNER7-1,Sports,"(0.1, 0.2]",1,0.11,0.0,-0.585,0.016994250000000002,-0.60199425
KXMLBHR-26JUN101907PHITOR-TORKOKAMOTO7-1,Sports,"(0.1, 0.2]",1,0.16,0.0,-0.245,0.012948250000000001,-0.25794825
KXMLBTOTAL-26JUN101940TEXKC-7,Sports,"(0.7, 0.8]",-1,0.79,1.0,-0.6749999999999999,0.015356250000000004,-0.6903562499999999
KXNBA3QSPREAD-26JUN10SASNYK-NYK2,Sports,"(0.9, 1.0]",-1,0.98,1.0,-0.51,0.017493,-0.527493
KXAAAGASD-26JUN11-4.155,Economics,"(0.4, 0.5]",-1,0.42,0.0,-0.05500000000000016,0.0006930000000000006,-0.05569300000000016
KXAAAGASD-26JUN11-4.170,Economics,"(-0.001, 0.1]",1,0.01,0.0,-0.485,0.01748425,-0.50248425
KXAAAGASD-26JUN11-4.100,Economics,"(0.9, 1.0]",-1,0.9899,1.0,-0.4851,0.0174844593,-0.5025844593
KXAAAGASD-26JUN11-4.105,Economics,"(0.9, 1.0]",-1,0.9899,1.0,-0.4851,0.0174844593,-0.5025844593
KXAAAGASD-26JUN11-4.110,Economics,"(0.9, 1.0]",-1,0.9899,1.0,-0.4851,0.0174844593,-0.5025844593
KXAAAGASD-26JUN11-4.115,Economics,"(0.9, 1.0]",-1,0.9899,1.0,-0.4851,0.0174844593,-0.5025844593
KXAAAGASD-26JUN11-4.120,Economics,"(0.9, 1.0]",-1,0.9309,1.0,-0.5441,0.0173638633,-0.5614638633
KXAAAGASD-26JUN11-4.130,Economics,"(0.9, 1.0]",-1,0.94,0.0,0.46499999999999997,0.01741425,0.44758574999999995
KXAAAGASD-26JUN11-4.125,Economics,"(0.9, 1.0]",-1,0.94,1.0,-0.535,0.01741425,-0.55241425
KXAAAGASD-26JUN11-4.140,Economics,"(0.9, 1.0]",-1,0.9631,0.0,0.4881,0.017490087300000002,0.47060991269999997
KXAAAGASD-26JUN11-4.145,Economics,"(-0.001, 0.1]",1,0.1,0.0,-0.575,0.017106250000000003,-0.59210625
KXAAAGASD-26JUN11-4.150,Economics,"(0.4, 0.5]",-1,0.5,0.0,0.025000000000000022,0.0017062500000000016,0.02329375000000002
KXAAAGASD-26JUN11-4.165,Economics,"(-0.001, 0.1]",1,0.0457,0.0,-0.5206999999999999,0.017470005700000003,-0.5381700057
KXAAAGASD-26JUN11-4.135,Economics,"(0.8, 0.9]",-1,0.9,0.0,0.42500000000000004,0.017106250000000003,0.40789375000000005
KXMLBTOTAL-26JUN102105MILATH-18,Sports,"(0.2, 0.3]",-1,0.28,0.0,-0.19999999999999996,0.0006930000000000006,-0.20069299999999995
KXNBASTL-26JUN10SASNYK-SASSCASTLE5-2,Sports,"(0.2, 0.3]",-1,0.28,0.0,-0.20999999999999996,0.0006930000000000006,-0.21069299999999996
KXNBAMENTION-26JUN10SASNYK-ALLE,Mentions,"(0.6, 0.7]",-1,0.6374,1.0,-0.7976000000000001,0.011300396799999998,-0.8089003968
KXNBAMENTION-26JUN10SASNYK-AIRB,Mentions,"(0.5, 0.6]",-1,0.58,1.0,-0.855,0.008678250000000002,-0.86367825
KXNBAMENTION-26JUN10SASNYK-WING,Mentions,"(0.5, 0.6]",-1,0.58,1.0,-0.855,0.008678250000000002,-0.86367825
KXNBAMENTION-26JUN10SASNYK-OVER,Mentions,"(0.3, 0.4]",-1,0.39,0.0,-0.04499999999999993,0.0006930000000000006,-0.04569299999999993
KXNBAMENTION-26JUN10SASNYK-MSG,Mentions,"(0.8, 0.9]",-1,0.9,1.0,-0.18,0.010332000000000001,-0.190332
KXNBAMENTION-26JUN10SASNYK-LEBR,Mentions,"(0.8, 0.9]",-1,0.84,1.0,-0.64,0.016128000000000003,-0.656128
KXNBAMENTION-26JUN10SASNYK-POPO,Mentions,"(0.8, 0.9]",-1,0.82,0.0,0.33999999999999997,0.015708,0.32429199999999997
KXMLBTOTAL-26JUN102138HOULAA-3,Sports,"(0.9, 1.0]",-1,0.97,1.0,-0.52,0.017472,-0.5374720000000001
KXITFWMATCH-26JUN10MUSSAW-SAW,Sports,"(0.7, 0.8]",-1,0.77,0.0,0.28,0.014112000000000001,0.265888
KXMLBTB-26JUN102105MILATH-ATHNKURTZ16-2,Sports,"(0.5, 0.6]",-1,0.5446,0.0,0.25459999999999994,0.013284518799999999,0.24131548119999993
KXCBDECISIONEU-26JUN11-H25P,Economics,"(-0.001, 0.1]",1,0.04,0.0,-0.53,0.017437,-0.5474370000000001
KXCBDECISIONEU-26JUN11-C25,Economics,"(-0.001, 0.1]",1,0.04,0.0,-0.53,0.017437,-0.5474370000000001
KXCBDECISIONEU-26JUN11-C25P,Economics,"(-0.001, 0.1]",1,0.04,0.0,-0.53,0.017437,-0.5474370000000001
KXJOBLESSCLAIMS-26JUN11-200000,Economics,"(0.9, 1.0]",-1,0.95,1.0,-0.54,0.017388,-0.557388
KXJOBLESSCLAIMS-26JUN11-205000,Economics,"(0.8, 0.9]",-1,0.87,1.0,-0.625,0.01640625,-0.64140625
KXJOBLESSCLAIMS-26JUN11-220000,Economics,"(0.4, 0.5]",-1,0.48,1.0,-1.0150000000000001,0.0006930000000000006,-1.0156930000000002
KXUSPPIYOY-26JUN11-T6.3,Economics,"(0.4, 0.5]",-1,0.49,1.0,-0.52,0.017472,-0.5374720000000001
KXUSPPIYOY-26JUN11-T5.3,Economics,"(0.8, 0.9]",-1,0.87,1.0,-0.14,0.008428000000000001,-0.148428
KXUSPPIYOY-26JUN11-T5.4,Economics,"(0.8, 0.9]",-1,0.88,1.0,-0.13,0.007917,-0.137917
KXUSPPIYOY-26JUN11-T6.2,Economics,"(0.4, 0.5]",-1,0.5,1.0,-0.51,0.017493,-0.527493
KXUSPPIYOY-26JUN11-T6.1,Economics,"(0.4, 0.5]",-1,0.5,1.0,-0.51,0.017493,-0.527493
KXUSPPIYOY-26JUN11-T5.9,Economics,"(0.4, 0.5]",-1,0.5,1.0,-0.51,0.017493,-0.527493
KXUSPPIYOY-26JUN11-T6.0,Economics,"(0.4, 0.5]",-1,0.5,1.0,-0.51,0.017493,-0.527493
KXATHLETEMENTION-26JUN10-TURN,Mentions,"(0.8, 0.9]",-1,0.8478,0.0,0.3628,0.016182331200000004,0.3466176688
KXATHLETEMENTION-26JUN10-FREN,Mentions,"(0.5, 0.6]",-1,0.56,0.0,0.07500000000000007,0.004856250000000005,0.07014375000000006
KXATHLETEMENTION-26JUN10-FLAG,Mentions,"(-0.001, 0.1]",1,0.1,0.0,-0.585,0.016994250000000002,-0.60199425
KXATHLETEMENTION-26JUN10-KAT,Mentions,"(0.8, 0.9]",-1,0.82,0.0,0.33499999999999996,0.01559425,0.31940575
KXMAMDANIMENTION-26JUN11-KNIC,Mentions,"(0.8, 0.9]",-1,0.85,1.0,-0.6000000000000001,0.0168,-0.6168000000000001
KXOWGAME-26JUN110830ELMTTS-TS,Sports,"(0.8, 0.9]",-1,0.82,1.0,-0.24500000000000005,0.012948250000000003,-0.25794825000000005
KXLASTWORDMENTION-26JUN10-IRAN,Mentions,"(0.8, 0.9]",-1,0.83,0.0,0.3799999999999999,0.016492,0.3635079999999999
KXLASTWORDMENTION-26JUN10-CORR,Mentions,"(-0.001, 0.1]",1,0.0219,0.0,-0.4719,0.0174447273,-0.4893447273
KXMAMDANIMENTION-26JUN11-FIVE,Mentions,"(0.8, 0.9]",-1,0.85,1.0,-0.6000000000000001,0.0168,-0.6168000000000001
KXMAMDANIMENTION-26JUN11-BUDG,Mentions,"(0.8, 0.9]",-1,0.85,0.0,0.3999999999999999,0.0168,0.38319999999999993
KXMAMDANIMENTION-26JUN11-AFFO,Mentions,"(0.8, 0.9]",-1,0.85,0.0,0.3999999999999999,0.0168,0.38319999999999993
KXINXU-26JUN11H1100-T7254.9999,Financials,"(0.9, 1.0]",-1,0.96,1.0,-0.06,0.003948,-0.063948
KXNBAMENTION-26JUN10SASNYK-TRAV,Mentions,"(0.7, 0.8]",-1,0.749,0.0,0.31400000000000006,0.015078280000000003,0.29892172000000006
KXNBAMENTION-26JUN10SASNYK-HIGH,Mentions,"(0.3, 0.4]",-1,0.35,1.0,-1.085,0.0006930000000000006,-1.085693
KXNBAMENTION-26JUN10SASNYK-CHAL,Mentions,"(0.8, 0.9]",-1,0.81,0.0,0.33000000000000007,0.015477000000000003,0.31452300000000005
KXNBAMENTION-26JUN10SASNYK-TAYL,Mentions,"(0.6, 0.7]",-1,0.61,0.0,0.125,0.007656250000000001,0.11734375
KXMELANIAMENTION-26JUN11-BESS,Mentions,"(0.6, 0.7]",-1,0.6507,1.0,-0.7993000000000001,0.011229365699999995,-0.8105293657000001
KXMELANIAMENTION-26JUN11-AI,Mentions,"(0.3, 0.4]",-1,0.4,0.0,-0.050000000000000044,0.0006930000000000006,-0.050693000000000044
KXCS2GAME-26JUN111000B8EFURIA-FURIA,Sports,"(0.7, 0.8]",-1,0.71,1.0,-0.76,0.012768,-0.772768
KXETH-26JUN1113-B1630,Crypto,"(0.2, 0.3]",-1,0.25,1.0,-0.775,0.01220625,-0.78720625
KXINXU-26JUN11H1300-T6374.9999,Financials,"(0.9, 1.0]",-1,0.99,1.0,-0.015000000000000013,0.001034250000000001,-0.016034250000000014
KXHEARINGMENTION-26JUN11-NQE,Mentions,"(-0.001, 0.1]",1,0.01,0.0,-0.5,0.0175,-0.5175
KXHEARINGMENTION-26JUN11-OPEN,Mentions,"(0.8, 0.9]",-1,0.83,1.0,-0.655,0.015818250000000002,-0.6708182500000001
KXHEARINGMENTION-26JUN11-NVID,Mentions,"(0.8, 0.9]",-1,0.84,0.0,0.355,0.01602825,0.33897174999999996
KXWTACHALLENGERMATCH-26JUN11JIMLEP-LEP,Sports,"(0.5, 0.6]",-1,0.51,0.0,0.06000000000000005,0.003948000000000004,0.056052000000000046
KXHOCHULMENTION-26JUN10-KNIC,Mentions,"(0.2, 0.3]",-1,0.21,1.0,-1.275,0.0006930000000000006,-1.275693
KXHOCHULMENTION-26JUN10-AFFO,Mentions,"(0.8, 0.9]",-1,0.85,0.0,0.365,0.016224250000000003,0.34877575
KXINXU-26JUN11H1400-T7144.9999,Financials,"(0.9, 1.0]",-1,0.93,1.0,-0.13499999999999995,0.00817425,-0.14317424999999995
KXINXU-26JUN11H1400-T7134.9999,Financials,"(0.9, 1.0]",-1,0.93,1.0,-0.13499999999999995,0.00817425,-0.14317424999999995
KXINXU-26JUN11H1400-T7129.9999,Financials,"(0.9, 1.0]",-1,0.93,1.0,-0.13499999999999995,0.00817425,-0.14317424999999995
KXCS2GAME-26JUN111230MNTEAUR-AUR,Sports,"(0.7, 0.8]",-1,0.71,1.0,-0.76,0.012768,-0.772768
KXARMOMINF-26JUN11-T3.2,Economics,"(-0.001, 0.1]",1,0.1,0.0,-0.10500000000000001,0.006578250000000002,-0.11157825000000002
KXARMOMINF-26JUN11-T3.4,Economics,"(-0.001, 0.1]",1,0.04,0.0,-0.045,0.00300825,-0.048008249999999995
KXARMOMINF-26JUN11-T3.6,Economics,"(-0.001, 0.1]",1,0.03,0.0,-0.045,0.00300825,-0.048008249999999995
KXINXU-26JUN11H1500-T7309.9999,Financials,"(0.9, 1.0]",-1,0.91,1.0,-0.09999999999999998,0.006299999999999999,-0.10629999999999998
KXBTCD-26JUN1115-T63799.99,Crypto,"(0.2, 0.3]",-1,0.2916,0.0,0.2816000000000001,0.014161100800000003,0.2674388992000001
KXINXU-26JUN11H1500-T6374.9999,Financials,"(0.9, 1.0]",-1,0.9877,1.0,-0.017299999999999982,0.0011900496999999988,-0.01849004969999998
KXMLBHR-26JUN111310AZMIA-AZCCARROLL7-1,Sports,"(0.1, 0.2]",1,0.1798,0.0,-0.2148,0.011806267200000001,-0.2266062672
KXINXU-26JUN11H1600-T6999.9999,Financials,"(0.9, 1.0]",-1,0.99,1.0,-0.030000000000000027,0.002037000000000002,-0.03203700000000003
KXINXU-26JUN11H1600-T7049.9999,Financials,"(0.9, 1.0]",-1,0.94,1.0,-0.08500000000000002,0.005444250000000002,-0.09044425000000002
KXINXU-26JUN11H1600-T6949.9999,Financials,"(0.9, 1.0]",-1,0.98,1.0,-0.040000000000000036,0.0026880000000000025,-0.04268800000000004
KXINXU-26JUN11H1600-T7074.9999,Financials,"(0.9, 1.0]",-1,0.93,1.0,-0.09499999999999992,0.006018249999999995,-0.1010182499999999
KXNASDAQ100U-26JUN11H1600-T26699.99,Financials,"(0.9, 1.0]",-1,0.99,1.0,-0.030000000000000027,0.002037000000000002,-0.03203700000000003
KXWCGOAL-26JUN11MEXRSA-MEXRJIMEN7-2,Sports,"(0.1, 0.2]",1,0.18,0.0,-0.6699999999999999,0.015477000000000003,-0.6854769999999999
KXETH-26JUN1117-B1660,Crypto,"(0.2, 0.3]",-1,0.26,1.0,-0.765,0.012584250000000002,-0.77758425
KXCARNEYMENTION-26JUN11-NQE,Mentions,"(-0.001, 0.1]",1,0.0116,0.0,-0.4966,0.0174991908,-0.5140991908
KXCARNEYMENTION-26JUN11-BEEF,Mentions,"(0.3, 0.4]",-1,0.33,0.0,-0.1549999999999998,0.0006930000000000006,-0.1556929999999998
KXCARNEYMENTION-26JUN11-TARI,Mentions,"(0.8, 0.9]",-1,0.83,1.0,-0.655,0.015818250000000002,-0.6708182500000001
KXMLBHR-26JUN111410TEXKC-TEXBNIMMO24-1,Sports,"(0.1, 0.2]",1,0.15,0.0,-0.22999999999999998,0.012397,-0.24239699999999997
KXMLBHIT-26JUN111410TEXKC-TEXNLOPE33-2,Sports,"(0.2, 0.3]",-1,0.21,0.0,-0.2749999999999999,0.0006930000000000006,-0.2756929999999999
KXWCTEAMTOTAL-26JUN11MEXRSA-MEX2,Sports,"(0.5, 0.6]",-1,0.59,1.0,-0.49,0.017493,-0.507493
KXTRUMPMENTION-26JUN11-DEMO,Mentions,"(0.8, 0.9]",-1,0.8406,1.0,-0.5893999999999999,0.0169405348,-0.6063405347999999
KXTRUMPMENTION-26JUN11-LAND,Mentions,"(0.8, 0.9]",-1,0.8491,1.0,-0.5809,0.0170418633,-0.5979418633
KXTRUMPMENTION-26JUN11-MAGA,Mentions,"(0.8, 0.9]",-1,0.8443,0.0,0.4143000000000001,0.0169858857,0.39731411430000013
KXTRUMPMENTION-26JUN11-KNIC,Mentions,"(0.2, 0.3]",-1,0.28,0.0,-0.1499999999999999,0.0006930000000000006,-0.1506929999999999
KXTRUMPMENTION-26JUN11-ILLE,Mentions,"(0.5, 0.6]",-1,0.5543,0.0,0.12430000000000008,0.007619465700000005,0.11668053430000007
KXTRUMPMENTION-26JUN11-HOTT,Mentions,"(0.4, 0.5]",-1,0.45,0.0,0.020000000000000018,0.0013720000000000015,0.018628000000000016
KXTRUMPMENTION-26JUN11-AI,Mentions,"(0.4, 0.5]",-1,0.48,0.0,0.050000000000000044,0.0033250000000000033,0.04667500000000004
KXTRUMPMENTION-26JUN11-AFFO,Mentions,"(0.9, 1.0]",-1,0.91,0.0,0.48,0.017472,0.462528
KXTRUMPMENTION-26JUN11-OIL,Mentions,"(0.5, 0.6]",-1,0.512,0.0,0.08200000000000007,0.005269320000000004,0.07673068000000006
KXTRUMPMENTION-26JUN11-CEAS,Mentions,"(0.4, 0.5]",-1,0.41,0.0,-0.020000000000000018,0.0006930000000000006,-0.020693000000000017
KXTRUEV-26JUN11-T1165.33,Economics,"(0.8, 0.9]",-1,0.8886,1.0,-0.6064,0.0167075328,-0.6231075328000001
KXTRUFTSA-26JUN11-T1660000,Economics,"(0.9, 1.0]",-1,0.99,1.0,-0.505,0.017498250000000003,-0.52249825
KXTRUFTSA-26JUN11-T2060000,Economics,"(0.9, 1.0]",-1,0.98,1.0,-0.515,0.017484250000000003,-0.53248425
KXTRUFTSA-26JUN11-T2260000,Economics,"(0.9, 1.0]",-1,0.98,1.0,-0.515,0.017484250000000003,-0.53248425
KXTRUFTSA-26JUN11-T2360000,Economics,"(0.9, 1.0]",-1,0.98,1.0,-0.515,0.017484250000000003,-0.53248425
KXTRUFTSA-26JUN11-T2460000,Economics,"(0.9, 1.0]",-1,0.98,1.0,-0.515,0.017484250000000003,-0.53248425
KXTRUFTSA-26JUN11-T2660000,Economics,"(0.8, 0.9]",-1,0.89,1.0,-0.605,0.016728250000000004,-0.62172825
KXTRUFTSA-26JUN11-T2960000,Economics,"(-0.001, 0.1]",1,0.02,0.0,-0.515,0.017484250000000003,-0.53248425
KXTRUEV-26JUN11-T1275.33,Economics,"(-0.001, 0.1]",1,0.03,0.0,-0.525,0.017456250000000003,-0.54245625
KXTRUFTSA-26JUN11-T3060000,Economics,"(-0.001, 0.1]",1,0.02,0.0,-0.515,0.017484250000000003,-0.53248425
KXTRUFBPPI-26JUN11-T1000,Economics,"(0.9, 1.0]",-1,0.98,1.0,-0.515,0.017484250000000003,-0.53248425
KXTRUEV-26JUN11-T1185.33,Economics,"(0.4, 0.5]",-1,0.49,1.0,-1.005,0.0006930000000000006,-1.005693
KXTRUEV-26JUN11-T1205.33,Economics,"(0.4, 0.5]",-1,0.5,1.0,-0.995,0.0006930000000000006,-0.995693
KXTRUFBPPI-26JUN11-T975,Economics,"(0.9, 1.0]",-1,0.98,1.0,-0.515,0.017484250000000003,-0.53248425
KXTRUFBPPI-26JUN11-T1025,Economics,"(0.9, 1.0]",-1,0.98,1.0,-0.515,0.017484250000000003,-0.53248425
KXTRUFBPPI-26JUN11-T1050,Economics,"(0.9, 1.0]",-1,0.98,1.0,-0.515,0.017484250000000003,-0.53248425
KXTRUMPMENTIONB-26JUN11-DEMO,Mentions,"(0.8, 0.9]",-1,0.85,1.0,-0.635,0.016224250000000003,-0.6512242500000001
KXTRUMPMENTIONB-26JUN11-BIDE,Mentions,"(0.7, 0.8]",-1,0.78,1.0,-0.705,0.014558250000000003,-0.71955825
KXTRUMPMENTIONB-26JUN11-SAVE,Mentions,"(0.4, 0.5]",-1,0.48,1.0,-1.005,0.0006930000000000006,-1.005693
KXTRUMPMENTIONB-26JUN11-OIL,Mentions,"(0.6, 0.7]",-1,0.69,0.0,0.20499999999999996,0.011408249999999998,0.19359174999999995
KXTRUMPMENTIONB-26JUN11-STOC,Mentions,"(0.5, 0.6]",-1,0.5499,0.0,0.06490000000000007,0.0042481593000000045,0.06065184070000006
KXTRUMPMENTIONB-26JUN11-KNIC,Mentions,"(-0.001, 0.1]",1,0.06,0.0,-0.5449999999999999,0.017358250000000002,-0.56235825
KXTRUMPMENTIONB-26JUN11-FAKE,Mentions,"(0.9, 1.0]",-1,0.91,0.0,0.42500000000000004,0.017106250000000003,0.40789375000000005
KXTRUMPMENTIONB-26JUN11-CRYP,Mentions,"(-0.001, 0.1]",1,0.04,0.0,-0.525,0.017456250000000003,-0.54245625
KXTRUMPMENTIONB-26JUN11-LAND,Mentions,"(0.6, 0.7]",-1,0.605,0.0,0.12,0.007392000000000001,0.112608
KXMLBHR-26JUN111905SEABAL-SEADCANZONE8-1,Sports,"(0.1, 0.2]",1,0.17,1.0,0.815,0.010554250000000001,0.80444575
KXMLBHR-26JUN111905SEABAL-BALCCOWSER17-1,Sports,"(0.1, 0.2]",1,0.15,1.0,0.8200000000000001,0.010332000000000001,0.809668
KXPSAKIMENTION-26JUN11-TRUM,Mentions,"(0.8, 0.9]",-1,0.83,1.0,-0.65,0.015925,-0.665925
KXPSAKIMENTION-26JUN11-OIL,Mentions,"(0.7, 0.8]",-1,0.7592,1.0,-0.7208,0.014087315200000002,-0.7348873152
KXMLBHRR-26JUN111840LADPIT-LADAFREELAND76-3,Sports,"(0.2, 0.3]",-1,0.27,0.0,-0.21499999999999986,0.0006930000000000006,-0.21569299999999986
KXMLBHRR-26JUN111840LADPIT-LADAPAGES44-2,Sports,"(0.5, 0.6]",-1,0.59,1.0,-0.77,0.012397,-0.782397
KXMLBMENTION-26JUN11SEABAL-BASE,Mentions,"(0.6, 0.7]",-1,0.65,1.0,-0.835,0.009644250000000002,-0.84464425
KXMLBMENTION-26JUN11SEABAL-ROB,Mentions,"(0.4, 0.5]",-1,0.41,1.0,-1.0750000000000002,0.0006930000000000006,-1.0756930000000002
KXMLBHIT-26JUN111905SEABAL-SEADCANZONE8-2,Sports,"(0.2, 0.3]",-1,0.21,0.0,0.07999999999999996,0.005151999999999999,0.07484799999999996
KXPSAKIMENTION-26JUN11-HEAL,Mentions,"(0.5, 0.6]",-1,0.5173,1.0,-0.9627,0.0025136097000000002,-0.9652136097
KXPSAKIMENTION-26JUN11-OBAM,Mentions,"(0.2, 0.3]",-1,0.3,0.0,-0.17999999999999994,0.0006930000000000006,-0.18069299999999994
KXPSAKIMENTION-26JUN11-REDI,Mentions,"(0.3, 0.4]",-1,0.3209,0.0,-0.15910000000000002,0.0006930000000000006,-0.15979300000000002
KXPSAKIMENTION-26JUN11-ENDO,Mentions,"(0.3, 0.4]",-1,0.3309,0.0,-0.1491,0.0006930000000000006,-0.149793
KXLOVEISLMENTION-26JUN11-DRAM,Mentions,"(0.3, 0.4]",-1,0.4,1.0,-1.05,0.0006930000000000006,-1.050693
KXLOVEISLMENTION-26JUN11-DUMP,Mentions,"(0.8, 0.9]",-1,0.84,0.0,0.3899999999999999,0.016652999999999998,0.37334699999999993
KXLOVEISLMENTION-26JUN11-IG,Mentions,"(0.3, 0.4]",-1,0.34,0.0,-0.10999999999999988,0.0006930000000000006,-0.11069299999999987
KXLOVEISLMENTION-26JUN11-FIRE,Mentions,"(0.8, 0.9]",-1,0.83,0.0,0.3799999999999999,0.016492,0.3635079999999999
KXLOVEISLMENTION-26JUN11-ICK,Mentions,"(0.2, 0.3]",-1,0.25,0.0,-0.19999999999999996,0.0006930000000000006,-0.20069299999999995
KXLOVEISLMENTION-26JUN11-PULL,Mentions,"(0.8, 0.9]",-1,0.8171,1.0,-0.6329,0.0162636313,-0.6491636313
KXLOVEISLMENTION-26JUN11-WHER,Mentions,"(0.4, 0.5]",-1,0.44,0.0,-0.010000000000000009,0.0006930000000000006,-0.01069300000000001
KXMLBMENTION-26JUN11SEABAL-ERRO,Mentions,"(0.7, 0.8]",-1,0.725,0.0,0.24,0.012768,0.227232
KXWNBAPTS-26JUN11PHXDAL-PHXKCOPPER2-15,Sports,"(0.5, 0.6]",-1,0.54,0.0,0.27,0.013797000000000002,0.256203
KXWNBA3PT-26JUN11PHXDAL-DALAFUDD35-2,Sports,"(0.5, 0.6]",-1,0.6,0.0,0.10999999999999999,0.006853,0.10314699999999999
KXNHLMENTION-26JUN11VGKCAR-CROS,Mentions,"(0.9, 1.0]",-1,0.93,1.0,-0.5399999999999999,0.017388000000000004,-0.5573879999999999
KXNHLMENTION-26JUN11VGKCAR-SHOR,Mentions,"(0.7, 0.8]",-1,0.77,1.0,-0.6699999999999999,0.015477000000000003,-0.6854769999999999
KXNHLMENTION-26JUN11VGKCAR-OVER,Mentions,"(0.9, 1.0]",-1,0.9082,1.0,-0.5318,0.0174292132,-0.5492292132000001
KXNHLMENTION-26JUN11VGKCAR-SLAP,Mentions,"(0.3, 0.4]",-1,0.4,0.0,-0.03499999999999992,0.0006930000000000006,-0.03569299999999992
KXWCSPREAD-26JUN11KORCZE-CZE2,Sports,"(0.1, 0.2]",1,0.15,0.0,-0.19999999999999998,0.011200000000000002,-0.2112
KXAAAGASD-26JUN12-4.065,Economics,"(0.8, 0.9]",-1,0.8833,1.0,-0.4867,0.0174876177,-0.5041876177
KXAAAGASD-26JUN12-4.100,Economics,"(0.8, 0.9]",-1,0.8565,1.0,-0.5135,0.0174872425,-0.5309872425
KXAAAGASD-26JUN12-4.105,Economics,"(0.8, 0.9]",-1,0.8565,1.0,-0.5185,0.0174760425,-0.5359760425
KXAAAGASD-26JUN12-4.110,Economics,"(0.8, 0.9]",-1,0.8565,0.0,0.5315000000000001,0.0174305425,0.5140694575000001
KXAAAGASD-26JUN12-4.120,Economics,"(0.8, 0.9]",-1,0.8552,0.0,0.48019999999999996,0.017472557200000002,0.46272744279999994
KXAAAGASD-26JUN12-4.125,Economics,"(0.8, 0.9]",-1,0.85,0.0,0.475,0.017456250000000003,0.45754374999999997
KXAAAGASD-26JUN12-4.095,Economics,"(0.8, 0.9]",-1,0.8565,1.0,-0.5135,0.0174872425,-0.5309872425
KXAAAGASD-26JUN12-4.090,Economics,"(0.8, 0.9]",-1,0.87,1.0,-0.5,0.0175,-0.5175
KXAAAGASD-26JUN12-4.085,Economics,"(0.8, 0.9]",-1,0.85,1.0,-0.52,0.017472,-0.5374720000000001
KXAAAGASD-26JUN12-4.080,Economics,"(0.8, 0.9]",-1,0.8833,1.0,-0.4867,0.0174876177,-0.5041876177
KXAAAGASD-26JUN12-4.075,Economics,"(0.8, 0.9]",-1,0.8833,1.0,-0.4867,0.0174876177,-0.5041876177
KXAAAGASD-26JUN12-4.070,Economics,"(0.8, 0.9]",-1,0.8833,1.0,-0.4867,0.0174876177,-0.5041876177
KXAAAGASD-26JUN12-4.140,Economics,"(-0.001, 0.1]",1,0.1,0.0,-0.475,0.017456250000000003,-0.49245625
KXAAAGASD-26JUN12-4.115,Economics,"(0.8, 0.9]",-1,0.8565,0.0,0.48150000000000004,0.0174760425,0.46402395750000003
KXWCSCORE-26JUN11KORCZE-KOR1CZE2,Sports,"(0.9, 1.0]",-1,0.99,0.0,0.495,0.017498250000000003,0.47750175
KXWCMENTION-26JUN11KORCZE-TRUM,Mentions,"(-0.001, 0.1]",1,0.03,0.0,-0.485,0.01748425,-0.50248425
KXWCMENTION-26JUN11KORCZE-AKRN,Mentions,"(0.3, 0.4]",-1,0.341,0.0,-0.10400000000000009,0.0006930000000000006,-0.10469300000000009
KXUKGDPMOM-26JUN12-T0.6,Economics,"(-0.001, 0.1]",1,0.04,0.0,-0.535,0.01741425,-0.55241425
KXUKGDPMOM-26JUN12-T0.7,Economics,"(-0.001, 0.1]",1,0.04,0.0,-0.535,0.01741425,-0.55241425
KXUSMICHCSP-26JUN12-T44.0,Economics,"(0.4, 0.5]",-1,0.47,1.0,-1.025,0.0006930000000000006,-1.025693
KXUSMICHCSP-26JUN12-T45.0,Economics,"(0.4, 0.5]",-1,0.43,1.0,-1.065,0.0006930000000000006,-1.065693
KXNASDAQ100U-26JUN12H1000-T28299.99,Financials,"(0.9, 1.0]",-1,0.99,1.0,-0.025000000000000022,0.0017062500000000016,-0.026706250000000025
KXWTAMATCH-26JUN11DARRAK-DAR,Sports,"(0.5, 0.6]",-1,0.53,0.0,0.10499999999999998,0.00657825,0.09842174999999999
KXHEARINGMENTION-26JUN12-ORAC,Mentions,"(0.5, 0.6]",-1,0.5567,1.0,-0.8933,0.006672057700000001,-0.8999720577
KXHEARINGMENTION-26JUN12-TRAV,Mentions,"(0.7, 0.8]",-1,0.75,1.0,-0.7,0.014700000000000003,-0.7147
KXHEARINGMENTION-26JUN12-MISS,Mentions,"(0.5, 0.6]",-1,0.5621,1.0,-0.8878999999999999,0.006967351300000006,-0.8948673513
KXHEARINGMENTION-26JUN12-DOGE,Mentions,"(0.5, 0.6]",-1,0.5047,0.0,0.05469999999999997,0.0036195536999999987,0.05108044629999997
KXLATENIGHTMENTION-26JUN12-RONA,Mentions,"(0.5, 0.6]",-1,0.5519,1.0,-0.9331,0.004369707299999998,-0.9374697073
KXLATENIGHTMENTION-26JUN12-ENGL,Mentions,"(0.8, 0.9]",-1,0.83,1.0,-0.655,0.015818250000000002,-0.6708182500000001
KXLATENIGHTMENTION-26JUN12-RED,Mentions,"(0.7, 0.8]",-1,0.7811,1.0,-0.7039,0.014589735300000004,-0.7184897352999999
KXLATENIGHTMENTION-26JUN12-UFC,Mentions,"(0.5, 0.6]",-1,0.57,0.0,0.08499999999999996,0.005444249999999999,0.07955574999999997
KXLATENIGHTMENTION-26JUN12-QATA,Mentions,"(0.5, 0.6]",-1,0.541,0.0,0.05600000000000005,0.0037004800000000034,0.052299520000000044
KXLATENIGHTMENTION-26JUN12-TRUM,Mentions,"(0.5, 0.6]",-1,0.5969,0.0,0.1119,0.0069564873000000004,0.1049435127
KXPERSONMENTION-26JUN12B-DATA,Mentions,"(0.9, 1.0]",-1,0.973,1.0,-0.517,0.017479770000000002,-0.53447977
KXPERSONMENTION-26JUN12B-ANTH,Mentions,"(0.7, 0.8]",-1,0.775,0.0,0.28500000000000003,0.014264250000000003,0.27073575000000005
KXEOWEEK-26JUN06-0,Politics,"(0.8, 0.9]",-1,0.83,1.0,-0.21000000000000002,0.011613000000000004,-0.22161300000000003
KXTRUMPSAY-26JUN15-GOLD,Mentions,"(0.8, 0.9]",-1,0.8139,1.0,-0.24610000000000004,0.012987435300000004,-0.25908743530000006
KXTRUMPSAY-26JUN15-WHO,Mentions,"(0.6, 0.7]",-1,0.6911,1.0,-0.6839,0.015132655300000002,-0.6990326552999999
KXTRUMPSAY-26JUN15-50,Mentions,"(0.6, 0.7]",-1,0.6471,1.0,-0.5729,0.017127991300000003,-0.5900279912999999
KXTRUMPSAY-26JUN15-EPST,Mentions,"(0.5, 0.6]",-1,0.6,1.0,-0.47000000000000003,0.017437000000000005,-0.487437
KXTRUMPSAYMONTH-26JUL01-PRED,Mentions,"(0.8, 0.9]",-1,0.8283,1.0,-0.3666999999999999,0.0162561777,-0.3829561776999999
KXHOCHULMENTION-26JUN12-BUFF,Mentions,"(-0.001, 0.1]",1,0.1,1.0,0.41000000000000003,0.016933000000000004,0.39306700000000006
KXHOCHULMENTION-26JUN12-ECON,Mentions,"(-0.001, 0.1]",1,0.1,1.0,0.41000000000000003,0.016933000000000004,0.39306700000000006
KXHOCHULMENTION-26JUN12-WORL,Mentions,"(-0.001, 0.1]",1,0.1,0.0,-0.59,0.016933000000000004,-0.606933
KXHOCHULMENTION-26JUN12-KNIC,Mentions,"(-0.001, 0.1]",1,0.1,0.0,-0.59,0.016933000000000004,-0.606933
KXHBIDENMENTION-26JUN12-REPU,Mentions,"(0.8, 0.9]",-1,0.85,1.0,-0.635,0.016224250000000003,-0.6512242500000001
KXHBIDENMENTION-26JUN12-DEMO,Mentions,"(0.4, 0.5]",-1,0.4294,1.0,-1.0556,0.0006930000000000006,-1.0562930000000001
KXHBIDENMENTION-26JUN12-BIBI,Mentions,"(0.3, 0.4]",-1,0.378,0.0,-0.10699999999999998,0.0006930000000000006,-0.10769299999999998
KXHBIDENMENTION-26JUN12-PARD,Mentions,"(0.4, 0.5]",-1,0.5,1.0,-0.985,0.001034250000000001,-0.98603425
KXHBIDENMENTION-26JUN12-HEAL,Mentions,"(0.8, 0.9]",-1,0.835,1.0,-0.65,0.015925,-0.665925
KXMAMDANIMENTION-26JUN12-MSG,Mentions,"(0.2, 0.3]",-1,0.2259,0.0,-0.2591000000000001,0.0006930000000000006,-0.2597930000000001
KXCARNEYMENTION-26JUN12-UKRA,Mentions,"(0.4, 0.5]",-1,0.4467,1.0,-1.0033,0.0006930000000000006,-1.0039930000000001
KXCARNEYMENTION-26JUN12-NATO,Mentions,"(0.4, 0.5]",-1,0.4467,0.0,-0.0033000000000000806,0.0006930000000000006,-0.0039930000000000816
KXCARNEYMENTION-26JUN12-AFFO,Mentions,"(0.4, 0.5]",-1,0.46,0.0,0.010000000000000009,0.0006930000000000006,0.009307000000000008
KXCS2MAP-26JUN121230TSAUR-2-AUR,Sports,"(0.2, 0.3]",-1,0.27,0.0,-0.19999999999999996,0.0006930000000000006,-0.20069299999999995
KXINXU-26JUN12H1600-T6949.9999,Financials,"(0.9, 1.0]",-1,0.99,1.0,-0.24,0.012768000000000002,-0.252768
KXINXU-26JUN12H1600-T6974.9999,Financials,"(0.9, 1.0]",-1,0.99,1.0,-0.08500000000000002,0.005444250000000002,-0.09044425000000002
KXUSFLYCAN-26JUN12-T3200,Economics,"(0.9, 1.0]",-1,0.98,1.0,-0.515,0.017484250000000003,-0.53248425
KXUSFLYCAN-26JUN12-T2000,Economics,"(0.4, 0.5]",-1,0.5,1.0,-0.995,0.0006930000000000006,-0.995693
KXUSFLYCAN-26JUN12-T1800,Economics,"(0.4, 0.5]",-1,0.42,1.0,-1.0750000000000002,0.0006930000000000006,-1.0756930000000002
KXBTCD-26JUN1217-T64499.99,Crypto,"(0.2, 0.3]",-1,0.29,0.0,-0.08999999999999986,0.0006930000000000006,-0.09069299999999986
KXWCMENTION-26JUN12CANBIH-HAND,Mentions,"(-0.001, 0.1]",1,0.02,0.0,-0.47500000000000003,0.017456250000000003,-0.49245625000000004
KXWCMENTION-26JUN12CANBIH-NQE,Mentions,"(-0.001, 0.1]",1,0.01,0.0,-0.465,0.01741425,-0.48241425000000004
KXWCMENTION-26JUN12CANBIH-BMOF,Mentions,"(0.2, 0.3]",-1,0.2943,0.0,-0.15569999999999995,0.0006930000000000006,-0.15639299999999995
KXTRUEV-26JUN12-T1239.20,Economics,"(0.4, 0.5]",-1,0.49,1.0,-1.005,0.0006930000000000006,-1.005693
KXTRUEV-26JUN12-T1229.20,Economics,"(0.4, 0.5]",-1,0.5,1.0,-0.995,0.0006930000000000006,-0.995693
KXTRUEV-26JUN12-T1219.20,Economics,"(0.4, 0.5]",-1,0.5,1.0,-0.995,0.0006930000000000006,-0.995693
KXTRUEV-26JUN12-T1179.20,Economics,"(0.8, 0.9]",-1,0.83,1.0,-0.665,0.01559425,-0.6805942500000001
KXTRUEV-26JUN12-T1169.20,Economics,"(0.8, 0.9]",-1,0.88,1.0,-0.615,0.016574250000000002,-0.63157425
KXTRUEV-26JUN12-T1159.20,Economics,"(0.9, 1.0]",-1,0.98,1.0,-0.515,0.017484250000000003,-0.53248425
KXTRUEV-26JUN12-T1189.20,Economics,"(0.4, 0.5]",-1,0.49,1.0,-1.005,0.0006930000000000006,-1.005693
KXTRUEV-26JUN12-T1139.20,Economics,"(0.8, 0.9]",-1,0.83,1.0,-0.665,0.01559425,-0.6805942500000001
KXTRUFBPPI-26JUN12-T990,Economics,"(0.9, 1.0]",-1,0.98,1.0,-0.515,0.017484250000000003,-0.53248425
KXTRUFBPPI-26JUN12-T965,Economics,"(0.9, 1.0]",-1,0.98,1.0,-0.515,0.017484250000000003,-0.53248425
KXTRUFTSA-26JUN12-T2220000,Economics,"(-0.001, 0.1]",1,0.015,1.0,0.49,0.017493,0.472507
KXTRUEV-26JUN12-T1149.20,Economics,"(0.8, 0.9]",-1,0.8097,1.0,-0.6853,0.015096473700000002,-0.7003964737
KXBRINFHIGH-27JAN01-T4.50,Economics,"(0.9, 1.0]",-1,0.96,1.0,-0.04500000000000004,0.0030082500000000027,-0.048008250000000044
KXMLBF5TOTAL-26JUN121937NYYTOR-7,Sports,"(0.2, 0.3]",-1,0.24,1.0,-1.24,0.0006930000000000006,-1.240693
KXMLBHIT-26JUN121840MIAPIT-PITJTRIOLO19-1,Sports,"(0.5, 0.6]",-1,0.59,1.0,-0.875,0.007656250000000001,-0.88265625
KXMLBHR-26JUN121905SDBAL-BALTWARD3-1,Sports,"(0.1, 0.2]",1,0.14,0.0,-0.21500000000000002,0.01181425,-0.22681425000000002
KXMLBHIT-26JUN121905SDBAL-SDWWAGNER7-1,Sports,"(0.5, 0.6]",-1,0.53,0.0,0.03500000000000003,0.002364250000000002,0.032635750000000026
KXPSAKIMENTION-26JUN12-HEAL,Mentions,"(0.8, 0.9]",-1,0.82,1.0,-0.665,0.01559425,-0.6805942500000001
KXPSAKIMENTION-26JUN12-REDI,Mentions,"(0.7, 0.8]",-1,0.7002,1.0,-0.7847999999999999,0.011822227200000002,-0.7966222272
KXPSAKIMENTION-26JUN12-NQE,Mentions,"(-0.001, 0.1]",1,0.01,0.0,-0.019999999999999997,0.001372,-0.021371999999999995
KXMLBSPREAD-26JUN121937NYYTOR-TOR8,Sports,"(0.2, 0.3]",-1,0.28,0.0,-0.21499999999999986,0.0006930000000000006,-0.21569299999999986
KXMLBF5-26JUN121845SEAWSH-SEA,Sports,"(0.5, 0.6]",-1,0.51,1.0,-0.965,0.002364250000000002,-0.9673642499999999
KXWCAST-26JUN12USAPAR-USAFBALOG9-1,Sports,"(0.1, 0.2]",1,0.1344,0.0,-0.1944,0.0109626048,-0.2053626048
KXPERSONMENTION-26JUN12-NQE,Mentions,"(-0.001, 0.1]",1,0.0105,0.0,-0.4155,0.0170001825,-0.4325001825
KXMLBHIT-26JUN121940LADCWS-CWSCMEIDROTH10-1,Sports,"(0.5, 0.6]",-1,0.6,1.0,-0.88,0.007392000000000001,-0.887392
KXLOVEISLMENTION-26JUN12-FIJI,Mentions,"(0.3, 0.4]",-1,0.339,0.0,-0.11099999999999999,0.0006930000000000006,-0.11169299999999999
KXLOVEISLMENTION-26JUN12-PULL,Mentions,"(0.8, 0.9]",-1,0.85,1.0,-0.6000000000000001,0.0168,-0.6168000000000001
KXLOVEISLMENTION-26JUN12-LOYA,Mentions,"(0.8, 0.9]",-1,0.85,0.0,0.3999999999999999,0.0168,0.38319999999999993
KXLOVEISLMENTION-26JUN12-DRAM,Mentions,"(0.7, 0.8]",-1,0.75,1.0,-0.7,0.014700000000000003,-0.7147
KXLOVEISLMENTION-26JUN12-MESS,Mentions,"(0.6, 0.7]",-1,0.7,1.0,-0.785,0.01181425,-0.7968142500000001
KXBTC-26JUN1223-B63850,Crypto,"(0.2, 0.3]",-1,0.2067,0.0,-0.028299999999999992,0.0006930000000000006,-0.02899299999999999
KXWCGAME-26JUN12USAPAR-PAR,Sports,"(0.2, 0.3]",-1,0.3,0.0,0.265,0.01363425,0.25136575
KXMLBHIT-26JUN121940PHIMIL-PHIKSCHWARBER12-1,Sports,"(0.5, 0.6]",-1,0.51,1.0,-0.97,0.002037000000000002,-0.9720369999999999
KXMLBMENTION-26JUN12AZCIN-ERRO,Mentions,"(0.7, 0.8]",-1,0.75,1.0,-0.735,0.01363425,-0.74863425
KXWCSCORE-26JUN12USAPAR-USA1PAR0,Sports,"(0.1, 0.2]",1,0.17,0.0,-0.25,0.013125000000000001,-0.263125
KXMLBHRR-26JUN121905SDBAL-BALARUTSCHMAN35-2,Sports,"(0.5, 0.6]",-1,0.56,0.0,0.07000000000000006,0.004557000000000005,0.06544300000000006
KXWCAST-26JUN12USAPAR-USAWMCKEN22-1,Sports,"(0.1, 0.2]",1,0.15,0.0,-0.245,0.012948250000000001,-0.25794825
KXWCGOAL-26JUN12USAPAR-PARAARCE18-1,Sports,"(0.1, 0.2]",1,0.14,0.0,-0.635,0.016224250000000003,-0.6512242500000001
KXWCMENTION-26JUN12USAPAR-CAPT,Mentions,"(0.8, 0.9]",-1,0.84,1.0,-0.645,0.01602825,-0.66102825
KXWCMENTION-26JUN12USAPAR-ADID,Mentions,"(0.4, 0.5]",-1,0.5,0.0,0.015000000000000013,0.001034250000000001,0.013965750000000013
KXWCMENTION-26JUN12USAPAR-VISA,Mentions,"(0.4, 0.5]",-1,0.5,1.0,-0.95,0.0033250000000000033,-0.953325
KXWCMENTION-26JUN12USAPAR-RED,Mentions,"(0.8, 0.9]",-1,0.9,1.0,-0.58,0.017052000000000005,-0.5970519999999999
KXMLBSPREAD-26JUN121845SEAWSH-WSH2,Sports,"(0.2, 0.3]",-1,0.28,0.0,-0.20999999999999996,0.0006930000000000006,-0.21069299999999996
KXMLBMENTION-26JUN12ATLNYM-MVP,Mentions,"(0.8, 0.9]",-1,0.9,1.0,-0.585,0.016994250000000002,-0.60199425
KXAAAGASD-26JUN13-4.125,Economics,"(-0.001, 0.1]",1,0.02,0.0,-0.515,0.017484250000000003,-0.53248425
KXAAAGASD-26JUN13-4.120,Economics,"(-0.001, 0.1]",1,0.03,0.0,-0.525,0.017456250000000003,-0.54245625
KXAAAGASD-26JUN13-4.115,Economics,"(-0.001, 0.1]",1,0.0508,0.0,-0.5458,0.0173531652,-0.5631531651999999
KXAAAGASD-26JUN13-4.090,Economics,"(0.8, 0.9]",-1,0.87,0.0,0.38,0.016492,0.363508
KXAAAGASD-26JUN13-4.085,Economics,"(0.9, 1.0]",-1,0.94,1.0,-0.55,0.017325,-0.5673250000000001
KXAAAGASD-26JUN13-4.080,Economics,"(0.9, 1.0]",-1,0.97,1.0,-0.52,0.017472,-0.5374720000000001
KXAAAGASD-26JUN13-4.075,Economics,"(0.9, 1.0]",-1,0.99,1.0,-0.5,0.0175,-0.5175
KXAAAGASD-26JUN13-4.070,Economics,"(0.9, 1.0]",-1,0.99,1.0,-0.5,0.0175,-0.5175
KXAAAGASD-26JUN13-4.065,Economics,"(0.9, 1.0]",-1,0.99,1.0,-0.5,0.0175,-0.5175
KXAAAGASD-26JUN13-4.130,Economics,"(-0.001, 0.1]",1,0.03,0.0,-0.525,0.017456250000000003,-0.54245625
KXMLBHIT-26JUN122010STLMIN-STLIHERRERA48-1,Sports,"(0.5, 0.6]",-1,0.6,1.0,-0.865,0.008174250000000001,-0.87317425
KXMLBTEAMTOTAL-26JUN122215CHCSF-SF4,Sports,"(0.5, 0.6]",-1,0.55,0.0,0.06000000000000005,0.003948000000000004,0.056052000000000046
KXBTC-26JUN1301-B63550,Crypto,"(0.2, 0.3]",-1,0.215,0.0,-0.1299999999999999,0.0006930000000000006,-0.1306929999999999
KXMLBTB-26JUN122205COLATH-ATHNKURTZ16-5,Sports,"(0.1, 0.2]",1,0.19,1.0,0.6699999999999999,0.015477,0.654523
KXBTC-26JUN1307-B63650,Crypto,"(0.2, 0.3]",-1,0.25,0.0,-0.2250000000000001,0.0006930000000000006,-0.2256930000000001
KXWTAMATCH-26JUN13POHKOR-KOR,Sports,"(0.5, 0.6]",-1,0.59,0.0,0.14500000000000002,0.008678250000000002,0.13632175000000002
KXFISAEXTEND-26MAY-JUN13,Politics,"(0.8, 0.9]",-1,0.845,0.0,0.8049999999999999,0.010988250000000001,0.7940117499999999
KXMUSKTRILLION-29,Economics,"(0.4, 0.5]",-1,0.4423,1.0,-0.8177,0.010434669700000001,-0.8281346696999999
KXTRILLIONAIRE-30-MZ,Economics,"(-0.001, 0.1]",1,0.06,0.0,-0.09,0.005733,-0.095733
KXTRILLIONAIRE-30-SB,Economics,"(-0.001, 0.1]",1,0.03,0.0,-0.05499999999999999,0.00363825,-0.058638249999999996
KXTRILLIONAIRE-30-SA,Economics,"(-0.001, 0.1]",1,0.05,0.0,-0.075,0.00485625,-0.07985625
KXTRILLIONAIRE-30-LP,Economics,"(-0.001, 0.1]",1,0.04,0.0,-0.065,0.00425425,-0.06925425
KXTRILLIONAIRE-30-LE,Economics,"(-0.001, 0.1]",1,0.04,0.0,-0.07,0.004557,-0.07455700000000001
KXTRILLIONAIRE-30-JH,Economics,"(-0.001, 0.1]",1,0.0454,0.0,-0.0704,0.004581068800000001,-0.07498106880000001
KXTRILLIONAIRE-30-JB,Economics,"(-0.001, 0.1]",1,0.1,0.0,-0.135,0.008174250000000001,-0.14317425
KXTRILLIONAIRE-30-SRB,Economics,"(-0.001, 0.1]",1,0.03,0.0,-0.05499999999999999,0.00363825,-0.058638249999999996
KXTRILLIONAIRE-30-WB,Economics,"(-0.001, 0.1]",1,0.03,0.0,-0.05499999999999999,0.00363825,-0.058638249999999996
KXWCMENTION-26JUN12USAPAR-WHAT,Mentions,"(0.5, 0.6]",-1,0.57,0.0,0.11999999999999988,0.007391999999999995,0.11260799999999989
KXPSAKIMENTION-26JUN12-AFFO,Mentions,"(0.8, 0.9]",-1,0.84,0.0,0.355,0.01602825,0.33897174999999996
KXPSAKIMENTION-26JUN12-HOUS,Mentions,"(0.3, 0.4]",-1,0.3074,0.0,-0.17759999999999998,0.0006930000000000006,-0.17829299999999998
KXMAMDANIMENTION-26JUN13-MUSL,Mentions,"(-0.001, 0.1]",1,0.02,0.0,-0.505,0.017498250000000003,-0.52249825
KXMRBEASTMENTION-26MAY09C-MILL,Mentions,"(0.5, 0.6]",-1,0.51,1.0,-0.72,0.014112000000000001,-0.734112
KXMRBEASTMENTION-26MAY09C-FEAS,Mentions,"(0.5, 0.6]",-1,0.51,1.0,-0.72,0.014112000000000001,-0.734112
KXMRBEASTMENTION-26MAY09C-CONT,Mentions,"(0.5, 0.6]",-1,0.51,1.0,-0.72,0.014112000000000001,-0.734112
KXMRBEASTMENTION-26MAY09C-CHAN,Mentions,"(0.5, 0.6]",-1,0.51,0.0,0.28,0.014112000000000001,0.265888
KXMRBEASTMENTION-26MAY09C-SURV,Mentions,"(0.5, 0.6]",-1,0.51,0.0,0.28,0.014112000000000001,0.265888
KXMRBEASTMENTION-26MAY09C-AI,Mentions,"(0.5, 0.6]",-1,0.51,0.0,0.28,0.014112000000000001,0.265888
KXLATENIGHTMENTION-26JUN13-CARP,Mentions,"(0.5, 0.6]",-1,0.5444,1.0,-0.9056,0.005984204800000003,-0.9115842047999999
KXLATENIGHTMENTION-26JUN13-ITAL,Mentions,"(0.3, 0.4]",-1,0.3998,1.0,-1.0502,0.0006930000000000006,-1.050893
KXLATENIGHTMENTION-26JUN13-MESS,Mentions,"(0.6, 0.7]",-1,0.6206,0.0,0.17060000000000008,0.009904694800000004,0.16069530520000008
KXLATENIGHTMENTION-26JUN13-NQE,Mentions,"(-0.001, 0.1]",1,0.01,0.0,-0.46,0.017388000000000004,-0.47738800000000003
KXFOXNEWSMENTION-26JUN13-TRUM,Mentions,"(0.8, 0.9]",-1,0.8415,1.0,-0.5985,0.016820842500000002,-0.6153208425000001
KXFOXNEWSMENTION-26JUN13-DEI,Mentions,"(0.8, 0.9]",-1,0.84,1.0,-0.6000000000000001,0.0168,-0.6168000000000001
KXFOXNEWSMENTION-26JUN13-250,Mentions,"(0.8, 0.9]",-1,0.848,0.0,0.4079999999999999,0.016907520000000002,0.3910924799999999
KXCARNEYMENTION-26JUN13-AI,Mentions,"(0.8, 0.9]",-1,0.8291,1.0,-0.6559,0.0157986633,-0.6716986633
KXTRUMPKENNEDYNAME-26-26AUG01,Politics,"(0.8, 0.9]",-1,0.82,1.0,-0.19,0.010773000000000001,-0.200773
KXMLBMENTION-26JUN12ATLNYM-WILD,Mentions,"(0.3, 0.4]",-1,0.39,0.0,-0.08499999999999996,0.0006930000000000006,-0.08569299999999996
KXPERSONMENTION-26JUN12-HIST,Mentions,"(0.8, 0.9]",-1,0.85,1.0,-0.565,0.017204250000000004,-0.58220425
KXPERSONMENTION-26JUN12-TRUM,Mentions,"(0.7, 0.8]",-1,0.75,0.0,0.53,0.017437,0.512563
KXWCSQUAD-26BRA-JVIC,Sports,"(0.2, 0.3]",-1,0.2538,0.0,-0.23619999999999997,0.0006930000000000006,-0.23689299999999996
KXXRPD-26JUN1317-T1.1399,Crypto,"(0.2, 0.3]",-1,0.28,1.0,-1.22,0.0006930000000000006,-1.220693
KXMLBSPREAD-26JUN131410STLMIN-MIN3,Sports,"(0.2, 0.3]",-1,0.24,0.0,-0.20999999999999996,0.0006930000000000006,-0.21069299999999996
KXWCGOAL-26JUN13QATSUI-SUIGXHAKA34-1,Sports,"(0.1, 0.2]",1,0.19,0.0,-0.665,0.01559425,-0.6805942500000001
KXWCMENTION-26JUN13QATSUI-HAND,Mentions,"(0.2, 0.3]",-1,0.23,0.0,-0.26,0.0006930000000000006,-0.260693
KXWCMENTION-26JUN13QATSUI-LEVI,Mentions,"(0.8, 0.9]",-1,0.83,0.0,0.33999999999999997,0.015708,0.32429199999999997
KXWCMENTION-26JUN13QATSUI-NQE,Mentions,"(-0.001, 0.1]",1,0.01,0.0,-0.5,0.0175,-0.5175
KXMLBHR-26JUN131507NYYTOR-NYYBRICE22-1,Sports,"(0.2, 0.3]",-1,0.2318,0.0,0.11680000000000001,0.007221043200000002,0.10957895680000002
KXMLBKS-26JUN131507NYYTOR-NYYCSCHLITTLER31-4,Sports,"(0.8, 0.9]",-1,0.81,1.0,-0.3999999999999999,0.016800000000000002,-0.4167999999999999
KXMLBHR-26JUN131610AZCIN-AZCCARROLL7-1,Sports,"(0.2, 0.3]",-1,0.22,1.0,-1.2650000000000001,0.0006930000000000006,-1.2656930000000002
KXMLBHR-26JUN131610AZCIN-CINMMCLAIN9-1,Sports,"(0.1, 0.2]",1,0.13,0.0,-0.2,0.011200000000000002,-0.2112
KXMLBHR-26JUN131610AZCIN-CINNMARTE4-1,Sports,"(0.1, 0.2]",1,0.13,1.0,0.8049999999999999,0.010988250000000001,0.7940117499999999
KXMLBHR-26JUN131610DETCLE-DETKMCGONIGLE85-1,Sports,"(0.1, 0.2]",1,0.12,0.0,-0.15,0.008925,-0.15892499999999998
KXBTCD-26JUN1319-T64599.99,Crypto,"(0.2, 0.3]",-1,0.2167,0.0,0.2117,0.011681817700000001,0.20001818229999999
KXMLBHR-26JUN131610LADCWS-LADMMUNCY13-1,Sports,"(0.1, 0.2]",1,0.2,1.0,0.7,0.014700000000000003,0.6852999999999999
KXMLBHRR-26JUN131605SDBAL-BALGHENDERSON2-1,Sports,"(0.2, 0.3]",-1,0.25,1.0,-1.1400000000000001,0.0006930000000000006,-1.1406930000000002
KXMLBHRR-26JUN131605SEAWSH-WSHCABRAMS5-2,Sports,"(0.5, 0.6]",-1,0.57,1.0,-0.915,0.005444249999999999,-0.9204442500000001
KXMLBHRR-26JUN131605SEAWSH-SEADCANZONE8-2,Sports,"(0.5, 0.6]",-1,0.54,0.0,0.06500000000000006,0.0042542500000000046,0.06074575000000006
KXCODGAME-26JUN131800FAZMH-FAZ,Sports,"(0.7, 0.8]",-1,0.76,0.0,0.29000000000000004,0.014413000000000002,0.275587
KXMLBHIT-26JUN131610LADCWS-LADMMUNCY13-2,Sports,"(0.1, 0.2]",1,0.2,1.0,0.6799999999999999,0.015232,0.6647679999999999
KXNASCARRACE-MILB2PB26-WIBY,Sports,"(0.2, 0.3]",-1,0.2938,0.0,0.11380000000000012,0.0070594692000000075,0.10674053080000012
KXWCGOAL-26JUN13BRAMAR-BRABGUIMA39-1,Sports,"(0.1, 0.2]",1,0.11,0.0,-0.245,0.012948250000000001,-0.25794825
KXBTC-26JUN1320-B64650,Crypto,"(0.2, 0.3]",-1,0.24,0.0,0.11499999999999999,0.00712425,0.10787574999999999
KXWCMENTION-26JUN13BRAMAR-HIST,Mentions,"(0.3, 0.4]",-1,0.4,1.0,-1.085,0.0006930000000000006,-1.085693
KXWCMENTION-26JUN13BRAMAR-HEAD,Mentions,"(0.8, 0.9]",-1,0.85,1.0,-0.635,0.016224250000000003,-0.6512242500000001
KXNBA3PT-26JUN13NYKSAS-SASJCHAMPAGNIE30-1,Sports,"(0.9, 1.0]",-1,0.93,1.0,-0.5549999999999999,0.017288250000000005,-0.5722882499999999
KXWCMENTION-26JUN13BRAMAR-METL,Mentions,"(0.6, 0.7]",-1,0.7,0.0,0.21499999999999997,0.01181425,0.20318574999999997
KXMLBHR-26JUN131910PHIMIL-PHIBMARSH16-1,Sports,"(0.1, 0.2]",1,0.11,0.0,-0.155,0.00916825,-0.16416825
KXMLBHR-26JUN131910PHIMIL-MILJCHOURIO11-1,Sports,"(0.1, 0.2]",1,0.1897,1.0,0.7202999999999999,0.014102753700000002,0.7061972462999999
KXWCSOA-26JUN13HTISCO-HTIWISIDO18,Sports,"(0.2, 0.3]",-1,0.28,0.0,0.14,0.008428000000000001,0.13157200000000002
KXMLBMENTION-26JUN13PHIMIL-GRAN,Mentions,"(0.5, 0.6]",-1,0.5291,1.0,-0.9559,0.002950863300000002,-0.9588508633
KXWCMENTION-26JUN13HTISCO-HIST,Mentions,"(0.2, 0.3]",-1,0.2593,0.0,-0.2257,0.0006930000000000006,-0.226393
KXWCMENTION-26JUN13HTISCO-QATA,Mentions,"(0.3, 0.4]",-1,0.31,0.0,-0.17499999999999982,0.0006930000000000006,-0.17569299999999982
KXWCMENTION-26JUN13HTISCO-SHUT,Mentions,"(0.2, 0.3]",-1,0.24,0.0,-0.2450000000000001,0.0006930000000000006,-0.2456930000000001
KXWCMENTION-26JUN13HTISCO-GILT,Mentions,"(0.4, 0.5]",-1,0.49,0.0,0.0050000000000000044,0.0006930000000000006,0.0043070000000000035
KXWCMENTION-26JUN13HTISCO-ADID,Mentions,"(0.2, 0.3]",-1,0.22,0.0,-0.2650000000000001,0.0006930000000000006,-0.2656930000000001
KXNBASPREAD-26JUN13NYKSAS-SAS25,Sports,"(0.1, 0.2]",1,0.11,0.0,-0.6,0.016800000000000002,-0.6168
KXNBASPREAD-26JUN13NYKSAS-NYK16,Sports,"(0.1, 0.2]",1,0.11,0.0,-0.515,0.017484250000000003,-0.53248425
KXNBA3PT-26JUN13NYKSAS-SASSCASTLE5-1,Sports,"(0.7, 0.8]",-1,0.76,0.0,0.275,0.013956250000000002,0.26104375
KXAAAGASD-26JUN14-4.060,Economics,"(0.9, 1.0]",-1,0.9766,1.0,-0.5184,0.0174763008,-0.5358763007999999
KXAAAGASD-26JUN14-4.080,Economics,"(0.4, 0.5]",-1,0.41,0.0,0.10999999999999988,0.006852999999999994,0.10314699999999988
KXAAAGASD-26JUN14-4.100,Economics,"(-0.001, 0.1]",1,0.0396,0.0,-0.5346,0.017416198800000005,-0.5520161988
KXAAAGASD-26JUN14-4.020,Economics,"(0.9, 1.0]",-1,0.99,1.0,-0.505,0.017498250000000003,-0.52249825
KXAAAGASD-26JUN14-4.025,Economics,"(0.9, 1.0]",-1,0.99,1.0,-0.505,0.017498250000000003,-0.52249825
KXAAAGASD-26JUN14-4.030,Economics,"(0.9, 1.0]",-1,0.97,1.0,-0.525,0.017456250000000003,-0.54245625
KXAAAGASD-26JUN14-4.035,Economics,"(0.9, 1.0]",-1,0.97,1.0,-0.525,0.017456250000000003,-0.54245625
KXAAAGASD-26JUN14-4.045,Economics,"(0.9, 1.0]",-1,0.97,1.0,-0.525,0.017456250000000003,-0.54245625
KXAAAGASD-26JUN14-4.095,Economics,"(-0.001, 0.1]",1,0.02,0.0,-0.515,0.017484250000000003,-0.53248425
KXAAAGASD-26JUN14-4.050,Economics,"(0.9, 1.0]",-1,0.96,1.0,-0.535,0.01741425,-0.55241425
KXAAAGASD-26JUN14-4.075,Economics,"(0.4, 0.5]",-1,0.5,0.0,0.25,0.013125000000000001,0.236875
KXAAAGASD-26JUN14-4.055,Economics,"(0.9, 1.0]",-1,0.98,1.0,-0.515,0.017484250000000003,-0.53248425
KXAAAGASD-26JUN14-4.070,Economics,"(0.8, 0.9]",-1,0.81,1.0,-0.6849999999999999,0.015104250000000003,-0.70010425
KXAAAGASD-26JUN14-4.090,Economics,"(-0.001, 0.1]",1,0.09,0.0,-0.585,0.016994250000000002,-0.60199425
KXAAAGASD-26JUN14-4.065,Economics,"(0.9, 1.0]",-1,0.9034,1.0,-0.5916,0.0169126608,-0.6085126608
KXNBA2D-26JUN13NYKSAS-SASDFOX4,Sports,"(0.1, 0.2]",1,0.16,0.0,-0.65,0.015925,-0.665925
KXNBABLK-26JUN13NYKSAS-NYKOANUNOBY8-2,Sports,"(0.2, 0.3]",-1,0.23,0.0,-0.2549999999999999,0.0006930000000000006,-0.2556929999999999
KXNBAMENTION-26JUN13NYKSAS-AIRB,Mentions,"(0.3, 0.4]",-1,0.38,0.0,-0.08499999999999996,0.0006930000000000006,-0.08569299999999996
KXNBAMENTION-26JUN13NYKSAS-ELBO,Mentions,"(0.6, 0.7]",-1,0.68,1.0,-0.7449999999999999,0.013298250000000005,-0.7582982499999998
KXNBAMENTION-26JUN13NYKSAS-TRAV,Mentions,"(0.8, 0.9]",-1,0.87,1.0,-0.315,0.015104250000000003,-0.33010425
KXNBAMENTION-26JUN13NYKSAS-SWEE,Mentions,"(0.5, 0.6]",-1,0.5935,0.0,0.1685000000000001,0.009807542500000006,0.15869245750000008
KXNBAMENTION-26JUN13NYKSAS-FROS,Mentions,"(0.7, 0.8]",-1,0.7521,1.0,-0.4329,0.0171848313,-0.4500848313
KXNBAMENTION-26JUN13NYKSAS-ALIE,Mentions,"(0.5, 0.6]",-1,0.5444,0.0,0.08940000000000003,0.005698534800000003,0.08370146520000003
KXNBASERIESPTSSPREAD-26NYKSASFIN-NYK29,Sports,"(0.1, 0.2]",1,0.14,0.0,-0.34,0.015708000000000003,-0.355708
KXWCAST-26JUN14AUSTUR-TURBYILMA53-1,Sports,"(0.2, 0.3]",-1,0.21,0.0,-0.28,0.0006930000000000006,-0.280693
KXMLBHRR-26JUN132205CHCSF-SFEHAASE18-1,Sports,"(0.5, 0.6]",-1,0.54,0.0,0.04500000000000004,0.003008250000000003,0.041991750000000036
KXWCMENTION-26JUN14AUSTUR-CAPT,Mentions,"(0.3, 0.4]",-1,0.32,1.0,-1.16,0.0006930000000000006,-1.160693
KXWCMENTION-26JUN14AUSTUR-HAND,Mentions,"(0.2, 0.3]",-1,0.298,1.0,-1.182,0.0006930000000000006,-1.182693
KXWCMENTION-26JUN14AUSTUR-POWE,Mentions,"(0.8, 0.9]",-1,0.8556,0.0,0.37560000000000004,0.016416724800000004,0.35918327520000004
KXWCMENTION-26JUN14AUSTUR-RONA,Mentions,"(0.2, 0.3]",-1,0.29,0.0,-0.18999999999999995,0.0006930000000000006,-0.19069299999999995
KXITFMATCH-26JUN14HONKIM-KIM,Sports,"(0.9, 1.0]",-1,0.94,1.0,-0.36000000000000004,0.016128,-0.376128
KXTRUMPACT-26JUN07-T1,Politics,"(0.9, 1.0]",-1,0.93,1.0,-0.10499999999999993,0.006578249999999996,-0.11157824999999992
KXFISAEXTEND-26MAY-JUN14,Politics,"(0.8, 0.9]",-1,0.8819,0.0,0.8419000000000001,0.0093173073,0.8325826927000001
KXTRUMPACT-26JUN07-T2,Politics,"(0.8, 0.9]",-1,0.84,1.0,-0.2,0.011200000000000002,-0.2112
KXMTPMENTION-26JUN14-HEAL,Mentions,"(0.7, 0.8]",-1,0.71,1.0,-0.775,0.01220625,-0.78720625
KXMTPMENTION-26JUN14-REPU,Mentions,"(0.8, 0.9]",-1,0.8419,1.0,-0.6431,0.0160665673,-0.6591665673
KXMTPMENTION-26JUN14-IRAN,Mentions,"(0.8, 0.9]",-1,0.82,1.0,-0.665,0.01559425,-0.6805942500000001
KXMTPMENTION-26JUN14-UNCO,Mentions,"(0.7, 0.8]",-1,0.71,1.0,-0.775,0.01220625,-0.78720625
KXFOXNEWSMENTION-26JUN14-ICE,Mentions,"(0.8, 0.9]",-1,0.838,1.0,-0.647,0.01598737,-0.66298737
KXFOXNEWSMENTION-26JUN14-TRUM,Mentions,"(0.8, 0.9]",-1,0.842,0.0,0.357,0.01606857,0.34093143
KXFOXNEWSMENTION-26JUN14-DEPO,Mentions,"(0.5, 0.6]",-1,0.58,0.0,0.09499999999999997,0.006018249999999998,0.08898174999999997
KXVANCEMENTION-26JUN14-MARC,Mentions,"(0.4, 0.5]",-1,0.45,0.0,0.4099999999999999,0.016933,0.39306699999999994
KXVANCEMENTION-26JUN14-DEMO,Mentions,"(0.4, 0.5]",-1,0.4062,0.0,0.35119999999999996,0.0159500992,0.33524990079999994
KXVANCEMENTION-26JUN14-OIL,Mentions,"(0.9, 1.0]",-1,0.9008,0.0,0.8808,0.007349395199999999,0.8734506048
KXVANCEMENTION-26JUN14-NQE,Mentions,"(-0.001, 0.1]",1,0.01,0.0,-0.03,0.002037,-0.032036999999999996
KXVANCEMENTION-26JUN14-2028,Mentions,"(0.4, 0.5]",-1,0.46,0.0,0.2749999999999999,0.013956249999999998,0.2610437499999999
KXVANCEMENTION-26JUN14-AI,Mentions,"(0.4, 0.5]",-1,0.4679,0.0,0.29289999999999994,0.014497671299999999,0.2784023286999999
KXVANCEMENTION-26JUN14-CORR,Mentions,"(0.4, 0.5]",-1,0.415,0.0,0.22999999999999998,0.012397,0.217603
KXHEGSETHMENTION-26JUN14-VENE,Mentions,"(0.5, 0.6]",-1,0.52,1.0,-0.9299999999999999,0.004557000000000005,-0.934557
KXHEGSETHMENTION-26JUN14-BIDE,Mentions,"(0.3, 0.4]",-1,0.3555,1.0,-1.1245,0.0006930000000000006,-1.125193
KXHEGSETHMENTION-26JUN14-ISRA,Mentions,"(0.2, 0.3]",-1,0.29,1.0,-1.16,0.0006930000000000006,-1.160693
KXHEGSETHMENTION-26JUN14-CUBA,Mentions,"(0.8, 0.9]",-1,0.8216,0.0,0.37159999999999993,0.0163459408,0.3552540591999999
KXHEGSETHMENTION-26JUN14-AI,Mentions,"(0.2, 0.3]",-1,0.28,0.0,-0.20500000000000007,0.0006930000000000006,-0.20569300000000007
KXHEGSETHMENTION-26JUN14-FAKE,Mentions,"(0.4, 0.5]",-1,0.49,0.0,0.040000000000000036,0.002688000000000003,0.03731200000000003
KXATHLETEMENTION-26JUN13-CROW,Mentions,"(0.3, 0.4]",-1,0.35,1.0,-1.135,0.0006930000000000006,-1.135693
KXATHLETEMENTION-26JUN13-FLAG,Mentions,"(0.2, 0.3]",-1,0.22,0.0,-0.2650000000000001,0.0006930000000000006,-0.2656930000000001
KXATHLETEMENTION-26JUN13-FREE,Mentions,"(0.5, 0.6]",-1,0.59,0.0,0.10499999999999998,0.00657825,0.09842174999999999
KXWCMENTION-26JUN13HTISCO-VERI,Mentions,"(0.3, 0.4]",-1,0.34,0.0,-0.06999999999999984,0.0006930000000000006,-0.07069299999999984
KXWCMENTION-26JUN13HTISCO-CHAM,Mentions,"(0.2, 0.3]",-1,0.2013,0.0,-0.20869999999999989,0.0006930000000000006,-0.20939299999999988
KXWCMENTION-26JUN13HTISCO-MESS,Mentions,"(-0.001, 0.1]",1,0.1,0.0,-0.51,0.017493,-0.527493
KXLOVEISLMENTION-26JUN06-RED,Mentions,"(0.8, 0.9]",-1,0.84,1.0,-0.5800000000000001,0.017052,-0.597052
KXLOVEISLMENTION-26JUN06-PEAC,Mentions,"(0.3, 0.4]",-1,0.352,1.0,-1.068,0.0006930000000000006,-1.0686930000000001
KXLOVEISLMENTION-26JUN06-CASA,Mentions,"(0.2, 0.3]",-1,0.27,0.0,-0.1499999999999999,0.0006930000000000006,-0.1506929999999999
KXLOVEISLMENTION-26JUN06-JEAL,Mentions,"(0.7, 0.8]",-1,0.72,0.0,0.30000000000000004,0.014700000000000003,0.28530000000000005
KXLOVEISLMENTION-26JUN06-VOTE,Mentions,"(0.3, 0.4]",-1,0.33,0.0,-0.08999999999999986,0.0006930000000000006,-0.09069299999999986
KXLOVEISLMENTION-26JUN06-TRIA,Mentions,"(0.8, 0.9]",-1,0.85,0.0,0.5549999999999999,0.01728825,0.5377117499999999
KXNBAMENTION-26JUN13NYKSAS-MVP,Mentions,"(0.8, 0.9]",-1,0.9,0.0,0.7150000000000001,0.014264250000000001,0.7007357500000001
KXNBAMENTION-26JUN13NYKSAS-TECH,Mentions,"(0.7, 0.8]",-1,0.74,0.0,0.31499999999999995,0.01510425,0.29989574999999996
KXNBAMENTION-26JUN13NYKSAS-INJU,Mentions,"(0.8, 0.9]",-1,0.89,0.0,0.805,0.010988249999999998,0.79401175
KXNBAMENTION-26JUN13NYKSAS-CHAL,Mentions,"(0.4, 0.5]",-1,0.44,0.0,-0.015000000000000124,0.0006930000000000006,-0.015693000000000124
KXETHD-26JUN1415-T1669.99,Crypto,"(0.2, 0.3]",-1,0.29,0.0,0.14500000000000002,0.008678250000000002,0.13632175000000002
KXCS2GAME-26JUN141330EFABW-EFA,Sports,"(0.9, 1.0]",-1,0.95,0.0,0.48,0.017472,0.462528
KXMLBF5-26JUN141335SDBAL-TIE,Sports,"(0.1, 0.2]",1,0.15,0.0,-0.62,0.016492,-0.636492
KXWCTEAMTOTAL-26JUN14GERCUW-GER6,Sports,"(0.2, 0.3]",-1,0.23,1.0,-1.255,0.0006930000000000006,-1.255693
KXF1RACE-BARGP26-RUS,Sports,"(0.2, 0.3]",-1,0.3,0.0,0.15500000000000003,0.009168250000000001,0.14583175000000004
KXF1RACEPODIUM-BARGP26-ANT,Sports,"(0.9, 1.0]",-1,0.94,0.0,0.75,0.013125000000000001,0.736875
KXWCMENTION-26JUN14GERCUW-COME,Mentions,"(0.3, 0.4]",-1,0.3894,1.0,-1.0606,0.0006930000000000006,-1.061293
KXWCMENTION-26JUN14GERCUW-ADID,Mentions,"(0.7, 0.8]",-1,0.77,0.0,0.32000000000000006,0.015232000000000004,0.30476800000000004
KXWCMENTION-26JUN14GERCUW-HEAD,Mentions,"(0.6, 0.7]",-1,0.6281,1.0,-0.8219000000000001,0.010246627299999997,-0.8321466273000001
KXWCMENTION-26JUN14GERCUW-POWE,Mentions,"(0.9, 1.0]",-1,0.91,0.0,0.45999999999999996,0.017388,0.44261199999999995
KXMLBMENTION-26JUN14MIAPIT-OHTA,Mentions,"(0.3, 0.4]",-1,0.33,1.0,-1.1549999999999998,0.0006930000000000006,-1.1556929999999999
KXMLBMENTION-26JUN14MIAPIT-WHAT,Mentions,"(-0.001, 0.1]",1,0.1,1.0,0.41500000000000004,0.016994250000000002,0.39800575000000005
KXMLBHIT-26JUN141335SEAWSH-SEACYOUNG2-1,Sports,"(0.7, 0.8]",-1,0.73,1.0,-0.65,0.015925,-0.665925
KXMLBTB-26JUN141335SEAWSH-SEADCANZONE8-5,Sports,"(0.1, 0.2]",1,0.1418,0.0,-0.2268,0.0122753232,-0.2390753232
KXMLBHRR-26JUN141335SEAWSH-WSHJWOOD29-2,Sports,"(0.5, 0.6]",-1,0.52,1.0,-0.7649999999999999,0.012584250000000005,-0.7775842499999999
KXMLBTOTAL-26JUN141410HOUKC-9,Sports,"(0.5, 0.6]",-1,0.53,0.0,0.485,0.017484250000000003,0.46751575
KXMLBHR-26JUN141340ATLNYM-ATLARILEY27-1,Sports,"(0.1, 0.2]",1,0.1698,0.0,-0.24980000000000002,0.0131179972,-0.26291799720000003
KXMLBTOTAL-26JUN141410LADCWS-10,Sports,"(0.5, 0.6]",-1,0.5179,1.0,-0.5271,0.017448591300000003,-0.5445485913
KXMLBMENTION-26JUN14MIAPIT-PITC,Mentions,"(0.4, 0.5]",-1,0.45,0.0,-0.03500000000000014,0.0006930000000000006,-0.03569300000000014
KXPERSONMENTION-26JUN14B-AUTO,Mentions,"(0.4, 0.5]",-1,0.49,0.0,0.08000000000000007,0.005152000000000005,0.07484800000000007
KXPERSONMENTION-26JUN14B-AGEN,Mentions,"(0.5, 0.6]",-1,0.6,0.0,0.19999999999999996,0.0112,0.18879999999999997
KXPERSONMENTION-26JUN14B-GEMI,Mentions,"(0.3, 0.4]",-1,0.39,0.0,-0.014999999999999902,0.0006930000000000006,-0.0156929999999999
KXMLBTOTAL-26JUN141410STLMIN-5,Sports,"(0.8, 0.9]",-1,0.89,1.0,-0.15500000000000003,0.009168250000000003,-0.16416825000000002
KXMLBTB-26JUN141410LADCWS-LADSOHTANI17-2,Sports,"(0.5, 0.6]",-1,0.52,0.0,0.06499999999999995,0.004254249999999997,0.06074574999999995
KXWNBAPTS-26JUN14WSHNY-WSHLBETTS51-15,Sports,"(0.1, 0.2]",1,0.14,0.0,-0.405,0.01686825,-0.42186825000000006
KXWNBA3PT-26JUN14WSHNY-NYSSABALLY0-3,Sports,"(0.1, 0.2]",1,0.18,0.0,-0.665,0.01559425,-0.6805942500000001
KXMLBMENTION-26JUN14CHCSF-OHTA,Mentions,"(0.3, 0.4]",-1,0.33,1.0,-1.1549999999999998,0.0006930000000000006,-1.1556929999999999
KXMLBMENTION-26JUN14CHCSF-PITC,Mentions,"(0.4, 0.5]",-1,0.45,0.0,-0.03500000000000014,0.0006930000000000006,-0.03569300000000014
KXMLBMENTION-26JUN14CHCSF-WILD,Mentions,"(0.3, 0.4]",-1,0.31,1.0,-1.0299999999999998,0.0006930000000000006,-1.0306929999999999
KXMLBMENTION-26JUN14CHCSF-WHAT,Mentions,"(-0.001, 0.1]",1,0.1,0.0,-0.585,0.016994250000000002,-0.60199425
KXMLBMENTION-26JUN14CHCSF-WALK,Mentions,"(0.5, 0.6]",-1,0.55,1.0,-0.9349999999999999,0.0042542500000000046,-0.93925425
KXWCMENTION-26JUN14NEDJPN-RECO,Mentions,"(0.2, 0.3]",-1,0.23,1.0,-1.255,0.0006930000000000006,-1.255693
KXWCMENTION-26JUN14NEDJPN-COME,Mentions,"(0.3, 0.4]",-1,0.31,1.0,-1.1749999999999998,0.0006930000000000006,-1.1756929999999999
KXWCMENTION-26JUN14NEDJPN-CAPT,Mentions,"(0.8, 0.9]",-1,0.82,1.0,-0.665,0.01559425,-0.6805942500000001
KXWCMENTION-26JUN14NEDJPN-HATT,Mentions,"(-0.001, 0.1]",1,0.09,1.0,0.42500000000000004,0.017106250000000003,0.40789375000000005
KXWCMENTION-26JUN14NEDJPN-QATA,Mentions,"(0.2, 0.3]",-1,0.27,1.0,-1.2149999999999999,0.0006930000000000006,-1.215693
KXWCMENTION-26JUN14NEDJPN-CROS,Mentions,"(0.5, 0.6]",-1,0.58,0.0,0.09499999999999997,0.006018249999999998,0.08898174999999997
KXMLBSPREAD-26JUN141505COLATH-COL5,Sports,"(0.1, 0.2]",1,0.1041,1.0,0.7809,0.0119766633,0.7689233367
KXPGATOP10-RBBCAN26-DTHO,Sports,"(0.1, 0.2]",1,0.17,0.0,-0.36,0.016128,-0.37612799999999996
KXMLBHIT-26JUN141505COLATH-ATHZGELOF20-1,Sports,"(0.7, 0.8]",-1,0.7479,1.0,-0.6321,0.0162784713,-0.6483784713
KXCHLLDPGAME-26JUN14UCUCO-TIE,Sports,"(0.2, 0.3]",-1,0.23,0.0,0.17999999999999994,0.010331999999999997,0.16966799999999993
KXBTC-26JUN1421-B65650,Crypto,"(0.2, 0.3]",-1,0.21,0.0,0.05499999999999994,0.0036382499999999965,0.05136174999999994
KXWCMENTION-26JUN14CIVECU-HIST,Mentions,"(0.2, 0.3]",-1,0.2435,0.0,-0.24149999999999983,0.0006930000000000006,-0.24219299999999983
KXFIGHTMENTION-26JUN14LOPGAR-TRAI,Mentions,"(0.8, 0.9]",-1,0.82,1.0,-0.6300000000000001,0.016317,-0.6463170000000001
KXFIGHTMENTION-26JUN14LOPGAR-NQE,Mentions,"(-0.001, 0.1]",1,0.0115,0.0,-0.4615,0.017396242500000002,-0.4788962425
KXFIGHTMENTION-26JUN14NICDAU-NQE,Mentions,"(-0.001, 0.1]",1,0.0115,0.0,-0.4615,0.017396242500000002,-0.4788962425
KXMLBHR-26JUN141920TEXBOS-TEXWLANGFORD36-1,Sports,"(0.1, 0.2]",1,0.18,1.0,0.73,0.013797000000000002,0.716203
KXPERSONMENTION-26JUN14-TRUM,Mentions,"(0.4, 0.5]",-1,0.48,1.0,-0.66,0.015708,-0.675708
KXPERSONMENTION-26JUN14-NQE,Mentions,"(-0.001, 0.1]",1,0.0103,0.0,-0.0553,0.0036569337,-0.058956933700000005
KXPERSONMENTION-26JUN14-HOLL,Mentions,"(0.5, 0.6]",-1,0.5067,0.0,0.37170000000000003,0.0163477377,0.35535226230000005
KXPERSONMENTION-26JUN14-HBO,Mentions,"(0.2, 0.3]",-1,0.22,0.0,0.08499999999999996,0.005444249999999999,0.07955574999999997
KXFIGHTMENTION-26JUN14LOPGAR-LEGA,Mentions,"(0.2, 0.3]",-1,0.24,0.0,-0.20999999999999996,0.0006930000000000006,-0.21069299999999996
KXFIGHTMENTION-26JUN14HOKLEW-SLIP,Mentions,"(0.4, 0.5]",-1,0.45,0.0,0.004999999999999893,0.0006930000000000006,0.0043069999999998925
KXFIGHTMENTION-26JUN14HOKLEW-TRUM,Mentions,"(0.8, 0.9]",-1,0.81,1.0,-0.5999999999999999,0.016800000000000002,-0.6167999999999999
KXWCSOA-26JUN14SWETUN-SWEGGUDMU3,Sports,"(0.1, 0.2]",1,0.17,0.0,-0.25,0.013125000000000001,-0.263125
KXNHLGOAL-26JUN14CARVGK-VGKMMARNER93-1,Sports,"(0.2, 0.3]",-1,0.3,0.0,-0.17999999999999994,0.0006930000000000006,-0.18069299999999994
KXNHLGOAL-26JUN14CARVGK-CARSJARVIS24-1,Sports,"(0.2, 0.3]",-1,0.27,0.0,-0.20999999999999996,0.0006930000000000006,-0.21069299999999996
KXBNB15M-26JUN142345-45,Crypto,"(0.2, 0.3]",-1,0.2904,1.0,-0.7196,0.0141243088,-0.7337243088000001
KXFIGHTMENTION-26JUN14OMZAH-BLOO,Mentions,"(0.5, 0.6]",-1,0.5651,1.0,-0.8849,0.007129639299999999,-0.8920296393
KXNHLMENTION-26JUN14CARVGK-OVER,Mentions,"(0.9, 1.0]",-1,0.9098,1.0,-0.1601999999999999,0.009417517199999996,-0.1696175171999999
KXAAAGASW-26JUN15-4.000,Economics,"(0.8, 0.9]",-1,0.82,1.0,-0.4900000000000001,0.017493,-0.5074930000000001
KXAAAGASW-26JUN15-3.980,Economics,"(0.8, 0.9]",-1,0.82,1.0,-0.66,0.015708,-0.675708
KXAAAGASW-26JUN15-3.960,Economics,"(0.8, 0.9]",-1,0.82,1.0,-0.66,0.015708,-0.675708
KXAAAGASW-26JUN15-3.940,Economics,"(0.8, 0.9]",-1,0.82,1.0,-0.66,0.015708,-0.675708
KXAAAGASW-26JUN15-3.920,Economics,"(0.8, 0.9]",-1,0.82,1.0,-0.66,0.015708,-0.675708
KXAAAGASW-26JUN15-3.880,Economics,"(0.8, 0.9]",-1,0.82,1.0,-0.66,0.015708,-0.675708
KXAAAGASD-26JUN15-4.030,Economics,"(0.9, 1.0]",-1,0.99,1.0,-0.505,0.017498250000000003,-0.52249825
KXAAAGASW-26JUN15-3.860,Economics,"(0.8, 0.9]",-1,0.82,1.0,-0.655,0.015818250000000002,-0.6708182500000001
KXAAAGASD-26JUN15-4.090,Economics,"(-0.001, 0.1]",1,0.05,0.0,-0.545,0.01735825,-0.5623582500000001
KXAAAGASD-26JUN15-4.085,Economics,"(-0.001, 0.1]",1,0.0695,0.0,-0.5645,0.017208782500000002,-0.5817087825
KXAAAGASD-26JUN15-4.080,Economics,"(-0.001, 0.1]",1,0.0135,0.0,-0.5085,0.017494942500000003,-0.5259949425
KXAAAGASD-26JUN15-4.075,Economics,"(0.4, 0.5]",-1,0.44,0.0,-0.05500000000000016,0.0006930000000000006,-0.05569300000000016
KXAAAGASD-26JUN15-4.070,Economics,"(0.9, 1.0]",-1,0.96,0.0,0.46499999999999997,0.01741425,0.44758574999999995
KXAAAGASD-26JUN15-4.060,Economics,"(0.8, 0.9]",-1,0.85,1.0,-0.645,0.01602825,-0.66102825
KXAAAGASD-26JUN15-4.050,Economics,"(0.9, 1.0]",-1,0.9883,1.0,-0.5067,0.017496857700000003,-0.5241968577
KXAAAGASD-26JUN15-4.045,Economics,"(0.9, 1.0]",-1,0.9807,1.0,-0.5143,0.017485685700000003,-0.5317856857
KXAAAGASW-26JUN15-4.060,Economics,"(0.4, 0.5]",-1,0.45,1.0,-0.9500000000000001,0.0033249999999999964,-0.9533250000000001
KXAAAGASD-26JUN15-4.040,Economics,"(0.9, 1.0]",-1,0.989,1.0,-0.506,0.017497480000000003,-0.52349748
KXAAAGASD-26JUN15-4.035,Economics,"(0.9, 1.0]",-1,0.99,1.0,-0.505,0.017498250000000003,-0.52249825
KXTSAW-26JUN14-A2.65,Economics,"(0.4, 0.5]",-1,0.46,1.0,-0.605,0.016728250000000004,-0.62172825
KXTSAW-26JUN14-A2.60,Economics,"(0.8, 0.9]",-1,0.85,1.0,-0.19,0.010773000000000001,-0.200773
KXAAAGASW-26JUN15-4.200,Economics,"(0.8, 0.9]",-1,0.81,0.0,0.41500000000000004,0.016994250000000002,0.39800575000000005
KXAAAGASW-26JUN15-4.110,Economics,"(-0.001, 0.1]",1,0.1,0.0,-0.4,0.016800000000000002,-0.4168
KXAAAGASD-26JUN15-4.020,Economics,"(0.9, 1.0]",-1,0.98,1.0,-0.515,0.017484250000000003,-0.53248425
KXAAAGASD-26JUN15-4.025,Economics,"(0.9, 1.0]",-1,0.98,1.0,-0.515,0.017484250000000003,-0.53248425
KXAAAGASW-26JUN15-3.900,Economics,"(0.8, 0.9]",-1,0.82,1.0,-0.66,0.015708,-0.675708
KXAAAGASW-26JUN15-4.120,Economics,"(0.8, 0.9]",-1,0.82,0.0,0.41999999999999993,0.017052,0.4029479999999999
KXUFCMOV-26JUN14PERGAN-GANSUB,Sports,"(0.1, 0.2]",1,0.16,0.0,-0.245,0.012948250000000001,-0.25794825
KXFIGHTMENTION-26JUN14PERGAN-NQE,Mentions,"(-0.001, 0.1]",1,0.0258,0.0,-0.4758,0.017459005200000002,-0.4932590052
KXWCMENTION-26JUN14SWETUN-COME,Mentions,"(0.2, 0.3]",-1,0.23,1.0,-1.25,0.0006930000000000006,-1.250693
KXWCMENTION-26JUN14SWETUN-CAPT,Mentions,"(0.4, 0.5]",-1,0.4198,1.0,-1.0602,0.0006930000000000006,-1.060893
KXWCMENTION-26JUN14SWETUN-CHAM,Mentions,"(0.3, 0.4]",-1,0.3567,1.0,-1.1233,0.0006930000000000006,-1.123993
KXWCMENTION-26JUN14SWETUN-ASSI,Mentions,"(0.2, 0.3]",-1,0.2459,1.0,-1.2341,0.0006930000000000006,-1.234793
KXWCMENTION-26JUN14SWETUN-QATA,Mentions,"(0.8, 0.9]",-1,0.85,0.0,0.37,0.016317,0.35368299999999997
KXWCMENTION-26JUN14SWETUN-RONA,Mentions,"(0.8, 0.9]",-1,0.85,0.0,0.37,0.016317,0.35368299999999997
KXWCMENTION-26JUN14SWETUN-NQE,Mentions,"(-0.001, 0.1]",1,0.0134,0.0,-0.4934,0.0174969508,-0.5108969508
KXWCMENTION-26JUN14SWETUN-HEAD,Mentions,"(0.8, 0.9]",-1,0.85,1.0,-0.63,0.016317,-0.646317
KXBTCD-26JUN1502-T65699.99,Crypto,"(0.2, 0.3]",-1,0.2948,1.0,-0.7102,0.0144071172,-0.7246071172
KXBNB15M-26JUN150315-15,Crypto,"(0.2, 0.3]",-1,0.2099,0.0,0.18989999999999996,0.010768659299999999,0.17913134069999995
KXITFWMATCH-26JUN15BARMOZ-BAR,Sports,"(0.7, 0.8]",-1,0.76,1.0,-0.36,0.016128,-0.37612799999999996
KXATTENDUFC250-26JUN-RKEN,Politics,"(0.9, 1.0]",-1,0.988,1.0,-0.10199999999999998,0.00641172,-0.10841171999999998
KXATTENDUFC250-26JUN-BTRU,Politics,"(0.8, 0.9]",-1,0.89,1.0,-0.51,0.017493,-0.527493
KXATTENDUFC250-26JUN-JROG,Politics,"(0.9, 1.0]",-1,0.988,1.0,-0.10699999999999998,0.00668857,-0.11368856999999999
KXATTENDUFC250-26JUN-KFOR,Politics,"(0.9, 1.0]",-1,0.95,1.0,-0.14,0.008428000000000001,-0.148428
KXATTENDUFC250-26JUN-KPAT,Politics,"(0.9, 1.0]",-1,0.901,1.0,-0.2445,0.012930382500000002,-0.2574303825
KXLOVEISLMENTION-26JUN15-FIJI,Mentions,"(0.4, 0.5]",-1,0.49,0.0,0.040000000000000036,0.002688000000000003,0.03731200000000003
KXLOVEISLMENTION-26JUN15-EX,Mentions,"(0.6, 0.7]",-1,0.67,1.0,-0.78,0.012012,-0.792012
KXLOVEISLMENTION-26JUN15-HEAR,Mentions,"(0.6, 0.7]",-1,0.69,0.0,0.24,0.012768,0.227232
KXLOVEISLMENTION-26JUN15-DUMP,Mentions,"(0.7, 0.8]",-1,0.73,0.0,0.28,0.014112000000000001,0.265888
KXLOVEISLMENTION-26JUN15-BOMB,Mentions,"(0.8, 0.9]",-1,0.85,1.0,-0.6000000000000001,0.0168,-0.6168000000000001
KXLOVEISLMENTION-26JUN15-PULL,Mentions,"(0.4, 0.5]",-1,0.5,1.0,-0.95,0.0033250000000000033,-0.953325
KXLOVEISLMENTION-26JUN15-LOYA,Mentions,"(0.7, 0.8]",-1,0.72,0.0,0.27,0.013797000000000002,0.256203
KXLOVEISLMENTION-26JUN15-FIRE,Mentions,"(0.7, 0.8]",-1,0.75,0.0,0.30000000000000004,0.014700000000000003,0.28530000000000005
KXWCMENTION-26JUN14SWETUN-POWE,Mentions,"(0.3, 0.4]",-1,0.3722,0.0,-0.10780000000000012,0.0006930000000000006,-0.10849300000000012
KXWCMENTION-26JUN14SWETUN-MESS,Mentions,"(0.8, 0.9]",-1,0.82,0.0,0.33999999999999997,0.015708,0.32429199999999997
KXATPMATCH-26JUN15VANWEN-VAN,Sports,"(0.7, 0.8]",-1,0.73,1.0,-0.71,0.014413000000000002,-0.724413
KXATTENDUFC250-26JUN-CMCG,Politics,"(0.8, 0.9]",-1,0.86,0.0,0.45999999999999996,0.017388,0.44261199999999995
KXTRUMPSAY-26JUN15-KARO,Mentions,"(0.4, 0.5]",-1,0.407,0.0,0.027000000000000024,0.0018389700000000018,0.02516103000000002
KXTRUMPSAY-26JUN15-MARI,Mentions,"(0.2, 0.3]",-1,0.23,0.0,-0.14000000000000012,0.0006930000000000006,-0.14069300000000012
KXTRUMPSAY-26JUN15-CRYP,Mentions,"(0.3, 0.4]",-1,0.3208,0.0,0.2558,0.013325645200000001,0.2424743548
KXTRUMPSAY-26JUN15-MOG,Mentions,"(-0.001, 0.1]",1,0.07,0.0,-0.265,0.013634250000000002,-0.27863425
KXLOVEISLMENTION-26JUN15-IG,Mentions,"(0.5, 0.6]",-1,0.57,0.0,0.11999999999999988,0.007391999999999995,0.11260799999999989
KXFIGHTMENTION-26JUN14TOPGAE-CHAM,Mentions,"(0.7, 0.8]",-1,0.76,1.0,-0.69,0.014973000000000004,-0.704973
KXFIGHTMENTION-26JUN14TOPGAE-WHAT,Mentions,"(0.2, 0.3]",-1,0.26,1.0,-1.19,0.0006930000000000006,-1.190693
KXFIGHTMENTION-26JUN14HOKLEW-TRAI,Mentions,"(0.7, 0.8]",-1,0.75,0.0,0.30499999999999994,0.014838249999999999,0.29016174999999994
KXTRUMPMENTION-26JUN15-OIL,Mentions,"(0.2, 0.3]",-1,0.22,1.0,-1.2650000000000001,0.0006930000000000006,-1.2656930000000002
KXTRUMPMENTION-26JUN15-NQE,Mentions,"(-0.001, 0.1]",1,0.051,0.0,-0.536,0.017409280000000003,-0.55340928
KXTRUMPMENTION-26JUN15-WORL,Mentions,"(0.2, 0.3]",-1,0.234,1.0,-1.196,0.0006930000000000006,-1.196693
KXTRUMPMENTION-26JUN15-KNIC,Mentions,"(-0.001, 0.1]",1,0.0609,0.0,-0.5458999999999999,0.017352523300000002,-0.5632525233
KXTRUMPMENTION-26JUN15-IRAN,Mentions,"(0.9, 1.0]",-1,0.91,1.0,-0.575,0.017106250000000003,-0.59210625
KXTRUMPMENTION-26JUN15-RUSS,Mentions,"(0.8, 0.9]",-1,0.836,0.0,0.351,0.01594593,0.33505407
KXTRUMPMENTION-26JUN15-UKRA,Mentions,"(0.8, 0.9]",-1,0.84,0.0,0.4099999999999999,0.016933,0.39306699999999994
KXATPCHALLENGERMATCH-26JUN15BARBON-BAR,Sports,"(0.2, 0.3]",-1,0.25,0.0,-0.20999999999999996,0.0006930000000000006,-0.21069299999999996
KXINXU-26JUN15H1400-T7479.9999,Financials,"(0.9, 1.0]",-1,0.9894,1.0,-0.39560000000000006,0.016737044800000003,-0.41233704480000005
KXINXU-26JUN15H1400-T7494.9999,Financials,"(0.9, 1.0]",-1,0.9894,1.0,-0.43560000000000004,0.017209684800000003,-0.45280968480000006
KXINXU-26JUN15H1400-T6374.9999,Financials,"(0.9, 1.0]",-1,0.93,1.0,-0.32999999999999996,0.015477,-0.345477
KXPERSONMENTION-26JUN15-DAD,Mentions,"(0.8, 0.9]",-1,0.8493,1.0,-0.6007,0.0167901657,-0.6174901657
KXPERSONMENTION-26JUN15-SPUR,Mentions,"(0.8, 0.9]",-1,0.8466,1.0,-0.6033999999999999,0.0167515908,-0.6201515907999999
KXPERSONMENTION-26JUN15-TRUM,Mentions,"(0.3, 0.4]",-1,0.3493,0.0,-0.10070000000000001,0.0006930000000000006,-0.10139300000000001
KXPERSONMENTION-26JUN15-WEMB,Mentions,"(0.8, 0.9]",-1,0.82,0.0,0.3699999999999999,0.016317,0.35368299999999986
KXPERSONMENTION-26JUN15-LAW,Mentions,"(0.8, 0.9]",-1,0.82,0.0,0.3699999999999999,0.016317,0.35368299999999986
KXPERSONMENTION-26JUN15-NQE,Mentions,"(-0.001, 0.1]",1,0.01,0.0,-0.03,0.002037,-0.032036999999999996
KXWCMENTION-26JUN15ESPCPV-NUTM,Mentions,"(0.4, 0.5]",-1,0.4477,1.0,-1.0023,0.0006930000000000006,-1.002993
KXWCMENTION-26JUN15ESPCPV-MBST,Mentions,"(0.2, 0.3]",-1,0.298,0.0,-0.1519999999999999,0.0006930000000000006,-0.1526929999999999
KXNASDAQ100U-26JUN15H1600-T28799.99,Financials,"(0.9, 1.0]",-1,0.92,1.0,-0.08499999999999996,0.005444249999999999,-0.09044424999999996
KXETH-26JUN1516-B1840,Crypto,"(0.2, 0.3]",-1,0.28,0.0,0.255,0.013298250000000001,0.24170175
KXINXU-26JUN15H1600-T7124.9999,Financials,"(0.9, 1.0]",-1,0.99,1.0,-0.030000000000000027,0.002037000000000002,-0.03203700000000003
KXINXU-26JUN15H1600-T7224.9999,Financials,"(0.9, 1.0]",-1,0.99,1.0,-0.030000000000000027,0.002037000000000002,-0.03203700000000003
KXWCGOAL-26JUN15BELEGY-BELJDOKU11-1,Sports,"(0.2, 0.3]",-1,0.23,0.0,-0.2549999999999999,0.0006930000000000006,-0.2556929999999999
KXSOLD-26JUN1517-T68.9999,Crypto,"(0.2, 0.3]",-1,0.24,1.0,-0.775,0.01220625,-0.78720625
KXWCMENTION-26JUN15BELEGY-HEAD,Mentions,"(0.8, 0.9]",-1,0.8498,1.0,-0.6002000000000001,0.016797197200000002,-0.6169971972000001
KXWCMENTION-26JUN15BELEGY-QATA,Mentions,"(0.3, 0.4]",-1,0.3009,1.0,-1.1491,0.0006930000000000006,-1.149793
KXWCAST-26JUN15KSAURU-URUFVINAS9-1,Sports,"(0.1, 0.2]",1,0.19,0.0,-0.28500000000000003,0.014264250000000001,-0.29926425
KXBTC-26JUN1520-B66150,Crypto,"(0.2, 0.3]",-1,0.21,0.0,-0.2450000000000001,0.0006930000000000006,-0.2456930000000001
KXETH-26JUN1520-B1800,Crypto,"(0.2, 0.3]",-1,0.265,1.0,-0.9349999999999999,0.0042542500000000046,-0.93925425
KXWCMENTION-26JUN15BELEGY-ASSI,Mentions,"(0.7, 0.8]",-1,0.7884,0.0,0.33840000000000003,0.015671980800000002,0.32272801920000005
KXTHEWEEKNIGHTMENTION-26JUN15-ELEC,Mentions,"(0.7, 0.8]",-1,0.8,0.0,0.31500000000000006,0.015104250000000003,0.29989575000000007
KXTHEWEEKNIGHTMENTION-26JUN15-TRUM,Mentions,"(0.8, 0.9]",-1,0.84,0.0,0.355,0.01602825,0.33897174999999996
KXTHEWEEKNIGHTMENTION-26JUN15-UFC,Mentions,"(0.7, 0.8]",-1,0.73,0.0,0.245,0.012948250000000001,0.23205175
KXWCAST-26JUN15KSAURU-URUGVAREL2-1,Sports,"(0.1, 0.2]",1,0.14,0.0,-0.23500000000000001,0.012584250000000002,-0.24758425
KXWCMENTION-26JUN15KSAURU-CHAM,Mentions,"(0.4, 0.5]",-1,0.4184,1.0,-1.0316,0.0006930000000000006,-1.0322930000000001
KXWCMENTION-26JUN15KSAURU-NUTM,Mentions,"(0.7, 0.8]",-1,0.73,0.0,0.28,0.014112000000000001,0.265888
KXWCMENTION-26JUN15KSAURU-POWE,Mentions,"(0.3, 0.4]",-1,0.3939,0.0,-0.05610000000000004,0.0006930000000000006,-0.05679300000000004
KXPOLITICSMENTION-26JUN15-2028,Mentions,"(0.8, 0.9]",-1,0.8343,1.0,-0.5707,0.0171501057,-0.5878501057
KXPOLITICSMENTION-26JUN15-COMM,Mentions,"(0.8, 0.9]",-1,0.84,1.0,-0.565,0.017204250000000004,-0.58220425
KXPOLITICSMENTION-26JUN15-JANU,Mentions,"(0.7, 0.8]",-1,0.71,0.0,0.30499999999999994,0.014838249999999999,0.29016174999999994
KXUE-CHN26MAY-5.0,Economics,"(0.8, 0.9]",-1,0.8004,1.0,-0.21459999999999996,0.0117982788,-0.22639827879999996
KXUE-CHN26MAY-5.5,Economics,"(-0.001, 0.1]",1,0.04,0.0,-0.05,0.0033250000000000003,-0.053325000000000004
KXUE-CHN26MAY-5.4,Economics,"(-0.001, 0.1]",1,0.08,0.0,-0.095,0.006018250000000001,-0.10101825
KXUE-CHN26MAY-4.8,Economics,"(0.9, 1.0]",-1,0.95,1.0,-0.06000000000000005,0.003948000000000004,-0.06394800000000006
KXUE-CHN26MAY-4.9,Economics,"(0.9, 1.0]",-1,0.93,1.0,-0.08499999999999996,0.005444249999999999,-0.09044424999999996
KXUE-CHN26MAY-5.3,Economics,"(-0.001, 0.1]",1,0.09,0.0,-0.105,0.006578250000000001,-0.11157824999999999
KXUE-CHN26MAY-5.6,Economics,"(-0.001, 0.1]",1,0.03,0.0,-0.034999999999999996,0.00236425,-0.037364249999999995
KXMLBTOTAL-26JUN151945SDSTL-8,Sports,"(0.5, 0.6]",-1,0.58,0.0,0.11499999999999999,0.00712425,0.10787574999999999
KXMLBHR-26JUN151945SDSTL-SDJMERRILL3-1,Sports,"(0.1, 0.2]",1,0.15,0.0,-0.195,0.010988250000000001,-0.20598825
KXMLBHR-26JUN151945SDSTL-STLLNOOTBAAR21-1,Sports,"(0.1, 0.2]",1,0.1625,0.0,-0.20750000000000002,0.011511062500000002,-0.21901106250000002
KXMADDOWMENTION-26JUN15-PRIS,Mentions,"(0.5, 0.6]",-1,0.5158,1.0,-0.9341999999999999,0.004302925200000005,-0.9385029251999999
KXMLBTOTAL-26JUN151910NYMCIN-5,Sports,"(0.8, 0.9]",-1,0.87,1.0,-0.585,0.016994250000000002,-0.60199425
KXWNBAPTS-26JUN15LVDAL-DALAOGUNBOWALE24-10,Sports,"(0.5, 0.6]",-1,0.54,1.0,-0.955,0.003008250000000003,-0.95800825
KXWNBAPTS-26JUN15LVDAL-LVCGRAY12-20,Sports,"(0.1, 0.2]",1,0.12,0.0,-0.615,0.016574250000000002,-0.63157425
KXWNBAREB-26JUN15PDXMIN-MINOMILES5-4,Sports,"(0.7, 0.8]",-1,0.79,1.0,-0.45499999999999996,0.017358250000000002,-0.47235825
KXMLBHIT-26JUN151910NYMCIN-CINESUAREZ28-2,Sports,"(0.2, 0.3]",-1,0.21,1.0,-0.905,0.006018249999999998,-0.91101825
KXMLBTB-26JUN151910NYMCIN-NYMJSOTO22-4,Sports,"(0.2, 0.3]",-1,0.24,0.0,0.12,0.007392000000000001,0.112608
KXCBDECISIONJAPAN-26JUN15-HOLD,Economics,"(0.4, 0.5]",-1,0.49,0.0,0.0,0.0006930000000000006,-0.0006930000000000006
KXWNBAPTS-26JUN15PDXMIN-PDXSBARKER-10,Sports,"(0.5, 0.6]",-1,0.53,0.0,0.03500000000000003,0.002364250000000002,0.032635750000000026
KXLOVEISLMENTION-26JUN15B-DATE,Mentions,"(0.6, 0.7]",-1,0.7,0.0,0.595,0.016868250000000005,0.5781317499999999
KXLOVEISLMENTION-26JUN15B-DRAM,Mentions,"(0.6, 0.7]",-1,0.6745,1.0,-0.7055,0.0145438825,-0.7200438825000001
KXLOVEISLMENTION-26JUN15B-EX,Mentions,"(0.7, 0.8]",-1,0.77,0.0,0.32000000000000006,0.015232000000000004,0.30476800000000004
KXLOVEISLMENTION-26JUN15B-PULL,Mentions,"(0.9, 1.0]",-1,0.91,1.0,-0.54,0.017388,-0.557388
KXLOVEISLMENTION-26JUN15B-MESS,Mentions,"(0.7, 0.8]",-1,0.75,1.0,-0.7,0.014700000000000003,-0.7147
KXLOVEISLMENTION-26JUN15B-WHER,Mentions,"(0.5, 0.6]",-1,0.58,1.0,-0.8700000000000001,0.007916999999999995,-0.8779170000000001
KXMLBTB-26JUN152005MINTEX-MINBBUXTON25-3,Sports,"(0.2, 0.3]",-1,0.3,1.0,-0.8699999999999999,0.007917000000000006,-0.8779169999999998
KXMLBHRR-26JUN152005MINTEX-MINRKREIDLER5-1,Sports,"(0.5, 0.6]",-1,0.53,0.0,0.03500000000000003,0.002364250000000002,0.032635750000000026
KXLASTWORDMENTION-26JUN15-ELEC,Mentions,"(0.7, 0.8]",-1,0.78,1.0,-0.6699999999999999,0.015477000000000003,-0.6854769999999999
KXLASTWORDMENTION-26JUN15-ICE,Mentions,"(0.3, 0.4]",-1,0.3134,1.0,-1.1366,0.0006930000000000006,-1.137293
KXLASTWORDMENTION-26JUN15-FRAU,Mentions,"(0.2, 0.3]",-1,0.2908,0.0,-0.1592,0.0006930000000000006,-0.159893
KXLASTWORDMENTION-26JUN15-NQE,Mentions,"(-0.001, 0.1]",1,0.0361,0.0,-0.48610000000000003,0.017486475300000005,-0.5035864753
KXLASTWORDMENTION-26JUN15-REDI,Mentions,"(0.3, 0.4]",-1,0.3269,0.0,-0.12309999999999999,0.0006930000000000006,-0.12379299999999999
KXMLBHR-26JUN152010DETHOU-DETDDINGLER13-1,Sports,"(0.1, 0.2]",1,0.181,0.0,-0.266,0.01366708,-0.27966708
KXMLBHR-26JUN152010DETHOU-HOUTTRAMMELL26-1,Sports,"(0.1, 0.2]",1,0.11,0.0,-0.14,0.008428000000000001,-0.148428
KXWCAST-26JUN15IRINZL-IRIMMOHEB8-1,Sports,"(0.1, 0.2]",1,0.17,0.0,-0.255,0.013298250000000001,-0.26829825
KXWCMENTION-26JUN15IRINZL-HAND,Mentions,"(0.2, 0.3]",-1,0.26,0.0,-0.18999999999999995,0.0006930000000000006,-0.19069299999999995
KXWCMENTION-26JUN15IRINZL-PENA,Mentions,"(0.2, 0.3]",-1,0.23,0.0,-0.21999999999999997,0.0006930000000000006,-0.22069299999999997
KXWCMENTION-26JUN15IRINZL-HIST,Mentions,"(0.4, 0.5]",-1,0.4032,1.0,-1.0468,0.0006930000000000006,-1.047493
KXWCMENTION-26JUN15IRINZL-RONA,Mentions,"(0.4, 0.5]",-1,0.46,1.0,-0.99,0.0006930000000000006,-0.990693
KXWCMENTION-26JUN15IRINZL-CROS,Mentions,"(0.4, 0.5]",-1,0.48,0.0,0.030000000000000027,0.002037000000000002,0.027963000000000026
KXWCMENTION-26JUN15IRINZL-ADID,Mentions,"(-0.001, 0.1]",1,0.0717,0.0,-0.5217,0.017467037700000004,-0.5391670377000001
KXMLBF5SPREAD-26JUN152210TBLAD-LAD3,Sports,"(0.2, 0.3]",-1,0.26,0.0,-0.18500000000000005,0.0006930000000000006,-0.18569300000000005
KXMLBHRR-26JUN152005COLCHC-CHCMBUSCH29-2,Sports,"(0.5, 0.6]",-1,0.6,0.0,0.135,0.008174250000000001,0.12682575000000001
KXAAAGASD-26JUN16-4.075,Economics,"(-0.001, 0.1]",1,0.0909,0.0,-0.45589999999999997,0.017363863300000004,-0.4732638633
KXAAAGASD-26JUN16-4.020,Economics,"(0.8, 0.9]",-1,0.842,1.0,-0.533,0.01742377,-0.55042377
KXAAAGASD-26JUN16-4.025,Economics,"(0.8, 0.9]",-1,0.8007,1.0,-0.5743,0.017113565700000003,-0.5914135657
KXAAAGASD-26JUN16-4.030,Economics,"(0.8, 0.9]",-1,0.8195,1.0,-0.5555,0.0172843825,-0.5727843825
KXAAAGASD-26JUN16-4.050,Economics,"(0.4, 0.5]",-1,0.48,0.0,0.10499999999999998,0.00657825,0.09842174999999999
KXAAAGASD-26JUN16-4.065,Economics,"(-0.001, 0.1]",1,0.0909,0.0,-0.45589999999999997,0.017363863300000004,-0.4732638633
KXAAAGASD-26JUN16-4.070,Economics,"(-0.001, 0.1]",1,0.0912,0.0,-0.4562,0.017365709200000003,-0.4735657092
KXCBDECISIONAUSTRALIA-26JUN16-H25,Economics,"(0.4, 0.5]",-1,0.5,0.0,0.010000000000000009,0.0006930000000000006,0.009307000000000008
KXCBDECISIONAUSTRALIA-26JUN16-H25P,Economics,"(-0.001, 0.1]",1,0.05,0.0,-0.54,0.017388,-0.557388
KXCBDECISIONAUSTRALIA-26JUN16-C25P,Economics,"(-0.001, 0.1]",1,0.0541,0.0,-0.5441,0.0173638633,-0.5614638633
KXWNBAAST-26JUN15LAGS-GSVBURTON22-7,Sports,"(0.5, 0.6]",-1,0.56,0.0,0.07000000000000006,0.004557000000000005,0.06544300000000006
KXMLBHIT-26JUN152210TBLAD-LADMMUNCY13-2,Sports,"(0.2, 0.3]",-1,0.24,0.0,0.09999999999999998,0.0063,0.09369999999999998
KXMLBHRR-26JUN152210TBLAD-LADFFREEMAN5-2,Sports,"(0.5, 0.6]",-1,0.57,0.0,0.08999999999999997,0.0057329999999999985,0.08426699999999997
KXMLBHRR-26JUN152210TBLAD-LADSOHTANI17-2,Sports,"(0.5, 0.6]",-1,0.6,0.0,0.12,0.007392000000000001,0.112608
KXDEZEW-26JUN16-T-15.0,Economics,"(0.4, 0.5]",-1,0.42,1.0,-1.0750000000000002,0.0006930000000000006,-1.0756930000000002
KXDEZEW-26JUN16-T0.0,Economics,"(-0.001, 0.1]",1,0.08,1.0,0.42500000000000004,0.017106250000000003,0.40789375000000005
KXDEZEW-26JUN16-T-27.5,Economics,"(0.8, 0.9]",-1,0.87,1.0,-0.625,0.01640625,-0.64140625
KXDEZEW-26JUN16-T-2.5,Economics,"(-0.001, 0.1]",1,0.1,1.0,0.405,0.01686825,0.38813175
KXVANCEMENTION-26JUN15-FRAU,Mentions,"(0.4, 0.5]",-1,0.4476,0.0,-0.0023999999999999577,0.0006930000000000006,-0.003092999999999958
KXVANCEMENTION-26JUN15-NQE,Mentions,"(-0.001, 0.1]",1,0.0159,0.0,-0.46590000000000004,0.017418603300000002,-0.48331860330000004
KXVANCEMENTION-26JUN15-POPE,Mentions,"(0.3, 0.4]",-1,0.39,0.0,-0.06000000000000005,0.0006930000000000006,-0.06069300000000005
KXVANCEMENTION-26JUN15-OIL,Mentions,"(0.4, 0.5]",-1,0.45,1.0,-1.0,0.0006930000000000006,-1.000693
KXVANCEMENTION-26JUN15-TRUM,Mentions,"(0.6, 0.7]",-1,0.6726,1.0,-0.7774000000000001,0.012113446799999998,-0.7895134468000001
KXVANCEMENTION-26JUN15-TERR,Mentions,"(0.3, 0.4]",-1,0.35,1.0,-1.1,0.0006930000000000006,-1.1006930000000001
KXLATENIGHTMENTION-26JUN16-NQE,Mentions,"(-0.001, 0.1]",1,0.0316,0.0,-0.5166,0.0174807108,-0.5340807108
KXHOUSINGSTART-26JUN16-T1.550,Economics,"(-0.001, 0.1]",1,0.0753,0.0,-0.11030000000000001,0.0068693737000000005,-0.11716937370000001
KXHOUSINGSTART-26JUN16-T1.400,Economics,"(0.4, 0.5]",-1,0.5,0.0,0.46499999999999997,0.01741425,0.44758574999999995
KXBUILDPERMS-26JUN16-T1.300,Economics,"(0.9, 1.0]",-1,0.91,1.0,-0.13499999999999995,0.00817425,-0.14317424999999995
KXBUILDPERMS-26JUN16-T1.350,Economics,"(0.8, 0.9]",-1,0.86,1.0,-0.2,0.011200000000000002,-0.2112
KXATPCHALLENGERMATCH-26JUN16TOMGAN-TOM,Sports,"(0.8, 0.9]",-1,0.89,0.0,0.43000000000000005,0.017157000000000002,0.41284300000000007
KXWCMENTION-26JUN15IRINZL-VERI,Mentions,"(-0.001, 0.1]",1,0.0717,0.0,-0.5217,0.017467037700000004,-0.5391670377000001
KXVANCEMENTION-26JUN15-BIDE,Mentions,"(0.4, 0.5]",-1,0.4046,0.0,-0.045399999999999885,0.0006930000000000006,-0.046092999999999884
KXLASTWORDMENTION-26JUN15-REPU,Mentions,"(0.7, 0.8]",-1,0.7377,0.0,0.28770000000000007,0.014345009700000005,0.27335499030000004
KXLASTWORDMENTION-26JUN15-OIL,Mentions,"(0.2, 0.3]",-1,0.25,0.0,-0.19999999999999996,0.0006930000000000006,-0.20069299999999995
KXLASTWORDMENTION-26JUN15-HEAL,Mentions,"(0.3, 0.4]",-1,0.34,0.0,-0.10999999999999988,0.0006930000000000006,-0.11069299999999987
KXTRUMPMENTION-26JUN16-OIL,Mentions,"(0.5, 0.6]",-1,0.56,1.0,-0.8699999999999999,0.007917000000000006,-0.8779169999999998
KXTRUMPMENTION-26JUN16-NQE,Mentions,"(-0.001, 0.1]",1,0.06,0.0,-0.49,0.017493,-0.507493
KXTRUMPMENTION-26JUN16-CRYP,Mentions,"(-0.001, 0.1]",1,0.07,0.0,-0.5,0.0175,-0.5175
KXTRUMPMENTION-26JUN16-IRAN,Mentions,"(0.9, 1.0]",-1,0.91,1.0,-0.52,0.017472,-0.5374720000000001
KXTRUMPMENTION-26JUN16-UKRA,Mentions,"(-0.001, 0.1]",1,0.09,1.0,0.48,0.017472,0.462528
KXPOLITICSMENTION-26JUN15C-OSSO,Mentions,"(-0.001, 0.1]",1,0.0951,1.0,0.45489999999999997,0.017357619300000002,0.43754238069999996
KXTRUMPMENTIONB-26JUN16-NQE,Mentions,"(0.3, 0.4]",-1,0.31,0.0,-0.040000000000000036,0.0006930000000000006,-0.040693000000000035
KXTRUMPMENTIONB-26JUN16-ISRA,Mentions,"(0.2, 0.3]",-1,0.27,0.0,-0.21499999999999986,0.0006930000000000006,-0.21569299999999986
KXTRUMPMENTIONB-26JUN16-PUTI,Mentions,"(0.2, 0.3]",-1,0.23,0.0,-0.2549999999999999,0.0006930000000000006,-0.2556929999999999
KXPOLITICSMENTION-26JUN15C-HOUS,Mentions,"(0.7, 0.8]",-1,0.76,0.0,0.31000000000000005,0.014973000000000004,0.29502700000000004
KXPOLITICSMENTION-26JUN15C-NQE,Mentions,"(-0.001, 0.1]",1,0.0223,0.0,-0.0373,0.0025136097000000002,-0.0398136097
KXPOLITICSMENTION-26JUN15C-COLL,Mentions,"(0.7, 0.8]",-1,0.799,0.0,0.349,0.01590393,0.33309606999999997
KXTRUMPMENTIONB-26JUN16-HORM,Mentions,"(0.3, 0.4]",-1,0.38,0.0,-0.10499999999999998,0.0006930000000000006,-0.10569299999999998
KXTRUMPMENTION-26JUN16C-BIDE,Mentions,"(0.2, 0.3]",-1,0.21,0.0,-0.2749999999999999,0.0006930000000000006,-0.2756929999999999
KXTRUMPMENTION-26JUN16C-STOC,Mentions,"(0.2, 0.3]",-1,0.24,0.0,-0.2450000000000001,0.0006930000000000006,-0.2456930000000001
KXTRUMPMENTION-26JUN16C-CRYP,Mentions,"(0.4, 0.5]",-1,0.47,0.0,-0.015000000000000124,0.0006930000000000006,-0.015693000000000124
KXMAMDANIMENTION-26JUN15-MSG,Mentions,"(0.5, 0.6]",-1,0.51,0.0,0.06000000000000005,0.003948000000000004,0.056052000000000046
KXTRUMPMEETING-27JAN01-NMCAR,Politics,"(0.8, 0.9]",-1,0.8466,1.0,-0.5733999999999999,0.017122870800000002,-0.5905228707999999
KXHOCHULMENTION-26JUN13C-INFL,Mentions,"(0.4, 0.5]",-1,0.4031,1.0,-1.0419,0.0006930000000000006,-1.042593
KXINXU-26JUN16H1100-T7529.9999,Financials,"(0.9, 1.0]",-1,0.93,1.0,-0.09499999999999992,0.006018249999999995,-0.1010182499999999
KXMAMDANIMENTION-26JUN15-AFFO,Mentions,"(0.2, 0.3]",-1,0.24,0.0,-0.20999999999999996,0.0006930000000000006,-0.21069299999999996
KXINXU-26JUN16H1200-T7519.9999,Financials,"(0.9, 1.0]",-1,0.92,1.0,-0.10499999999999993,0.006578249999999996,-0.11157824999999992
KXATPCHALLENGERMATCH-26JUN16KRUWAZ-WAZ,Sports,"(0.1, 0.2]",1,0.18,0.0,-0.6399999999999999,0.016128000000000003,-0.6561279999999999
KXVANCEMENTION-26JUN16-TRUM,Mentions,"(0.8, 0.9]",-1,0.8485,1.0,-0.26649999999999996,0.013683442499999999,-0.28018344249999994
KXVANCEMENTION-26JUN16-AFFO,Mentions,"(0.2, 0.3]",-1,0.21,1.0,-0.9650000000000001,0.0023642499999999953,-0.96736425
KXVANCEMENTION-26JUN16-OIL,Mentions,"(0.5, 0.6]",-1,0.55,1.0,-0.62,0.016492,-0.636492
KXVANCEMENTION-26JUN16-NQE,Mentions,"(-0.001, 0.1]",1,0.0263,0.0,-0.1563,0.0092309217,-0.1655309217
KXVANCEMENTION-26JUN16-AI,Mentions,"(0.3, 0.4]",-1,0.3606,0.0,0.2106,0.011637334800000001,0.1989626652
KXVANCEMENTION-26JUN16-FRAU,Mentions,"(0.6, 0.7]",-1,0.64,0.0,0.49,0.017493,0.472507
KXVANCEMENTION-26JUN16-AMER,Mentions,"(0.4, 0.5]",-1,0.43,0.0,0.23499999999999988,0.012584249999999996,0.22241574999999988
KXVANCEMENTION-26JUN16-HILL,Mentions,"(0.4, 0.5]",-1,0.4347,0.0,0.2546999999999999,0.013287953699999999,0.24141204629999993
KXINXU-26JUN16H1400-T7514.9999,Financials,"(0.9, 1.0]",-1,0.9335,1.0,-0.16649999999999998,0.0097144425,-0.17621444249999998
KXATPCHALLENGERMATCH-26JUN16HEIMIC-MIC,Sports,"(0.2, 0.3]",-1,0.3,0.0,-0.18999999999999995,0.0006930000000000006,-0.19069299999999995
KXINXU-26JUN16H1500-T7514.9999,Financials,"(0.9, 1.0]",-1,0.94,1.0,-0.08500000000000002,0.005444250000000002,-0.09044425000000002
KXINXU-26JUN16H1600-T7449.9999,Financials,"(0.9, 1.0]",-1,0.95,1.0,-0.07500000000000001,0.004856250000000001,-0.07985625000000002
KXINXU-26JUN16H1600-T7324.9999,Financials,"(0.9, 1.0]",-1,0.99,1.0,-0.030000000000000027,0.002037000000000002,-0.03203700000000003
KXHEARINGMENTION-26JUN16C-NQE,Mentions,"(-0.001, 0.1]",1,0.0523,0.0,-0.5073,0.0174962697,-0.5247962696999999
KXHEARINGMENTION-26JUN16C-TEAC,Mentions,"(0.8, 0.9]",-1,0.9,1.0,-0.45499999999999996,0.017358250000000002,-0.47235825
KXHEARINGMENTION-26JUN16C-GUAR,Mentions,"(0.8, 0.9]",-1,0.8469,1.0,-0.6031,0.016755927300000004,-0.6198559272999999
KXPERSONMENTION-26JUN16-WEAR,Mentions,"(0.4, 0.5]",-1,0.4336,1.0,-1.0164,0.0006930000000000006,-1.017093
KXPERSONMENTION-26JUN16-PRIV,Mentions,"(0.4, 0.5]",-1,0.417,1.0,-1.033,0.0006930000000000006,-1.033693
KXVANCEMENTION-26JUN16B-250,Mentions,"(0.3, 0.4]",-1,0.37,0.0,-0.11499999999999999,0.0006930000000000006,-0.11569299999999999
KXWC2HTOTAL-26JUN16FRASEN-1,Sports,"(0.9, 1.0]",-1,0.99,1.0,-0.505,0.017498250000000003,-0.52249825
KXWCMENTION-26JUN16FRASEN-CHAM,Mentions,"(0.8, 0.9]",-1,0.85,1.0,-0.64,0.016128000000000003,-0.656128
KXWCMENTION-26JUN16FRASEN-RECO,Mentions,"(0.8, 0.9]",-1,0.85,1.0,-0.6000000000000001,0.0168,-0.6168000000000001
KXWCMENTION-26JUN16FRASEN-PENA,Mentions,"(0.7, 0.8]",-1,0.7403,0.0,0.25029999999999997,0.013135493699999999,0.23716450629999997
KXWCMENTION-26JUN16FRASEN-ASSI,Mentions,"(0.5, 0.6]",-1,0.53,1.0,-0.96,0.002688000000000003,-0.962688
KXWCMENTION-26JUN16FRASEN-MESS,Mentions,"(0.5, 0.6]",-1,0.6,1.0,-0.89,0.006853,-0.896853
KXWCMENTION-26JUN16FRASEN-NQE,Mentions,"(-0.001, 0.1]",1,0.01,0.0,-0.5,0.0175,-0.5175
KXWCMENTION-26JUN16FRASEN-ADID,Mentions,"(-0.001, 0.1]",1,0.07,0.0,-0.56,0.017248,-0.5772480000000001
KXBNB15M-26JUN161815-15,Crypto,"(0.2, 0.3]",-1,0.2923,1.0,-0.7227,0.0140283297,-0.7367283297
KXSPECIALREPORTMENTION-26JUN16-OIL,Mentions,"(0.5, 0.6]",-1,0.55,0.0,0.10000000000000009,0.006300000000000005,0.09370000000000009
KXVANCEMENTION-26JUN16C-IRAN,Mentions,"(0.8, 0.9]",-1,0.8208,1.0,-0.6542,0.015835565200000002,-0.6700355652
KXVANCEMENTION-26JUN16C-DEAL,Mentions,"(0.8, 0.9]",-1,0.81,1.0,-0.6649999999999999,0.015594250000000004,-0.68059425
KXVANCEMENTION-26JUN16C-ELEC,Mentions,"(0.5, 0.6]",-1,0.5939,0.0,0.1189,0.007333395300000001,0.1115666047
KXVANCEMENTION-26JUN16C-TRUM,Mentions,"(0.7, 0.8]",-1,0.7447,0.0,0.26970000000000005,0.013787333700000003,0.25591266630000004
KXVANCEMENTION-26JUN16C-FRAU,Mentions,"(0.5, 0.6]",-1,0.5514,0.0,0.07640000000000002,0.004939412800000002,0.07146058720000002
KXTHEWEEKNIGHTMENTION-26JUN16-BILL,Mentions,"(0.5, 0.6]",-1,0.55,1.0,-0.8999999999999999,0.006300000000000005,-0.9062999999999999
KXTHEWEEKNIGHTMENTION-26JUN16-HORM,Mentions,"(0.3, 0.4]",-1,0.386,1.0,-1.064,0.0006930000000000006,-1.0646930000000001
KXNYCMAYORDEBATEMENTION-26JUN16-ISRA,Mentions,"(0.8, 0.9]",-1,0.8446,1.0,-0.6053999999999999,0.016722358800000003,-0.6221223588
KXNYCMAYORDEBATEMENTION-26JUN16-IRAN,Mentions,"(0.4, 0.5]",-1,0.4984,1.0,-0.9516,0.0032240208,-0.9548240208
KXWCMENTION-26JUN16IRQNOR-COME,Mentions,"(0.5, 0.6]",-1,0.5788,1.0,-0.9112,0.0056640192,-0.9168640192
KXWCMENTION-26JUN16IRQNOR-MESS,Mentions,"(0.6, 0.7]",-1,0.6138,1.0,-0.8762,0.007593149200000002,-0.8837931492
KXWCMENTION-26JUN16IRQNOR-CAPT,Mentions,"(0.8, 0.9]",-1,0.85,1.0,-0.64,0.016128000000000003,-0.656128
KXWCMENTION-26JUN16IRQNOR-HEAD,Mentions,"(0.8, 0.9]",-1,0.85,1.0,-0.64,0.016128000000000003,-0.656128
KXWCMENTION-26JUN16IRQNOR-VISA,Mentions,"(0.8, 0.9]",-1,0.85,1.0,-0.64,0.016128000000000003,-0.656128
KXWCMENTION-26JUN16IRQNOR-POWE,Mentions,"(0.2, 0.3]",-1,0.22,0.0,-0.27,0.0006930000000000006,-0.270693
KXWCMENTION-26JUN16IRQNOR-NQE,Mentions,"(-0.001, 0.1]",1,0.01,0.0,-0.5,0.0175,-0.5175
KXTHEWEEKNIGHTMENTION-26JUN16-ELEC,Mentions,"(0.7, 0.8]",-1,0.7761,0.0,0.32610000000000006,0.015383115300000003,0.31071688470000003
KXTHEWEEKNIGHTMENTION-26JUN16-TRUM,Mentions,"(0.6, 0.7]",-1,0.6964,0.0,0.24639999999999995,0.0129980928,0.23340190719999995
KXWCMENTION-26JUN16IRQNOR-GILT,Mentions,"(-0.001, 0.1]",1,0.0419,0.0,-0.5319,0.017428767300000002,-0.5493287673
KXMLBKS-26JUN161840MIAPHI-MIATPHILLIPS30-4,Sports,"(0.5, 0.6]",-1,0.5203,1.0,-0.49470000000000003,0.017498033700000002,-0.5121980337
KXMLBF5-26JUN161945SDSTL-TIE,Sports,"(0.1, 0.2]",1,0.13,0.0,-0.605,0.016728250000000004,-0.62172825
KXMLBTOTAL-26JUN161905CWSNYY-8,Sports,"(0.5, 0.6]",-1,0.51,1.0,-0.755,0.012948250000000001,-0.76794825
KXWCSOA-26JUN16ARGDZA-ARGGMONTI4,Sports,"(0.2, 0.3]",-1,0.24,0.0,0.09499999999999997,0.006018249999999998,0.08898174999999997
KXMLBKS-26JUN161910NYMCIN-CINBSINGER51-2,Sports,"(0.9, 1.0]",-1,0.95,1.0,-0.08500000000000002,0.005444250000000002,-0.09044425000000002
KXMLBKS-26JUN161910NYMCIN-NYMKSENGA34-7,Sports,"(0.2, 0.3]",-1,0.23,0.0,0.19499999999999995,0.01098825,0.18401174999999995
KXMLBHIT-26JUN161940CLEMIL-CLEGARIAS13-1,Sports,"(0.5, 0.6]",-1,0.57,1.0,-0.925,0.004856249999999999,-0.92985625
KXMLBHIT-26JUN161940CLEMIL-MILJCHOURIO11-1,Sports,"(0.7, 0.8]",-1,0.74,0.0,0.365,0.016224250000000003,0.34877575
KXWC1HSCORE-26JUN16ARGDZA-ARG1DZA1,Sports,"(0.1, 0.2]",1,0.11,0.0,-0.6,0.016800000000000002,-0.6168
KXMLBKS-26JUN161945SDSTL-SDMKING34-6,Sports,"(0.2, 0.3]",-1,0.28,0.0,0.25,0.013125000000000001,0.236875
KXLOVEISLMENTION-26JUN16C-BOMB,Mentions,"(0.8, 0.9]",-1,0.8466,1.0,-0.6384,0.016159180800000002,-0.6545591808
KXLOVEISLMENTION-26JUN16C-CASA,Mentions,"(-0.001, 0.1]",1,0.0477,0.0,-0.5327,0.017425149700000003,-0.5501251496999999
KXLOVEISLMENTION-26JUN16C-FIJI,Mentions,"(0.2, 0.3]",-1,0.3,0.0,-0.18500000000000005,0.0006930000000000006,-0.18569300000000005
KXLOVEISLMENTION-26JUN16C-ICK,Mentions,"(0.4, 0.5]",-1,0.4455,0.0,-0.03949999999999987,0.0006930000000000006,-0.04019299999999987
KXLOVEISLMENTION-26JUN16C-PRIZ,Mentions,"(-0.001, 0.1]",1,0.08,0.0,-0.565,0.017204250000000004,-0.58220425
KXLOVEISLMENTION-26JUN16C-LOYA,Mentions,"(0.3, 0.4]",-1,0.3967,0.0,-0.08829999999999982,0.0006930000000000006,-0.08899299999999982
KXLOVEISLMENTION-26JUN16C-PULL,Mentions,"(0.8, 0.9]",-1,0.8788,0.0,0.39380000000000004,0.0167105092,0.37708949080000004
KXLOVEISLMENTION-26JUN16C-MESS,Mentions,"(0.7, 0.8]",-1,0.71,1.0,-0.775,0.01220625,-0.78720625
KXMLBHR-26JUN162005MINTEX-MINAJACKSON70-1,Sports,"(0.1, 0.2]",1,0.11,0.0,-0.165,0.00964425,-0.17464425
KXMLBMENTION-26JUN16SDSTL-TRAD,Mentions,"(0.9, 1.0]",-1,0.93,1.0,-0.15999999999999992,0.009407999999999996,-0.16940799999999992
KXMLBMENTION-26JUN16SDSTL-WALK,Mentions,"(0.9, 1.0]",-1,0.96,1.0,-0.525,0.017456250000000003,-0.54245625
KXMLBMENTION-26JUN16SDSTL-WILD,Mentions,"(0.8, 0.9]",-1,0.9,1.0,-0.43999999999999995,0.017248,-0.45724799999999993
KXMLBTEAMTOTAL-26JUN162005COLCHC-COL3,Sports,"(0.9, 1.0]",-1,0.96,1.0,-0.53,0.017437,-0.5474370000000001
KXMLBHR-26JUN162005COLCHC-COLETOVAR14-1,Sports,"(0.1, 0.2]",1,0.12,0.0,-0.16999999999999998,0.009877000000000002,-0.17987699999999998
KXWCAST-26JUN16ARGDZA-ARGRDEPA7-1,Sports,"(0.1, 0.2]",1,0.18,1.0,0.71,0.014413,0.695587
KXMLBMENTION-26JUN16DETHOU-TRAD,Mentions,"(0.9, 1.0]",-1,0.96,1.0,-0.525,0.017456250000000003,-0.54245625
KXMLBMENTION-26JUN16DETHOU-NQE,Mentions,"(-0.001, 0.1]",1,0.0217,0.0,-0.5067,0.017496857700000003,-0.5241968577
KXWCMENTION-26JUN16ARGDZA-COME,Mentions,"(0.8, 0.9]",-1,0.85,1.0,-0.635,0.016224250000000003,-0.6512242500000001
KXWCMENTION-26JUN16ARGDZA-QATA,Mentions,"(0.8, 0.9]",-1,0.85,1.0,-0.635,0.016224250000000003,-0.6512242500000001
KXWCMENTION-26JUN16ARGDZA-RONA,Mentions,"(0.5, 0.6]",-1,0.5067,1.0,-0.9783,0.0014860377000000037,-0.9797860377
KXWCMENTION-26JUN16ARGDZA-HEAD,Mentions,"(0.8, 0.9]",-1,0.85,1.0,-0.635,0.016224250000000003,-0.6512242500000001
KXWCMENTION-26JUN16ARGDZA-ARRW,Mentions,"(-0.001, 0.1]",1,0.09,1.0,0.42500000000000004,0.017106250000000003,0.40789375000000005
KXAAAGASD-26JUN17-4.015,Economics,"(0.4, 0.5]",-1,0.4761,1.0,-0.9739,0.001779315300000001,-0.9756793153
KXAAAGASD-26JUN17-4.025,Economics,"(0.4, 0.5]",-1,0.41,0.0,-0.040000000000000036,0.0006930000000000006,-0.040693000000000035
KXAAAGASD-26JUN17-4.035,Economics,"(-0.001, 0.1]",1,0.03,0.0,-0.48,0.017472,-0.49747199999999997
KXAAAGASD-26JUN17-4.045,Economics,"(-0.001, 0.1]",1,0.01,0.0,-0.46,0.017388000000000004,-0.47738800000000003
KXAAAGASD-26JUN17-4.020,Economics,"(0.4, 0.5]",-1,0.49,1.0,-0.96,0.002688000000000003,-0.962688
KXAAAGASD-26JUN17-4.060,Economics,"(-0.001, 0.1]",1,0.08,0.0,-0.53,0.017437,-0.5474370000000001
KXAAAGASD-26JUN17-4.005,Economics,"(0.8, 0.9]",-1,0.87,1.0,-0.5800000000000001,0.017052,-0.597052
KXAAAGASD-26JUN17-4.000,Economics,"(0.9, 1.0]",-1,0.9875,1.0,-0.46249999999999997,0.017401562500000002,-0.4799015625
KXAAAGASD-26JUN17-3.995,Economics,"(0.9, 1.0]",-1,0.9875,1.0,-0.46249999999999997,0.017401562500000002,-0.4799015625
KXAAAGASD-26JUN17-3.990,Economics,"(0.9, 1.0]",-1,0.9875,1.0,-0.46249999999999997,0.017401562500000002,-0.4799015625
KXAAAGASD-26JUN17-4.010,Economics,"(0.8, 0.9]",-1,0.84,1.0,-0.6100000000000001,0.016652999999999998,-0.6266530000000001
KXMLBHR-26JUN162140BALSEA-SEACEMERSON85-1,Sports,"(0.1, 0.2]",1,0.1385,0.0,-0.1985,0.011136842500000002,-0.2096368425
KXMLBHIT-26JUN162140BALSEA-SEAJCRAWFORD3-1,Sports,"(0.7, 0.8]",-1,0.71,1.0,-0.635,0.016224250000000003,-0.6512242500000001
KXMLBHRR-26JUN162140BALSEA-SEACRALEIGH29-5,Sports,"(0.1, 0.2]",1,0.15,0.0,-0.645,0.01602825,-0.66102825
KXMLBTB-26JUN162210TBLAD-LADAPAGES44-4,Sports,"(0.2, 0.3]",-1,0.21,0.0,0.08499999999999996,0.005444249999999999,0.07955574999999997
KXMLBGAME-26JUN162140PITATH-ATH,Sports,"(0.5, 0.6]",-1,0.58,0.0,0.405,0.01686825,0.38813175
KXBTC-26JUN1701-B65950,Crypto,"(0.2, 0.3]",-1,0.2343,0.0,-0.24570000000000003,0.0006930000000000006,-0.24639300000000003
KXXRPD-26JUN1701-T1.2199,Crypto,"(0.2, 0.3]",-1,0.22,0.0,-0.25,0.0006930000000000006,-0.250693
KXUKCPIYOY-26JUN17-T3.8,Economics,"(-0.001, 0.1]",1,0.07,0.0,-0.565,0.017204250000000004,-0.58220425
KXWCMENTION-26JUN17AUTJOR-TRUM,Mentions,"(-0.001, 0.1]",1,0.03,0.0,-0.515,0.017484250000000003,-0.53248425
KXWCMENTION-26JUN17AUTJOR-HEAD,Mentions,"(0.8, 0.9]",-1,0.85,1.0,-0.635,0.016224250000000003,-0.6512242500000001
KXWCMENTION-26JUN17AUTJOR-NQE,Mentions,"(-0.001, 0.1]",1,0.0217,0.0,-0.5067,0.017496857700000003,-0.5241968577
KXVANCEMENTION-26JUN16D-UFC,Mentions,"(0.6, 0.7]",-1,0.6473,0.0,0.19730000000000003,0.011086089700000003,0.18621391030000004
KXVANCEMENTION-26JUN16D-NQE,Mentions,"(-0.001, 0.1]",1,0.0233,0.0,-0.37329999999999997,0.0163762977,-0.38967629769999995
KXVANCEMENTION-26JUN16D-NEWS,Mentions,"(0.8, 0.9]",-1,0.87,0.0,0.385,0.016574250000000002,0.36842575
KXVANCEMENTION-26JUN16D-TRUM,Mentions,"(0.8, 0.9]",-1,0.83,1.0,-0.6200000000000001,0.016492,-0.6364920000000001
KXVANCEMENTION-26JUN16D-ELEC,Mentions,"(0.5, 0.6]",-1,0.59,0.0,0.10499999999999998,0.00657825,0.09842174999999999
KXVANCEMENTION-26JUN16D-2028,Mentions,"(0.5, 0.6]",-1,0.5472,1.0,-0.9378,0.004083181200000003,-0.9418831811999999
KXSAMOMINF-26JUN17-T1.6,Economics,"(-0.001, 0.1]",1,0.1,0.0,-0.59,0.016933000000000004,-0.606933
KXSAMOMINF-26JUN17-T2.0,Economics,"(-0.001, 0.1]",1,0.04,0.0,-0.41,0.016933000000000004,-0.426933
KXSAMOMINF-26JUN17-T1.0,Economics,"(0.4, 0.5]",-1,0.46,0.0,-0.030000000000000027,0.0006930000000000006,-0.030693000000000026
KXHYPE15M-26JUN170500-00,Crypto,"(0.2, 0.3]",-1,0.2459,0.0,0.2259,0.0122408433,0.2136591567
KXITFMATCH-26JUN17HUXCHO-CHO,Sports,"(0.1, 0.2]",1,0.15,1.0,0.36,0.016128000000000003,0.34387199999999996
KXATPSETWINNER-26JUN17NAKBUS-1-NAK,Sports,"(0.7, 0.8]",-1,0.71,1.0,-0.76,0.012768,-0.772768
KXLOVEISLMENTION-26JUN16C-MARR,Mentions,"(-0.001, 0.1]",1,0.1,0.0,-0.585,0.016994250000000002,-0.60199425
KXUSRETAIL-26JUN17-T0.0,Economics,"(0.8, 0.9]",-1,0.87,1.0,-0.14,0.008428000000000001,-0.148428
KXTRUMPMENTION-26JUN17-ISRA,Mentions,"(0.7, 0.8]",-1,0.78,0.0,0.74,0.013468,0.726532
KXTRUMPMENTION-26JUN17-CRYP,Mentions,"(-0.001, 0.1]",1,0.029,0.0,-0.03900000000000001,0.0026235300000000007,-0.041623530000000006
KXTRUMPMENTION-26JUN17-EIGH,Mentions,"(0.4, 0.5]",-1,0.42,0.0,0.3799999999999999,0.016492,0.3635079999999999
KXTRUMPMENTION-26JUN17-250,Mentions,"(0.2, 0.3]",-1,0.239,0.0,0.19899999999999995,0.01115793,0.18784206999999994
KXVANCEMENTION-26JUN16D-BIDE,Mentions,"(0.4, 0.5]",-1,0.4552,0.0,-0.029799999999999827,0.0006930000000000006,-0.030492999999999826
KXVANCEMENTION-26JUN16D-FBI,Mentions,"(0.5, 0.6]",-1,0.57,0.0,0.08499999999999996,0.005444249999999999,0.07955574999999997
KXTRUMPMENTION-26JUN17-PEAC,Mentions,"(0.4, 0.5]",-1,0.4296,0.0,0.38959999999999995,0.016646828800000003,0.37295317119999993
KXWCMENTION-26JUN16ARGDZA-POWE,Mentions,"(0.6, 0.7]",-1,0.6365,0.0,0.15149999999999997,0.0089983425,0.14250165749999996
KXMLBMENTION-26JUN16DETHOU-WHAT,Mentions,"(0.2, 0.3]",-1,0.249,1.0,-1.226,0.0006930000000000006,-1.226693
KXMLBMENTION-26JUN16DETHOU-SHUT,Mentions,"(0.4, 0.5]",-1,0.45,0.0,-0.02499999999999991,0.0006930000000000006,-0.02569299999999991
KXMLBMENTION-26JUN16DETHOU-OHTA,Mentions,"(0.5, 0.6]",-1,0.54,0.0,0.06500000000000006,0.0042542500000000046,0.06074575000000006
KXMLBMENTION-26JUN16SDSTL-ERRO,Mentions,"(0.7, 0.8]",-1,0.75,1.0,-0.275,0.013956250000000002,-0.28895625
KXMLBMENTION-26JUN16SDSTL-PINC,Mentions,"(0.7, 0.8]",-1,0.74,1.0,-0.5,0.0175,-0.5175
KXMLBMENTION-26JUN16SDSTL-OHTA,Mentions,"(0.5, 0.6]",-1,0.5048,0.0,0.01980000000000004,0.001358557200000003,0.018441442800000037
KXMLBMENTION-26JUN16SDSTL-BUSC,Mentions,"(0.9, 1.0]",-1,0.9603,0.0,0.7203,0.0141027537,0.7061972463
KXMLBMENTION-26JUN16SDSTL-PITC,Mentions,"(0.3, 0.4]",-1,0.3528,0.0,-0.1322000000000001,0.0006930000000000006,-0.1328930000000001
KXTRUMPMENTION-26JUN17C-IRAN,Mentions,"(0.9, 1.0]",-1,0.91,1.0,-0.575,0.017106250000000003,-0.59210625
KXTRUMPMENTION-26JUN17C-OIL,Mentions,"(0.7, 0.8]",-1,0.72,1.0,-0.765,0.012584250000000002,-0.77758425
KXTRUMPMENTION-26JUN17C-BIDE,Mentions,"(0.3, 0.4]",-1,0.3195,0.0,-0.16549999999999998,0.0006930000000000006,-0.16619299999999998
KXTRUMPMENTION-26JUN17C-250,Mentions,"(0.3, 0.4]",-1,0.36,0.0,-0.125,0.0006930000000000006,-0.125693
KXTRUMPENDORSEMENTS-26JUN20-A3,Politics,"(0.9, 1.0]",-1,0.97,1.0,-0.525,0.017456250000000003,-0.54245625
KXTRUMPENDORSEMENTS-26JUN20-A5,Politics,"(0.9, 1.0]",-1,0.92,1.0,-0.575,0.017106250000000003,-0.59210625
KXOBAMAMENTION-26JUN17-CONS,Mentions,"(0.4, 0.5]",-1,0.4508,0.0,0.0007999999999999119,0.0006930000000000006,0.00010699999999991131
KXOBAMAMENTION-26JUN17-NQE,Mentions,"(-0.001, 0.1]",1,0.02,0.0,-0.065,0.00425425,-0.06925425
KXOBAMAMENTION-26JUN17-SOUT,Mentions,"(0.6, 0.7]",-1,0.62,0.0,0.16999999999999993,0.009876999999999999,0.16012299999999993
KXOBAMAMENTION-26JUN17-IRAN,Mentions,"(0.5, 0.6]",-1,0.5501,0.0,0.10010000000000008,0.006305599300000006,0.09379440070000007
KXOBAMAMENTION-26JUN17-TRUM,Mentions,"(0.3, 0.4]",-1,0.39,0.0,-0.06000000000000005,0.0006930000000000006,-0.06069300000000005
KXVANCEMENTION-26JUN17B-TRUM,Mentions,"(0.8, 0.9]",-1,0.82,1.0,-0.6300000000000001,0.016317,-0.6463170000000001
KXVANCEMENTION-26JUN17B-TERR,Mentions,"(0.4, 0.5]",-1,0.4706,1.0,-0.9794,0.001412294799999997,-0.9808122948000001
KXVANCEMENTION-26JUN17B-FRAU,Mentions,"(0.3, 0.4]",-1,0.3955,0.0,-0.05449999999999999,0.0006930000000000006,-0.05519299999999999
KXVANCEMENTION-26JUN17B-NQE,Mentions,"(-0.001, 0.1]",1,0.03,0.0,-0.48,0.017472,-0.49747199999999997
KXPOLITICSMENTION-26JUN17-AFFO,Mentions,"(0.4, 0.5]",-1,0.4056,1.0,-1.0344,0.0006930000000000006,-1.035093
KXPOLITICSMENTION-26JUN17-HORM,Mentions,"(0.5, 0.6]",-1,0.575,0.0,0.135,0.008174250000000001,0.12682575000000001
KXBTCD-26JUN1712-T65299.99,Crypto,"(0.2, 0.3]",-1,0.2573,1.0,-0.7627,0.0126692097,-0.7753692097
KXINXU-26JUN17H1300-T7489.9999,Financials,"(0.9, 1.0]",-1,0.96,1.0,-0.065,0.00425425,-0.06925425
KXTRUMPMENTIONB-26JUN17-NQE,Mentions,"(-0.001, 0.1]",1,0.09,0.0,-0.52,0.017472,-0.5374720000000001
KXTRUMPMENTIONB-26JUN17-NUCL,Mentions,"(0.5, 0.6]",-1,0.54,1.0,-0.8899999999999999,0.006853000000000006,-0.8968529999999999
KXTRUMPMENTIONB-26JUN17-ISRA,Mentions,"(0.3, 0.4]",-1,0.3055,1.0,-1.1245,0.0006930000000000006,-1.125193
KXTRUMPMENTIONB-26JUN17-UKRA,Mentions,"(0.7, 0.8]",-1,0.7667,1.0,-0.6633,0.015633317700000003,-0.6789333177
KXTRUMPMENTIONB-26JUN17-AMER,Mentions,"(0.2, 0.3]",-1,0.29,0.0,-0.1399999999999999,0.0006930000000000006,-0.1406929999999999
KXTRUMPMENTIONB-26JUN17-BIBI,Mentions,"(0.3, 0.4]",-1,0.35,1.0,-1.08,0.0006930000000000006,-1.0806930000000001
KXVANCEMENTION-26JUN17-IRAN,Mentions,"(0.2, 0.3]",-1,0.29,1.0,-1.155,0.0006930000000000006,-1.155693
KXVANCEMENTION-26JUN17-NQE,Mentions,"(-0.001, 0.1]",1,0.06,0.0,-0.51,0.017493,-0.527493
KXVANCEMENTION-26JUN17-MINN,Mentions,"(0.7, 0.8]",-1,0.77,0.0,0.32499999999999996,0.01535625,0.30964374999999994
KXVANCEMENTION-26JUN17-CORR,Mentions,"(0.6, 0.7]",-1,0.6731,0.0,0.22809999999999997,0.0123249273,0.21577507269999996
KXVANCEMENTION-26JUN17-DEMO,Mentions,"(0.5, 0.6]",-1,0.5875,1.0,-0.8574999999999999,0.008553562500000004,-0.8660535625
KXVANCEMENTION-26JUN17-BORD,Mentions,"(0.3, 0.4]",-1,0.34,0.0,-0.10499999999999998,0.0006930000000000006,-0.10569299999999998
KXDOTPLOT-26JUN-3.5,Economics,"(-0.001, 0.1]",1,0.1,1.0,0.41000000000000003,0.016933000000000004,0.39306700000000006
KXDOTPLOT-26JUN-3.7,Economics,"(-0.001, 0.1]",1,0.09,1.0,0.42000000000000004,0.017052000000000005,0.40294800000000003
KXDOTPLOT-26JUN-3.0,Economics,"(0.9, 1.0]",-1,0.92,1.0,-0.57,0.017157000000000002,-0.5871569999999999
KXDOTPLOT-26JUN-3.3,Economics,"(0.8, 0.9]",-1,0.83,1.0,-0.66,0.015708,-0.675708
KXTRUMPMENTION-26JUN17D-NQE,Mentions,"(-0.001, 0.1]",1,0.1,1.0,0.655,0.015818250000000002,0.63918175
KXTRUMPMENTION-26JUN17D-OIL,Mentions,"(0.3, 0.4]",-1,0.35,0.0,-0.135,0.0006930000000000006,-0.135693
KXTRUMPMENTION-26JUN17D-BIDE,Mentions,"(0.3, 0.4]",-1,0.31,0.0,-0.17499999999999982,0.0006930000000000006,-0.17569299999999982
KXTRUMPMENTION-26JUN17D-STOC,Mentions,"(0.4, 0.5]",-1,0.4154,0.0,-0.06959999999999988,0.0006930000000000006,-0.07029299999999988
KXTRUMPMENTION-26JUN17D-HOTT,Mentions,"(0.4, 0.5]",-1,0.4121,0.0,-0.07289999999999996,0.0006930000000000006,-0.07359299999999996
KXTRUMPMENTION-26JUN17D-TRIL,Mentions,"(0.3, 0.4]",-1,0.37,0.0,-0.11499999999999999,0.0006930000000000006,-0.11569299999999999
KXTRUMPMENTION-26JUN17D-NUCL,Mentions,"(0.4, 0.5]",-1,0.49,0.0,0.0050000000000000044,0.0006930000000000006,0.0043070000000000035
KXTRUMPMENTION-26JUN17D-NEGO,Mentions,"(0.4, 0.5]",-1,0.5,0.0,0.015000000000000013,0.001034250000000001,0.013965750000000013
KXTRUMPMENTION-26JUN17D-250,Mentions,"(0.3, 0.4]",-1,0.3096,0.0,-0.1754,0.0006930000000000006,-0.176093
KXTRUMPMENTION-26JUN17D-CHAT,Mentions,"(0.3, 0.4]",-1,0.31,0.0,-0.17499999999999982,0.0006930000000000006,-0.17569299999999982
KXTRUMPMENTION-26JUN17D-MELA,Mentions,"(0.3, 0.4]",-1,0.36,0.0,-0.125,0.0006930000000000006,-0.125693
KXTRUMPMENTION-26JUN17D-SECU,Mentions,"(0.3, 0.4]",-1,0.3579,0.0,-0.1271,0.0006930000000000006,-0.127793
KXFEDDECISION-26JUN-C25,Economics,"(0.4, 0.5]",-1,0.42,0.0,-0.07500000000000018,0.0006930000000000006,-0.07569300000000018
KXFOMCDISSENTCOUNT-26JUN-0,Economics,"(-0.001, 0.1]",1,0.04,1.0,0.945,0.0036382500000000004,0.94136175
KXFEDDISSENT-26JUN-PHIL,Economics,"(-0.001, 0.1]",1,0.08,0.0,-0.11,0.0068530000000000015,-0.116853
KXFEDDISSENT-26JUN-MBAR,Economics,"(-0.001, 0.1]",1,0.08,0.0,-0.11,0.0068530000000000015,-0.116853
KXFEDDISSENT-26JUN-JOHN,Economics,"(-0.001, 0.1]",1,0.08,0.0,-0.11,0.0068530000000000015,-0.116853
KXFEDDISSENT-26JUN-JERO,Economics,"(-0.001, 0.1]",1,0.08,0.0,-0.115,0.007124250000000001,-0.12212425
KXFEDDISSENT-26JUN-LISA,Economics,"(-0.001, 0.1]",1,0.07,0.0,-0.10500000000000001,0.006578250000000002,-0.11157825000000002
KXFEDDECISION-26JUN-C26,Economics,"(-0.001, 0.1]",1,0.08,0.0,-0.575,0.017106250000000003,-0.59210625
KXFEDDISSENT-26JUN-ANNA,Economics,"(-0.001, 0.1]",1,0.08,0.0,-0.11,0.0068530000000000015,-0.116853
KXSOLD-26JUN1714-T73.9999,Crypto,"(0.2, 0.3]",-1,0.26,1.0,-0.965,0.002364250000000002,-0.9673642499999999
KXBTCD-26JUN1714-T65999.99,Crypto,"(0.2, 0.3]",-1,0.2686,1.0,-0.7364,0.0135880528,-0.7499880528
KXWCGOAL-26JUN17PORCOD-PORJNEVES87-1,Sports,"(0.1, 0.2]",1,0.1385,1.0,0.5165,0.0174809425,0.4990190575
KXWCMENTION-26JUN17PORCOD-CAPT,Mentions,"(0.8, 0.9]",-1,0.82,1.0,-0.6300000000000001,0.016317,-0.6463170000000001
KXWCMENTION-26JUN17PORCOD-MESS,Mentions,"(0.3, 0.4]",-1,0.36,1.0,-1.09,0.0006930000000000006,-1.0906930000000001
KXWCMENTION-26JUN17PORCOD-HIST,Mentions,"(0.2, 0.3]",-1,0.23,1.0,-1.22,0.0006930000000000006,-1.220693
KXWCMENTION-26JUN17PORCOD-HEAD,Mentions,"(0.9, 1.0]",-1,0.91,1.0,-0.54,0.017388,-0.557388
KXWCMENTION-26JUN17PORCOD-TRUM,Mentions,"(-0.001, 0.1]",1,0.03,1.0,0.52,0.017472,0.502528
KXWCMENTION-26JUN17PORCOD-CROS,Mentions,"(0.4, 0.5]",-1,0.431,0.0,-0.018999999999999906,0.0006930000000000006,-0.019692999999999905
KXWCMENTION-26JUN17PORCOD-VERI,Mentions,"(-0.001, 0.1]",1,0.08,0.0,-0.53,0.017437,-0.5474370000000001
KXWCMENTION-26JUN17PORCOD-NQE,Mentions,"(-0.001, 0.1]",1,0.0101,0.0,-0.4601,0.017388559300000005,-0.4774885593
KXWCSOA-26JUN17PORCOD-PORBFERNA8,Sports,"(0.5, 0.6]",-1,0.5264,0.0,0.03639999999999999,0.0024552527999999996,0.033944747199999986
KXSOL15M-26JUN171530-30,Crypto,"(0.2, 0.3]",-1,0.2671,0.0,0.2471,0.0130229113,0.2340770887
KXFEDMENTION-26JUN-NQE,Mentions,"(-0.001, 0.1]",1,0.02,0.0,-0.19999999999999998,0.011200000000000002,-0.2112
KXFEDMENTION-26JUN-PAND,Mentions,"(0.4, 0.5]",-1,0.4141,0.0,-0.0008999999999999009,0.0006930000000000006,-0.0015929999999999014
KXFEDMENTION-26JUN-TRUM,Mentions,"(0.2, 0.3]",-1,0.28,0.0,-0.135,0.0006930000000000006,-0.135693
KXFEDMENTION-26JUN-PRES,Mentions,"(0.4, 0.5]",-1,0.46,1.0,-0.9550000000000001,0.0030082499999999957,-0.9580082500000001
KXFEDMENTION-26JUN-SHOC,Mentions,"(0.5, 0.6]",-1,0.5726,1.0,-0.8424,0.0092933568,-0.8516933568
KXFEDMENTION-26JUN-DISS,Mentions,"(0.5, 0.6]",-1,0.5122,0.0,0.09719999999999995,0.006142651199999998,0.09105734879999995
KXFEDMENTION-26JUN-EGG,Mentions,"(-0.001, 0.1]",1,0.04,1.0,0.565,0.01720425,0.5477957499999999
KXFEDMENTION-26JUN-POWE,Mentions,"(0.4, 0.5]",-1,0.49,0.0,0.07499999999999996,0.004856249999999999,0.07014374999999996
KXNASDAQ100U-26JUN17H1600-T28499.99,Financials,"(0.9, 1.0]",-1,0.99,1.0,-0.030000000000000027,0.002037000000000002,-0.03203700000000003
KXNASDAQ100U-26JUN17H1600-T28799.99,Financials,"(0.9, 1.0]",-1,0.96,1.0,-0.06500000000000006,0.004254250000000004,-0.06925425000000006
KXMLBTOTAL-26JUN171305KCWSH-10,Sports,"(0.5, 0.6]",-1,0.55,0.0,0.405,0.01686825,0.38813175
KXFEDMENTION-26JUN-VOLA,Mentions,"(0.4, 0.5]",-1,0.4622,0.0,0.04719999999999991,0.0031480511999999947,0.044051948799999914
KXHOCHULMENTION-26JUN17-BILL,Mentions,"(-0.001, 0.1]",1,0.09,0.0,-0.57,0.017157000000000002,-0.5871569999999999
KXHOCHULMENTION-26JUN17-ECON,Mentions,"(0.8, 0.9]",-1,0.9,0.0,0.42000000000000004,0.017052000000000005,0.40294800000000003
KXHOCHULMENTION-26JUN17-SAFE,Mentions,"(0.4, 0.5]",-1,0.406,0.0,-0.06899999999999995,0.0006930000000000006,-0.06969299999999995
KXHOCHULMENTION-26JUN17-TRUM,Mentions,"(0.3, 0.4]",-1,0.39,0.0,-0.05499999999999994,0.0006930000000000006,-0.05569299999999994
KXHOCHULMENTION-26JUN17-CRIS,Mentions,"(0.4, 0.5]",-1,0.4944,0.0,0.014399999999999968,0.0009934847999999979,0.01340651519999997
KXMLBHIT-26JUN161915SFATL-ATLMOLSON28-2,Sports,"(0.2, 0.3]",-1,0.27,0.0,0.245,0.012948250000000001,0.23205175
KXMLBHIT-26JUN161915SFATL-SFMCHAPMAN26-2,Sports,"(0.1, 0.2]",1,0.2,0.0,-0.27,0.013797000000000002,-0.283797
KXCS2GAME-26JUN171300ILLKOL-ILL,Sports,"(0.5, 0.6]",-1,0.54,0.0,0.050000000000000044,0.0033250000000000033,0.04667500000000004
KXMLBTB-26JUN171305MIAPHI-MIAKSTOWERS28-4,Sports,"(0.2, 0.3]",-1,0.27,1.0,-0.87,0.007917,-0.877917
KXMLBHR-26JUN171410DETHOU-DETDDINGLER13-1,Sports,"(0.1, 0.2]",1,0.19,0.0,-0.29000000000000004,0.014413000000000004,-0.30441300000000004
KXMLBKS-26JUN171410DETHOU-DETCMIZE12-6,Sports,"(0.2, 0.3]",-1,0.29,0.0,-0.19999999999999996,0.0006930000000000006,-0.20069299999999995
KXMLBHRR-26JUN161915SFATL-ATLOALBIES1-2,Sports,"(0.5, 0.6]",-1,0.57,0.0,0.47,0.017437,0.452563
KXWCSCORE-26JUN17ENGCRO-ENG2CRO1,Sports,"(0.1, 0.2]",1,0.11,0.0,-0.58,0.017052000000000005,-0.5970519999999999
KXMLBHIT-26JUN171410DETHOU-DETHLEE50-1,Sports,"(0.5, 0.6]",-1,0.57,0.0,0.07499999999999996,0.004856249999999999,0.07014374999999996
KXHEARINGMENTION-26JUN17C-FRAU,Mentions,"(0.9, 1.0]",-1,0.91,1.0,-0.575,0.017106250000000003,-0.59210625
KXHEARINGMENTION-26JUN17C-CCP,Mentions,"(0.9, 1.0]",-1,0.91,1.0,-0.575,0.017106250000000003,-0.59210625
KXCBDECISIONBRAZIL-26JUN17-C50P,Economics,"(-0.001, 0.1]",1,0.1,0.0,-0.59,0.016933000000000004,-0.606933
KXMLBHR-26JUN171510TBLAD-LADAFREELAND76-1,Sports,"(0.1, 0.2]",1,0.11,0.0,-0.16999999999999998,0.009877000000000002,-0.17987699999999998
KXWCMENTION-26JUN17ENGCRO-GOLD,Mentions,"(0.2, 0.3]",-1,0.22,0.0,-0.22999999999999998,0.0006930000000000006,-0.23069299999999998
KXWCMENTION-26JUN17ENGCRO-NUTM,Mentions,"(0.4, 0.5]",-1,0.4848,0.0,0.03479999999999994,0.0023512271999999966,0.03244877279999994
KXWCMENTION-26JUN17ENGCRO-QATA,Mentions,"(0.7, 0.8]",-1,0.76,1.0,-0.69,0.014973000000000004,-0.704973
KXWCMENTION-26JUN17ENGCRO-HEAD,Mentions,"(0.9, 1.0]",-1,0.91,1.0,-0.54,0.017388,-0.557388
KXMLBHRR-26JUN171510TBLAD-TBYDIAZ2-1,Sports,"(0.7, 0.8]",-1,0.74,1.0,-0.755,0.012948250000000001,-0.76794825
KXWCMENTION-26JUN17ENGCRO-ATTS,Mentions,"(-0.001, 0.1]",1,0.07,0.0,-0.52,0.017472,-0.5374720000000001
KXWCMENTION-26JUN17ENGCRO-CHAM,Mentions,"(0.7, 0.8]",-1,0.71,0.0,0.26,0.013468000000000003,0.246532
KXWNBASPREAD-26JUN17WSHCONN-WSH4,Sports,"(0.5, 0.6]",-1,0.55,1.0,-0.59,0.016933000000000004,-0.606933
KXWCMENTION-26JUN17GHAPAN-CAPT,Mentions,"(0.4, 0.5]",-1,0.44,1.0,-1.0,0.0006930000000000006,-1.000693
KXWCMENTION-26JUN17GHAPAN-COME,Mentions,"(0.8, 0.9]",-1,0.9,1.0,-0.54,0.017388,-0.557388
KXWCMENTION-26JUN17GHAPAN-HATT,Mentions,"(0.3, 0.4]",-1,0.35,0.0,-0.09000000000000008,0.0006930000000000006,-0.09069300000000008
KXWCMENTION-26JUN17GHAPAN-ADID,Mentions,"(-0.001, 0.1]",1,0.08,0.0,-0.52,0.017472,-0.5374720000000001
KXMLBGAME-26JUN171845TORBOS-TOR,Sports,"(0.5, 0.6]",-1,0.53,1.0,-0.75,0.013125000000000001,-0.763125
KXMLBHIT-26JUN171845TORBOS-TORAKIRK30-2,Sports,"(0.2, 0.3]",-1,0.25,0.0,0.22999999999999998,0.012397,0.217603
KXWNBAPTS-26JUN17NYCHI-NYSIONESCU20-20,Sports,"(0.2, 0.3]",-1,0.25,0.0,-0.2450000000000001,0.0006930000000000006,-0.2456930000000001
KXMLBHR-26JUN171905CWSNYY-NYYCBELLINGER35-1,Sports,"(0.1, 0.2]",1,0.1466,1.0,0.7834,0.0118779108,0.7715220892
KXGOVERNORMENTION-26JUN17C-AI,Mentions,"(0.6, 0.7]",-1,0.6624,0.0,0.21239999999999992,0.011710036799999997,0.20068996319999993
KXGOVERNORMENTION-26JUN17C-DATA,Mentions,"(0.5, 0.6]",-1,0.5206,1.0,-0.9294,0.0045930948,-0.9339930948
KXGOVERNORMENTION-26JUN17C-OIL,Mentions,"(0.5, 0.6]",-1,0.5449,1.0,-0.9051,0.0060125793,-0.9111125793
KXWCMENTION-26JUN17GHAPAN-HEAD,Mentions,"(0.8, 0.9]",-1,0.9,0.0,0.45999999999999996,0.017388,0.44261199999999995
KXMLBHR-26JUN172005COLCHC-COLCCARRIGG16-1,Sports,"(0.1, 0.2]",1,0.13,0.0,-0.195,0.010988250000000001,-0.20598825
KXMLBHR-26JUN172005COLCHC-CHCSSUZUKI27-1,Sports,"(0.2, 0.3]",-1,0.23,0.0,0.21999999999999997,0.012012,0.20798799999999998
KXETHD-26JUN1723-T1759.99,Crypto,"(0.2, 0.3]",-1,0.2791,0.0,0.11409999999999998,0.007075683299999999,0.10702431669999998
KXAAAGASD-26JUN18-4.040,Economics,"(-0.001, 0.1]",1,0.01,0.0,-0.505,0.017498250000000003,-0.52249825
KXAAAGASD-26JUN18-4.030,Economics,"(-0.001, 0.1]",1,0.0117,0.0,-0.5067,0.017496857700000003,-0.5241968577
KXAAAGASD-26JUN18-4.000,Economics,"(0.9, 1.0]",-1,0.91,0.0,0.41500000000000004,0.016994250000000002,0.39800575000000005
KXAAAGASD-26JUN18-3.970,Economics,"(0.9, 1.0]",-1,0.9728,1.0,-0.5222,0.0174655012,-0.5396655012
KXAAAGASD-26JUN18-3.975,Economics,"(0.9, 1.0]",-1,0.9576,1.0,-0.5374,0.017402086800000004,-0.5548020868
KXAAAGASD-26JUN18-3.980,Economics,"(0.9, 1.0]",-1,0.9552,1.0,-0.5398,0.017389117200000002,-0.5571891172
KXAAAGASD-26JUN18-3.985,Economics,"(0.9, 1.0]",-1,0.95,1.0,-0.545,0.01735825,-0.5623582500000001
KXAAAGASD-26JUN18-3.990,Economics,"(0.4, 0.5]",-1,0.5,1.0,-0.995,0.0006930000000000006,-0.995693
KXWNBASPREAD-26JUN17DALGS-GS2,Sports,"(0.5, 0.6]",-1,0.54,1.0,-0.95,0.0033250000000000033,-0.953325
KXWCMENTION-26JUN17UZBCOL-COME,Mentions,"(0.8, 0.9]",-1,0.9,1.0,-0.54,0.017388,-0.557388
KXWCMENTION-26JUN17UZBCOL-TRUM,Mentions,"(-0.001, 0.1]",1,0.07,0.0,-0.51,0.017493,-0.527493
KXWCMENTION-26JUN17UZBCOL-QATA,Mentions,"(0.5, 0.6]",-1,0.5429,0.0,0.10289999999999999,0.0064618113,0.0964381887
KXWNBAPTS-26JUN17DALGS-DALJSHEPARD32-15,Sports,"(0.2, 0.3]",-1,0.28,0.0,-0.20999999999999996,0.0006930000000000006,-0.21069299999999996
KXBTCD-26JUN1801-T64399.99,Crypto,"(0.2, 0.3]",-1,0.212,0.0,0.20199999999999996,0.011283719999999999,0.19071627999999996
KXLATENIGHTMENTION-26JUN17-MESS,Mentions,"(0.7, 0.8]",-1,0.76,0.0,0.31000000000000005,0.014973000000000004,0.29502700000000004
KXLATENIGHTMENTION-26JUN17-AI,Mentions,"(0.7, 0.8]",-1,0.79,0.0,0.3400000000000001,0.015708000000000003,0.3242920000000001
KXLATENIGHTMENTION-26JUN17-MADR,Mentions,"(-0.001, 0.1]",1,0.04,1.0,0.51,0.017493,0.49250700000000003
KXLATENIGHTMENTION-26JUN17-ZLAT,Mentions,"(0.7, 0.8]",-1,0.7167,0.0,0.26669999999999994,0.0136899777,0.2530100222999999
KXLATENIGHTMENTION-26JUN17-BECK,Mentions,"(0.7, 0.8]",-1,0.76,0.0,0.31000000000000005,0.014973000000000004,0.29502700000000004
KXJOBLESSCLAIMS-26JUN18-235000,Economics,"(-0.001, 0.1]",1,0.02,0.0,-0.255,0.013298250000000001,-0.26829825
KXJOBLESSCLAIMS-26JUN18-245000,Economics,"(-0.001, 0.1]",1,0.02,0.0,-0.5,0.0175,-0.5175
KXLASTWORDMENTION-26JUN17-NQE,Mentions,"(-0.001, 0.1]",1,0.0279,1.0,0.5321,0.0174278713,0.5146721287
KXLASTWORDMENTION-26JUN17-TRUM,Mentions,"(0.8, 0.9]",-1,0.84,0.0,0.3999999999999999,0.0168,0.38319999999999993
KXLASTWORDMENTION-26JUN17-FRAU,Mentions,"(0.2, 0.3]",-1,0.26,0.0,-0.17999999999999994,0.0006930000000000006,-0.18069299999999994
KXLASTWORDMENTION-26JUN17-IRAN,Mentions,"(0.8, 0.9]",-1,0.81,0.0,0.3700000000000001,0.016317,0.3536830000000001
KXPSAKIMENTION-26JUN17-IRAN,Mentions,"(0.7, 0.8]",-1,0.75,1.0,-0.7,0.014700000000000003,-0.7147
KXPSAKIMENTION-26JUN17-REPU,Mentions,"(0.7, 0.8]",-1,0.75,1.0,-0.7,0.014700000000000003,-0.7147
KXPSAKIMENTION-26JUN17-NQE,Mentions,"(-0.001, 0.1]",1,0.0245,0.0,-0.47450000000000003,0.017454482500000004,-0.4919544825
KXPSAKIMENTION-26JUN17-BIDE,Mentions,"(0.3, 0.4]",-1,0.35,0.0,-0.10000000000000009,0.0006930000000000006,-0.10069300000000009
KXLATENIGHTMENTION-26JUN17-TIE,Mentions,"(0.5, 0.6]",-1,0.53,1.0,-0.9199999999999999,0.005152000000000005,-0.925152
KXLATENIGHTMENTION-26JUN17-RED,Mentions,"(-0.001, 0.1]",1,0.04,0.0,-0.49,0.017493,-0.507493
KXTRUMPSAY-26JUN22-BARA,Mentions,"(0.9, 1.0]",-1,0.91,1.0,-0.18499999999999994,0.01055425,-0.19555424999999993
KXTRUMPSAY-26JUN22-TRAN,Mentions,"(0.9, 1.0]",-1,0.91,1.0,-0.5299999999999999,0.017437000000000005,-0.547437
KXTRUMPSAY-26JUN22-HOTT,Mentions,"(0.9, 1.0]",-1,0.91,1.0,-0.16999999999999993,0.009876999999999997,-0.17987699999999993
KXTRUMPSAY-26JUN22-MUTI,Mentions,"(0.9, 1.0]",-1,0.91,1.0,-0.5349999999999999,0.017414250000000003,-0.5524142499999999
KXTRUMPSAY-26JUN22-BALL,Mentions,"(0.9, 1.0]",-1,0.91,1.0,-0.51,0.017493,-0.527493
KXINXU-26JUN18H1000-T7419.9999,Financials,"(0.9, 1.0]",-1,0.94,1.0,-0.08500000000000008,0.005444250000000005,-0.09044425000000009
KXINXU-26JUN18H1100-T7424.9999,Financials,"(0.9, 1.0]",-1,0.98,1.0,-0.044999999999999984,0.003008249999999999,-0.04800824999999998
KXINXU-26JUN18H1100-T7439.9999,Financials,"(0.9, 1.0]",-1,0.93,1.0,-0.09499999999999992,0.006018249999999995,-0.1010182499999999
KXINXU-26JUN18H1100-T7444.9999,Financials,"(0.9, 1.0]",-1,0.9023,1.0,-0.12270000000000003,0.007535129700000002,-0.13023512970000004
KXPOLITICSMENTION-26JUN18-NUCL,Mentions,"(0.8, 0.9]",-1,0.8429,1.0,-0.6071,0.0166970713,-0.6237970713
KXPOLITICSMENTION-26JUN18-UKRA,Mentions,"(0.8, 0.9]",-1,0.83,1.0,-0.6200000000000001,0.016492,-0.6364920000000001
KXPOLITICSMENTION-26JUN18-CHIN,Mentions,"(0.7, 0.8]",-1,0.77,0.0,0.32000000000000006,0.015232000000000004,0.30476800000000004
KXPOLITICSMENTION-26JUN18-WORL,Mentions,"(0.2, 0.3]",-1,0.21,0.0,-0.24,0.0006930000000000006,-0.240693
KXPRESSBRIEFINGCOUNT-26JUN-A2,Politics,"(0.9, 1.0]",-1,0.93,1.0,-0.10499999999999998,0.00657825,-0.11157824999999998
KXVANCEMENTION-26JUN18-CEAS,Mentions,"(0.7, 0.8]",-1,0.7037,1.0,-0.7813,0.011960921700000002,-0.7932609217
KXVANCEMENTION-26JUN18-300,Mentions,"(0.7, 0.8]",-1,0.77,1.0,-0.715,0.014264250000000003,-0.72926425
KXINXU-26JUN18H1300-T7429.9999,Financials,"(0.9, 1.0]",-1,0.99,1.0,-0.020000000000000018,0.0013720000000000013,-0.02137200000000002
KXINXU-26JUN18H1300-T7434.9999,Financials,"(0.9, 1.0]",-1,0.99,1.0,-0.020000000000000018,0.0013720000000000013,-0.02137200000000002
KXEARNINGSMENTIONKR-26JUN18-DEFL,Mentions,"(0.2, 0.3]",-1,0.25,1.0,-1.195,0.0006930000000000006,-1.1956930000000001
KXWCGOAL-26JUN18CZERSA-CZEVDARID8-1,Sports,"(0.1, 0.2]",1,0.16,0.0,-0.26,0.013468,-0.273468
KXEARNINGSMENTIONKR-26JUN18-250,Mentions,"(0.2, 0.3]",-1,0.29,0.0,-0.15500000000000003,0.0006930000000000006,-0.15569300000000003
KXFEDREFORM-27-FGUI,Economics,"(0.4, 0.5]",-1,0.5,1.0,-0.55,0.017325,-0.5673250000000001
KXATHLETEMENTION-26JUN18-MAYO,Mentions,"(0.7, 0.8]",-1,0.7424,1.0,-0.7076,0.0144831568,-0.7220831568
KXMAMDANIMENTION-26JUN18B-WORL,Mentions,"(0.2, 0.3]",-1,0.26,0.0,-0.07000000000000006,0.0006930000000000006,-0.07069300000000006
KXWCSOA-26JUN18CZERSA-RSAOAPPOL7,Sports,"(0.2, 0.3]",-1,0.26,0.0,0.14,0.008428000000000001,0.13157200000000002
KXWCMENTION-26JUN18CZERSA-ADID,Mentions,"(-0.001, 0.1]",1,0.0738,0.0,-0.5588,0.0172579792,-0.5760579792
KXWCMENTION-26JUN18CZERSA-VISA,Mentions,"(0.9, 1.0]",-1,0.91,1.0,-0.54,0.017388,-0.557388
KXWCMENTION-26JUN18CZERSA-MBST,Mentions,"(-0.001, 0.1]",1,0.0301,0.0,-0.5151,0.017484039300000004,-0.5325840393
KXINXU-26JUN18H1500-T7479.9999,Financials,"(0.9, 1.0]",-1,0.91,1.0,-0.09999999999999998,0.006299999999999999,-0.10629999999999998
KXINXU-26JUN18H1500-T7459.9999,Financials,"(0.9, 1.0]",-1,0.99,1.0,-0.020000000000000018,0.0013720000000000013,-0.02137200000000002
KXINXU-26JUN18H1500-T7424.9999,Financials,"(0.9, 1.0]",-1,0.99,1.0,-0.020000000000000018,0.0013720000000000013,-0.02137200000000002
KXINXU-26JUN18H1500-T7439.9999,Financials,"(0.9, 1.0]",-1,0.99,1.0,-0.020000000000000018,0.0013720000000000013,-0.02137200000000002
KXINXU-26JUN18H1500-T7429.9999,Financials,"(0.9, 1.0]",-1,0.99,1.0,-0.020000000000000018,0.0013720000000000013,-0.02137200000000002
KXMAMDANIMENTION-26JUN18B-KNIC,Mentions,"(0.8, 0.9]",-1,0.81,0.0,0.3600000000000001,0.016128000000000003,0.34387200000000007
KXWCMENTION-26JUN18CZERSA-QATA,Mentions,"(0.7, 0.8]",-1,0.7032,0.0,0.2532000000000001,0.013236283200000004,0.2399637168000001
KXINXU-26JUN18H1600-T7274.9999,Financials,"(0.9, 1.0]",-1,0.99,1.0,-0.41000000000000003,0.016933,-0.426933
KXMLBTOTAL-26JUN181335TORBOS-9,Sports,"(0.5, 0.6]",-1,0.51,0.0,0.020000000000000018,0.0013720000000000015,0.018628000000000016
KXOBAMAMENTION-26JUN18C-NQE,Mentions,"(-0.001, 0.1]",1,0.0667,0.0,-0.5167,0.0174804777,-0.5341804777000001
KXOBAMAMENTION-26JUN18-CHIC,Mentions,"(0.8, 0.9]",-1,0.8477,1.0,-0.6023000000000001,0.016767429700000003,-0.6190674297000001
KXOBAMAMENTION-26JUN18-SOUT,Mentions,"(0.8, 0.9]",-1,0.85,1.0,-0.6000000000000001,0.0168,-0.6168000000000001
KXMLBHR-26JUN181335TORBOS-BOSWABREU52-1,Sports,"(0.1, 0.2]",1,0.1875,0.0,-0.27749999999999997,0.014034562500000002,-0.2915345625
KXMLBHIT-26JUN181335TORBOS-TORAGIMNEZ0-1,Sports,"(0.5, 0.6]",-1,0.6,0.0,0.11499999999999999,0.00712425,0.10787574999999999
KXWCGAME-26JUN18SUIBIH-BIH,Sports,"(0.1, 0.2]",1,0.1642,0.0,-0.5442,0.017363245200000002,-0.5615632452
KXWCMENTION-26JUN18SUIBIH-NQE,Mentions,"(-0.001, 0.1]",1,0.01,0.0,-0.46,0.017388000000000004,-0.47738800000000003
KXWCMENTION-26JUN18SUIBIH-SOFI,Mentions,"(-0.001, 0.1]",1,0.032,0.0,-0.482,0.01747732,-0.49947732
KXTRUMPMENTION-26JUN18-HERO,Mentions,"(0.9, 1.0]",-1,0.98,1.0,-0.505,0.017498250000000003,-0.52249825
KXTRUMPMENTION-26JUN18-ISRA,Mentions,"(0.3, 0.4]",-1,0.35,0.0,-0.135,0.0006930000000000006,-0.135693
KXTRUMPMENTION-26JUN18-DUMB,Mentions,"(0.2, 0.3]",-1,0.23,0.0,-0.2549999999999999,0.0006930000000000006,-0.2556929999999999
KXTRUMPMENTION-26JUN18-B52,Mentions,"(0.3, 0.4]",-1,0.4,0.0,-0.08499999999999996,0.0006930000000000006,-0.08569299999999996
KXTRUMPMENTION-26JUN18-REFL,Mentions,"(0.3, 0.4]",-1,0.33,0.0,-0.1549999999999998,0.0006930000000000006,-0.1556929999999998
KXTRUMPMENTION-26JUN18-HORM,Mentions,"(0.8, 0.9]",-1,0.84,0.0,0.355,0.01602825,0.33897174999999996
KXTRUMPMENTION-26JUN18-ELEC,Mentions,"(0.3, 0.4]",-1,0.378,0.0,-0.10699999999999998,0.0006930000000000006,-0.10769299999999998
KXTRUMPMENTION-26JUN18-WORLC,Mentions,"(-0.001, 0.1]",1,0.085,0.0,-0.57,0.017157000000000002,-0.5871569999999999
KXTRUMPMENTION-26JUN18-NUCL,Mentions,"(0.8, 0.9]",-1,0.82,0.0,0.33499999999999996,0.01559425,0.31940575
KXTRUMPMENTION-26JUN18-PEAC,Mentions,"(0.8, 0.9]",-1,0.84,0.0,0.355,0.01602825,0.33897174999999996
KXWCMENTION-26JUN18SUIBIH-ASSI,Mentions,"(0.3, 0.4]",-1,0.3581,0.0,-0.09190000000000009,0.0006930000000000006,-0.09259300000000009
KXTRUMPMENTION-26JUN18-SACR,Mentions,"(0.8, 0.9]",-1,0.82,0.0,0.33499999999999996,0.01559425,0.31940575
KXMLBTEAMTOTAL-26JUN181435MINTEX-MIN4,Sports,"(0.5, 0.6]",-1,0.6,1.0,-0.895,0.00657825,-0.90157825
KXMLBHR-26JUN181610BALSEA-BALSBASALLO29-1,Sports,"(0.1, 0.2]",1,0.16,0.0,-0.25,0.013125000000000001,-0.263125
KXMLBHIT-26JUN181610BALSEA-BALJHOLLIDAY7-1,Sports,"(0.5, 0.6]",-1,0.54,1.0,-0.94,0.003948000000000004,-0.9439479999999999
KXMLBTB-26JUN181610BALSEA-SEADCANZONE8-3,Sports,"(0.2, 0.3]",-1,0.27,0.0,0.125,0.007656250000000001,0.11734375
KXBERNIEMENTION-26JUN18-SOCI,Mentions,"(0.4, 0.5]",-1,0.4267,1.0,-1.0232999999999999,0.0006930000000000006,-1.023993
KXBERNIEMENTION-26JUN18-ZILL,Mentions,"(0.3, 0.4]",-1,0.371,0.0,-0.07899999999999996,0.0006930000000000006,-0.07969299999999996
KXBERNIEMENTION-26JUN18-ROBO,Mentions,"(0.7, 0.8]",-1,0.75,1.0,-0.7,0.014700000000000003,-0.7147
KXBERNIEMENTION-26JUN18-OIL,Mentions,"(0.4, 0.5]",-1,0.4928,1.0,-0.9572,0.002867771199999997,-0.9600677712000001
KXBTCD-26JUN1821-T62999.99,Crypto,"(0.2, 0.3]",-1,0.2557,0.0,0.25070000000000003,0.013149465700000003,0.23755053430000003
KXALLINMENTION-26JUN18-KNIC,Mentions,"(0.8, 0.9]",-1,0.8683,1.0,-0.5717000000000001,0.017140137700000002,-0.5888401377000001
KXALLINMENTION-26JUN18-BILL,Mentions,"(0.2, 0.3]",-1,0.27,0.0,-0.16999999999999993,0.0006930000000000006,-0.17069299999999993
KXALLINMENTION-26JUN18-SAFE,Mentions,"(0.6, 0.7]",-1,0.616,0.0,0.17599999999999993,0.010151679999999998,0.16584831999999994
KXBERNIEMENTION-26JUN18-ENDO,Mentions,"(0.3, 0.4]",-1,0.3983,0.0,-0.05170000000000008,0.0006930000000000006,-0.05239300000000008
KXWCMENTION-26JUN18CANQAT-VISA,Mentions,"(0.8, 0.9]",-1,0.84,1.0,-0.6100000000000001,0.016652999999999998,-0.6266530000000001
KXWCMENTION-26JUN18CANQAT-COME,Mentions,"(0.8, 0.9]",-1,0.8194,1.0,-0.6306,0.0163060548,-0.6469060548000001
KXWCMENTION-26JUN18CANQAT-PENA,Mentions,"(0.4, 0.5]",-1,0.4743,0.0,0.02429999999999999,0.0016596656999999994,0.022640334299999988
KXWCMENTION-26JUN18CANQAT-SHUT,Mentions,"(0.3, 0.4]",-1,0.3885,0.0,-0.06149999999999989,0.0006930000000000006,-0.06219299999999989
KXWCMENTION-26JUN18CANQAT-VERI,Mentions,"(-0.001, 0.1]",1,0.0738,0.0,-0.5238,0.0174603492,-0.5412603492
KXWCMENTION-26JUN18CANQAT-ASSI,Mentions,"(0.3, 0.4]",-1,0.37,0.0,-0.08000000000000007,0.0006930000000000006,-0.08069300000000007
KXALLINMENTION-26JUN18-TRUM,Mentions,"(0.3, 0.4]",-1,0.329,0.0,-0.11099999999999999,0.0006930000000000006,-0.11169299999999999
KXMLBTEAMTOTAL-26JUN181905CWSNYY-NYY5,Sports,"(0.5, 0.6]",-1,0.5605,0.0,0.0655,0.0042846825,0.061215317500000005
KXMLBHR-26JUN181905CWSNYY-NYYBRICE22-1,Sports,"(0.2, 0.3]",-1,0.29,0.0,0.14500000000000002,0.008678250000000002,0.13632175000000002
KXPSAKIMENTION-26JUN18-OBAM,Mentions,"(0.8, 0.9]",-1,0.85,1.0,-0.6000000000000001,0.0168,-0.6168000000000001
KXPSAKIMENTION-26JUN18-TRUM,Mentions,"(0.6, 0.7]",-1,0.67,1.0,-0.78,0.012012,-0.792012
KXPSAKIMENTION-26JUN18-BALL,Mentions,"(0.2, 0.3]",-1,0.2246,0.0,-0.22540000000000004,0.0006930000000000006,-0.22609300000000004
KXWNBAPTS-26JUN18ATLIND-ATLAREESE5-20,Sports,"(0.2, 0.3]",-1,0.21,1.0,-1.275,0.0006930000000000006,-1.275693
KXMLBHRR-26JUN181905CWSNYY-NYYBRICE22-1,Sports,"(0.7, 0.8]",-1,0.79,1.0,-0.635,0.016224250000000003,-0.6512242500000001
KXWCSOA-26JUN18MEXKOR-KORSYOUNG66,Sports,"(0.1, 0.2]",1,0.18,0.0,-0.27,0.013797000000000002,-0.283797
KXLOVEISLMENTION-26JUN18-DRAM,Mentions,"(0.8, 0.9]",-1,0.87,1.0,-0.615,0.016574250000000002,-0.63157425
KXLOVEISLMENTION-26JUN18-HIDE,Mentions,"(0.3, 0.4]",-1,0.34,0.0,-0.14500000000000002,0.0006930000000000006,-0.14569300000000002
KXLOVEISLMENTION-26JUN18-FIRE,Mentions,"(0.8, 0.9]",-1,0.87,0.0,0.385,0.016574250000000002,0.36842575
KXMLBHR-26JUN181940STLKC-KCBWITT7-1,Sports,"(0.1, 0.2]",1,0.19,1.0,0.32000000000000006,0.015232000000000004,0.30476800000000004
KXLASTWORDMENTION-26JUN18-REPU,Mentions,"(0.8, 0.9]",-1,0.84,1.0,-0.6100000000000001,0.016652999999999998,-0.6266530000000001
KXLASTWORDMENTION-26JUN18-ICE,Mentions,"(-0.001, 0.1]",1,0.0396,0.0,-0.48960000000000004,0.0174924288,-0.5070924288
KXLASTWORDMENTION-26JUN18-BILL,Mentions,"(0.7, 0.8]",-1,0.78,1.0,-0.6699999999999999,0.015477000000000003,-0.6854769999999999
KXWCMENTION-26JUN18MEXKOR-RECO,Mentions,"(0.3, 0.4]",-1,0.3442,0.0,-0.1057999999999999,0.0006930000000000006,-0.1064929999999999
KXWCMENTION-26JUN18MEXKOR-RONA,Mentions,"(-0.001, 0.1]",1,0.03,1.0,0.52,0.017472,0.502528
KXWCMENTION-26JUN18MEXKOR-VISA,Mentions,"(0.9, 1.0]",-1,0.9108,1.0,-0.5391999999999999,0.017392435200000004,-0.5565924351999999
KXWCMENTION-26JUN18MEXKOR-REDC,Mentions,"(0.8, 0.9]",-1,0.8474,0.0,0.3974,0.0167631268,0.38063687319999995
KXWCMENTION-26JUN18MEXKOR-NQE,Mentions,"(-0.001, 0.1]",1,0.01,0.0,-0.46,0.017388000000000004,-0.47738800000000003
KXAAAGASD-26JUN19-3.9450,Economics,"(0.9, 1.0]",-1,0.99,1.0,-0.03500000000000003,0.002364250000000002,-0.037364250000000036
KXAAAGASD-26JUN19-3.9550,Economics,"(0.9, 1.0]",-1,0.99,1.0,-0.03500000000000003,0.002364250000000002,-0.037364250000000036
KXAAAGASD-26JUN19-3.9600,Economics,"(0.9, 1.0]",-1,0.94,1.0,-0.09000000000000008,0.0057330000000000055,-0.09573300000000008
KXAAAGASD-26JUN19-3.9650,Economics,"(0.9, 1.0]",-1,0.98,1.0,-0.06,0.003948,-0.063948
KXAAAGASD-26JUN19-3.9700,Economics,"(0.8, 0.9]",-1,0.9,1.0,-0.14,0.008428000000000001,-0.148428
KXAAAGASD-26JUN19-3.9500,Economics,"(0.9, 1.0]",-1,0.99,1.0,-0.03500000000000003,0.002364250000000002,-0.037364250000000036
KXAAAGASD-26JUN19-3.9400,Economics,"(0.9, 1.0]",-1,0.99,1.0,-0.03500000000000003,0.002364250000000002,-0.037364250000000036
KXAAAGASD-26JUN19-3.9950,Economics,"(-0.001, 0.1]",1,0.05,0.0,-0.085,0.005444250000000001,-0.09044425
KXAAAGASD-26JUN19-4.0000,Economics,"(-0.001, 0.1]",1,0.07,0.0,-0.11000000000000001,0.0068530000000000015,-0.11685300000000001
KXCLAYTONCONF-26JUN11-JUN19,Politics,"(0.8, 0.9]",-1,0.87,0.0,0.865,0.008174250000000001,0.8568257499999999
KXMLBHR-26JUN182140LAAATH-LAAOPERAZA17-1,Sports,"(0.2, 0.3]",-1,0.2469,0.0,0.15690000000000004,0.009259767300000003,0.14764023270000004
KXMLBHRR-26JUN182140LAAATH-LAAJADELL7-2,Sports,"(0.5, 0.6]",-1,0.57,0.0,0.2649999999999999,0.013634249999999997,0.2513657499999999
KXUKRETAIL-26JUN19-T-2.0,Economics,"(0.8, 0.9]",-1,0.85,1.0,-0.51,0.017493,-0.527493
KXBTCD-26JUN1903-T62799.99,Crypto,"(0.2, 0.3]",-1,0.254,1.0,-0.751,0.013089930000000001,-0.76408993
KXCBDECISIONRUSSIA-26JUN19-C25,Economics,"(-0.001, 0.1]",1,0.01,1.0,0.52,0.017472,0.502528
KXCBDECISIONRUSSIA-26JUN19-C50,Economics,"(-0.001, 0.1]",1,0.01,0.0,-0.49,0.017493,-0.507493
KXCBDECISIONRUSSIA-26JUN19-H50,Economics,"(-0.001, 0.1]",1,0.01,0.0,-0.45,0.017325000000000007,-0.467325
KXCBDECISIONRUSSIA-26JUN19-H50P,Economics,"(-0.001, 0.1]",1,0.01,0.0,-0.45,0.017325000000000007,-0.467325
KXCBDECISIONRUSSIA-26JUN19-HOLD,Economics,"(-0.001, 0.1]",1,0.01,0.0,-0.48,0.017472,-0.49747199999999997
KXBTCD-26JUN1908-T62599.99,Crypto,"(0.2, 0.3]",-1,0.2482,0.0,0.24319999999999997,0.0128837632,0.23031623679999996
KXNPBGAME-26JUN190515HANYOK-YOK,Sports,"(0.7, 0.8]",-1,0.76,0.0,0.27,0.013797000000000002,0.256203
KXGABBARDOUT-26JUN-JUN29,Politics,"(0.9, 1.0]",-1,0.99,1.0,-0.48,0.017472,-0.49747199999999997
KXPGAR1TOP10-USO26-BCAU,Sports,"(0.7, 0.8]",-1,0.75,0.0,0.375,0.01640625,0.35859375
KXHEARINGMENTION-26JUN17B-TULS,Mentions,"(0.3, 0.4]",-1,0.35,0.0,-0.05499999999999994,0.0006930000000000006,-0.05569299999999994
KXHEARINGMENTION-26JUN17B-CHIN,Mentions,"(0.8, 0.9]",-1,0.8424,0.0,0.4374,0.0172256868,0.4201743132
KXHEARINGMENTION-26JUN17B-FBI,Mentions,"(0.8, 0.9]",-1,0.8022,0.0,0.3972,0.016760251200000003,0.3804397488
KXHEARINGMENTION-26JUN17B-FRAU,Mentions,"(-0.001, 0.1]",1,0.07,0.0,-0.475,0.017456250000000003,-0.49245625
KXHEARINGMENTION-26JUN17B-RUSS,Mentions,"(-0.001, 0.1]",1,0.07,0.0,-0.475,0.017456250000000003,-0.49245625
KXWCMENTION-26JUN18MEXKOR-SOCC,Mentions,"(0.8, 0.9]",-1,0.84,0.0,0.3899999999999999,0.016652999999999998,0.37334699999999993
KXLASTWORDMENTION-26JUN18-ISRA,Mentions,"(0.3, 0.4]",-1,0.38,0.0,-0.07000000000000006,0.0006930000000000006,-0.07069300000000006
KXLASTWORDMENTION-26JUN18-JESU,Mentions,"(0.7, 0.8]",-1,0.74,0.0,0.29000000000000004,0.014413000000000002,0.275587
KXLASTWORDMENTION-26JUN18-HEAL,Mentions,"(0.6, 0.7]",-1,0.6133,0.0,0.1633,0.0095643177,0.1537356823
KXPSAKIMENTION-26JUN18-AFFO,Mentions,"(0.3, 0.4]",-1,0.3971,0.0,-0.05289999999999995,0.0006930000000000006,-0.053592999999999946
KXPSAKIMENTION-26JUN18-2028,Mentions,"(0.3, 0.4]",-1,0.34,0.0,-0.10999999999999988,0.0006930000000000006,-0.11069299999999987
KXLOVEISLMENTION-26JUN18-MESS,Mentions,"(0.8, 0.9]",-1,0.818,0.0,0.3679999999999999,0.01628032,0.35171967999999987
KXWTAMATCH-26JUN19SVIEAL-SVI,Sports,"(0.9, 1.0]",-1,0.93,0.0,0.505,0.01749825,0.48750175
KXDOTA2GAME-26JUN191200AMAPLAT-AMA,Sports,"(0.1, 0.2]",1,0.13,0.0,-0.59,0.016933000000000004,-0.606933
KXBTC-26JUN1915-B63150,Crypto,"(0.2, 0.3]",-1,0.2264,0.0,0.12139999999999995,0.0074663427999999985,0.11393365719999995
KXTRUMPMENTIONB-26JUN20-NQE,Mentions,"(-0.001, 0.1]",1,0.06,0.0,-0.49,0.017493,-0.507493
KXTRUMPMENTIONB-26JUN20-OIL,Mentions,"(0.8, 0.9]",-1,0.89,1.0,-0.54,0.017388,-0.557388
KXTRUMPMENTIONB-26JUN20-ISRA,Mentions,"(0.8, 0.9]",-1,0.85,1.0,-0.5800000000000001,0.017052,-0.597052
KXBTC-26JUN1916-B62850,Crypto,"(0.2, 0.3]",-1,0.2496,0.0,0.12460000000000004,0.007635238800000004,0.11696476120000004
KXWCSOA-26JUN19USAAUS-AUSNVELUP23,Sports,"(0.2, 0.3]",-1,0.22,0.0,0.10499999999999998,0.00657825,0.09842174999999999
KXBTCD-26JUN1917-T65999.99,Crypto,"(0.2, 0.3]",-1,0.22,0.0,0.20499999999999996,0.011408249999999998,0.19359174999999995
KXWCAST-26JUN19USAAUS-USAFBALOG9-1,Sports,"(0.1, 0.2]",1,0.2,0.0,-0.69,0.014973000000000004,-0.704973
KXATP-26HALLE-AUG,Sports,"(0.9, 1.0]",-1,0.95,0.0,0.475,0.017456250000000003,0.45754374999999997
KXWCGOAL-26JUN19USAAUS-AUSCVOLPA7-1,Sports,"(0.1, 0.2]",1,0.13,0.0,-0.195,0.010988250000000001,-0.20598825
KXWCMENTION-26JUN19USAAUS-COME,Mentions,"(0.9, 1.0]",-1,0.91,1.0,-0.575,0.017106250000000003,-0.59210625
KXWCMENTION-26JUN19USAAUS-CHAM,Mentions,"(0.8, 0.9]",-1,0.83,0.0,0.345,0.015818250000000002,0.32918175
KXWCMENTION-26JUN19USAAUS-WHAT,Mentions,"(0.4, 0.5]",-1,0.42,0.0,-0.06499999999999995,0.0006930000000000006,-0.06569299999999995
KXWCMENTION-26JUN19USAAUS-ASSI,Mentions,"(0.8, 0.9]",-1,0.8347,1.0,-0.6503,0.015918693700000004,-0.6662186937
KXWCMENTION-26JUN19USAAUS-HIST,Mentions,"(0.8, 0.9]",-1,0.8059,1.0,-0.6791,0.0152546233,-0.6943546233000001
KXWCMENTION-26JUN19USAAUS-TRUM,Mentions,"(-0.001, 0.1]",1,0.0329,0.0,-0.5179,0.0174775713,-0.5353775713000001
KXWCMENTION-26JUN19USAAUS-HEAD,Mentions,"(0.9, 1.0]",-1,0.91,1.0,-0.575,0.017106250000000003,-0.59210625
KXWCMENTION-26JUN19USAAUS-MOME,Mentions,"(0.5, 0.6]",-1,0.6,1.0,-0.885,0.00712425,-0.8921242500000001
KXWCMENTION-26JUN19USAAUS-CALI,Mentions,"(0.7, 0.8]",-1,0.74,1.0,-0.71,0.014413000000000002,-0.724413
KXAMSAVO-26JUN19-T0.80,Economics,"(0.8, 0.9]",-1,0.84,1.0,-0.655,0.015818250000000002,-0.6708182500000001
KXWCMENTION-26JUN19SCOMAR-COME,Mentions,"(0.8, 0.9]",-1,0.85,1.0,-0.635,0.016224250000000003,-0.6512242500000001
KXWCMENTION-26JUN19SCOMAR-ASSI,Mentions,"(0.6, 0.7]",-1,0.66,1.0,-0.825,0.010106250000000002,-0.8351062499999999
KXWCMENTION-26JUN19SCOMAR-HIST,Mentions,"(0.7, 0.8]",-1,0.7624,1.0,-0.7226,0.014031446800000002,-0.7366314468
KXWCMENTION-26JUN19SCOMAR-VISA,Mentions,"(0.9, 1.0]",-1,0.91,1.0,-0.54,0.017388,-0.557388
KXPGAMAKECUT-USO26-JPOS,Sports,"(0.7, 0.8]",-1,0.7844,1.0,-0.6606000000000001,0.0156945348,-0.6762945348000001
KXPGAR2TOP10-USO26-ARAI,Sports,"(0.7, 0.8]",-1,0.8,0.0,0.30500000000000005,0.014838250000000002,0.29016175000000005
KXPGATOP40-USO26-BHOR,Sports,"(0.2, 0.3]",-1,0.21,0.0,-0.2650000000000001,0.0006930000000000006,-0.2656930000000001
KXPGATOP40-USO26-PCAN,Sports,"(0.5, 0.6]",-1,0.56,0.0,0.08500000000000008,0.005444250000000005,0.07955575000000006
KXPGATOP40-USO26-VHOV,Sports,"(0.5, 0.6]",-1,0.55,0.0,0.07500000000000007,0.004856250000000005,0.07014375000000006
KXPGAMAKECUT-USO26-HCOL,Sports,"(0.7, 0.8]",-1,0.8,0.0,0.30500000000000005,0.014838250000000002,0.29016175000000005
KXMLBHR-26JUN191840CWSDET-CWSMVARGAS20-1,Sports,"(0.1, 0.2]",1,0.18,0.0,-0.195,0.010988250000000001,-0.20598825
KXMLBF5-26JUN192010CLEHOU-TIE,Sports,"(0.1, 0.2]",1,0.17,0.0,-0.64,0.016128000000000003,-0.656128
KXMLBF5TOTAL-26JUN192010CLEHOU-7,Sports,"(0.2, 0.3]",-1,0.29,0.0,-0.18500000000000005,0.0006930000000000006,-0.18569300000000005
KXMLBTEAMTOTAL-26JUN191915MILATL-ATL6,Sports,"(0.1, 0.2]",1,0.2,0.0,-0.52,0.017472,-0.5374720000000001
KXWNBAPTS-26JUN19WSHNY-WSHKIRIAFEN44-10,Sports,"(0.7, 0.8]",-1,0.75,1.0,-0.74,0.013468000000000003,-0.753468
KXMLBHIT-26JUN191905CINNYY-NYYSJONES78-2,Sports,"(0.1, 0.2]",1,0.19,0.0,-0.195,0.010988250000000001,-0.20598825
KXMLBHIT-26JUN191910SFMIA-SFLARRAEZ1-1,Sports,"(0.7, 0.8]",-1,0.73,0.0,0.54,0.017388000000000004,0.5226120000000001
KXMLBHRR-26JUN191915MILATL-MILWCONTRERAS24-2,Sports,"(0.5, 0.6]",-1,0.568,0.0,0.278,0.014050120000000001,0.26394988
KXMLBSPREAD-26JUN191910SFMIA-SF4,Sports,"(0.1, 0.2]",1,0.16,0.0,-0.62,0.016492,-0.636492
KXLOVEISLMENTION-26JUN19-BETR,Mentions,"(0.4, 0.5]",-1,0.49,1.0,-0.995,0.0006930000000000006,-0.995693
KXLOVEISLMENTION-26JUN19-HEAR,Mentions,"(0.4, 0.5]",-1,0.4702,0.0,0.020199999999999996,0.0013854371999999998,0.018814562799999997
KXLOVEISLMENTION-26JUN19-DRAM,Mentions,"(0.9, 1.0]",-1,0.91,0.0,0.45999999999999996,0.017388,0.44261199999999995
KXLOVEISLMENTION-26JUN19-BOMB,Mentions,"(0.9, 1.0]",-1,0.9829,1.0,-0.5021,0.017499691300000002,-0.5195996912999999
KXLOVEISLMENTION-26JUN19-PRIZ,Mentions,"(-0.001, 0.1]",1,0.0691,0.0,-0.5191,0.0174744633,-0.5365744633
KXLOVEISLMENTION-26JUN19-DUMP,Mentions,"(0.9, 1.0]",-1,0.98,1.0,-0.47000000000000003,0.017437000000000005,-0.487437
KXLOVEISLMENTION-26JUN19-EX,Mentions,"(0.4, 0.5]",-1,0.46,0.0,0.010000000000000009,0.0006930000000000006,0.009307000000000008
KXLOVEISLMENTION-26JUN19-WHER,Mentions,"(0.9, 1.0]",-1,0.91,0.0,0.45999999999999996,0.017388,0.44261199999999995
KXWCMENTION-26JUN19BRAHTI-RECO,Mentions,"(0.6, 0.7]",-1,0.6395,1.0,-0.8455,0.0091440825,-0.8546440825
KXWCMENTION-26JUN19BRAHTI-HIST,Mentions,"(0.6, 0.7]",-1,0.68,1.0,-0.8049999999999999,0.010988250000000005,-0.81598825
KXWCMENTION-26JUN19BRAHTI-WHAT,Mentions,"(0.2, 0.3]",-1,0.24,0.0,-0.20999999999999996,0.0006930000000000006,-0.21069299999999996
KXWCMENTION-26JUN19BRAHTI-HEAD,Mentions,"(0.8, 0.9]",-1,0.85,1.0,-0.635,0.016224250000000003,-0.6512242500000001
KXWCMENTION-26JUN19BRAHTI-RONA,Mentions,"(0.8, 0.9]",-1,0.81,1.0,-0.6749999999999999,0.015356250000000004,-0.6903562499999999
KXWCMENTION-26JUN19BRAHTI-VISA,Mentions,"(0.8, 0.9]",-1,0.85,1.0,-0.6000000000000001,0.0168,-0.6168000000000001
KXWCMENTION-26JUN19BRAHTI-REDC,Mentions,"(0.4, 0.5]",-1,0.4301,0.0,-0.05489999999999995,0.0006930000000000006,-0.05559299999999995
KXBTCD-26JUN1923-T63599.99,Crypto,"(0.2, 0.3]",-1,0.2776,0.0,0.27260000000000006,0.013880246800000003,0.25871975320000007
KXNASCARRACE-NAV26-STFR,Sports,"(0.1, 0.2]",1,0.2,0.0,-0.30000000000000004,0.014700000000000003,-0.31470000000000004
KXMLBHR-26JUN192015STLKC-KCLTHOMAS15-1,Sports,"(0.1, 0.2]",1,0.11,0.0,-0.57,0.017157000000000002,-0.5871569999999999
KXMLBSPREAD-26JUN192040PITCOL-PIT4,Sports,"(0.2, 0.3]",-1,0.29,0.0,-0.10000000000000009,0.0006930000000000006,-0.10069300000000009
KXMLBHIT-26JUN192005SDTEX-TEXJJUNG6-2,Sports,"(0.2, 0.3]",-1,0.3,1.0,-0.86,0.008428000000000001,-0.868428
KXAAAGASD-26JUN20-3.9200,Economics,"(0.9, 1.0]",-1,0.99,1.0,-0.04999999999999999,0.0033249999999999994,-0.05332499999999999
KXAAAGASD-26JUN20-3.9250,Economics,"(0.9, 1.0]",-1,0.99,1.0,-0.04999999999999999,0.0033249999999999994,-0.05332499999999999
KXAAAGASD-26JUN20-3.9300,Economics,"(0.9, 1.0]",-1,0.99,1.0,-0.030000000000000027,0.002037000000000002,-0.03203700000000003
KXAAAGASD-26JUN20-3.9350,Economics,"(0.9, 1.0]",-1,0.99,1.0,-0.505,0.017498250000000003,-0.52249825
KXAAAGASD-26JUN20-3.9400,Economics,"(0.9, 1.0]",-1,0.99,1.0,-0.505,0.017498250000000003,-0.52249825
KXAAAGASD-26JUN20-3.9550,Economics,"(0.8, 0.9]",-1,0.83,0.0,0.33499999999999996,0.01559425,0.31940575
KXAAAGASD-26JUN20-3.9750,Economics,"(-0.001, 0.1]",1,0.02,0.0,-0.515,0.017484250000000003,-0.53248425
KXAAAGASD-26JUN20-3.9800,Economics,"(-0.001, 0.1]",1,0.08,0.0,-0.575,0.017106250000000003,-0.59210625
KXAAAGASD-26JUN20-3.9900,Economics,"(-0.001, 0.1]",1,0.01,0.0,-0.505,0.017498250000000003,-0.52249825
KXAAAGASD-26JUN20-3.9950,Economics,"(-0.001, 0.1]",1,0.01,0.0,-0.505,0.017498250000000003,-0.52249825
KXBTC-26JUN2000-B63350,Crypto,"(0.2, 0.3]",-1,0.28,0.0,-0.19499999999999984,0.0006930000000000006,-0.19569299999999984
KXMLBTEAMTOTAL-26JUN192145MINAZ-AZ8,Sports,"(0.1, 0.2]",1,0.2,1.0,0.38,0.016492,0.363508
KXWCMENTION-26JUN19TURPAR-CHAM,Mentions,"(0.6, 0.7]",-1,0.69,0.0,0.27,0.013797000000000002,0.256203
KXWCMENTION-26JUN19TURPAR-MESS,Mentions,"(0.6, 0.7]",-1,0.68,1.0,-0.8049999999999999,0.010988250000000005,-0.81598825
KXWCMENTION-26JUN19TURPAR-HIST,Mentions,"(0.6, 0.7]",-1,0.64,1.0,-0.845,0.009168250000000001,-0.85416825
KXWCMENTION-26JUN19TURPAR-ASSI,Mentions,"(0.6, 0.7]",-1,0.61,1.0,-0.875,0.007656250000000001,-0.88265625
KXWCMENTION-26JUN19TURPAR-QATA,Mentions,"(0.7, 0.8]",-1,0.7142,0.0,0.22919999999999996,0.0123667152,0.21683328479999997
KXWCMENTION-26JUN19TURPAR-VISA,Mentions,"(0.8, 0.9]",-1,0.85,1.0,-0.635,0.016224250000000003,-0.6512242500000001
KXWCMENTION-26JUN19TURPAR-GIAN,Mentions,"(0.5, 0.6]",-1,0.5017,0.0,0.016700000000000048,0.0011494777000000034,0.015550522300000045
KXWCMENTION-26JUN19TURPAR-MOME,Mentions,"(0.6, 0.7]",-1,0.6227,1.0,-0.8623,0.008311709700000003,-0.8706117096999999
KXWCMENTION-26JUN19TURPAR-LEVI,Mentions,"(-0.001, 0.1]",1,0.033,1.0,0.482,0.017477320000000005,0.46452267999999997
KXWCMENTION-26JUN19TURPAR-NQE,Mentions,"(-0.001, 0.1]",1,0.01,0.0,-0.015,0.0010342500000000002,-0.01603425
KXBTC-26JUN2002-B63450,Crypto,"(0.2, 0.3]",-1,0.27,0.0,0.1100000000000001,0.006853000000000006,0.10314700000000009
KXWCGOAL-26JUN19TURPAR-TURAGULER15-1,Sports,"(0.2, 0.3]",-1,0.25,0.0,-0.2450000000000001,0.0006930000000000006,-0.2456930000000001
KXMLBTB-26JUN192210BALLAD-LADMMUNCY13-3,Sports,"(0.2, 0.3]",-1,0.3,0.0,-0.18999999999999995,0.0006930000000000006,-0.19069299999999995
KXWCMENTION-26JUN19TURPAR-CAPT,Mentions,"(0.8, 0.9]",-1,0.81,0.0,0.32500000000000007,0.015356250000000004,0.30964375000000005
KXETHD-26JUN2007-T1729.99,Crypto,"(0.2, 0.3]",-1,0.21,0.0,-0.17500000000000004,0.0006930000000000006,-0.17569300000000004
KXBTC-26JUN2008-B63750,Crypto,"(0.2, 0.3]",-1,0.23,0.0,-0.21500000000000008,0.0006930000000000006,-0.21569300000000008
KXRUGBYNRLMATCH-26JUN20GCOPEN-PEN,Sports,"(0.8, 0.9]",-1,0.9,0.0,0.43999999999999995,0.017248,0.42275199999999996
KXMLBMENTION-26JUN19MINAZ-PITC,Mentions,"(0.2, 0.3]",-1,0.2987,0.0,0.15369999999999995,0.009105341699999998,0.14459465829999996
KXMLBMENTION-26JUN19MINAZ-WILD,Mentions,"(0.3, 0.4]",-1,0.33,0.0,0.2500000000000001,0.013125000000000005,0.2368750000000001
KXLOVEISLMENTION-26JUN19-LOYA,Mentions,"(0.9, 1.0]",-1,0.91,0.0,0.45999999999999996,0.017388,0.44261199999999995
KXCS2MAP-26JUN200945FURIAAUR-2-AUR,Sports,"(0.5, 0.6]",-1,0.5151,0.0,0.05510000000000004,0.003644479300000003,0.051455520700000035
KXBTCD-26JUN2012-T64099.99,Crypto,"(0.2, 0.3]",-1,0.2783,0.0,0.2733,0.0139024977,0.25939750229999997
KXATPEXACTMATCH-26JUN20ZVEFRI-ZVE21,Sports,"(0.2, 0.3]",-1,0.26,0.0,-0.20500000000000007,0.0006930000000000006,-0.20569300000000007
KXPOLITICSMENTION-26JUN20-AFFO,Mentions,"(0.7, 0.8]",-1,0.74,1.0,-0.71,0.014413000000000002,-0.724413
KXPOLITICSMENTION-26JUN20-ISRA,Mentions,"(0.2, 0.3]",-1,0.2282,0.0,-0.2218,0.0006930000000000006,-0.222493
KXPOLITICSMENTION-26JUN20-IRAN,Mentions,"(0.7, 0.8]",-1,0.74,0.0,0.29000000000000004,0.014413000000000002,0.275587
KXMLBMENTION-26JUN19STLKC-WILD,Mentions,"(0.4, 0.5]",-1,0.41,1.0,-0.67,0.015477,-0.685477
KXMLBMENTION-26JUN19STLKC-BASE,Mentions,"(0.5, 0.6]",-1,0.6,0.0,0.565,0.017204250000000004,0.5477957499999999
KXMLBMENTION-26JUN19STLKC-ROB,Mentions,"(0.5, 0.6]",-1,0.58,0.0,0.28,0.014112000000000001,0.265888
KXWCFIRSTGOAL-26JUN20NEDSWE-NEDBBROBB9,Sports,"(0.1, 0.2]",1,0.15,1.0,0.715,0.014264250000000001,0.70073575
KXWCTEAMFIRSTGOAL-26JUN20NEDSWE-SWE-VGYOKE14,Sports,"(0.2, 0.3]",-1,0.25,0.0,-0.21999999999999997,0.0006930000000000006,-0.22069299999999997
KXWCMENTION-26JUN20NEDSWE-TRUM,Mentions,"(-0.001, 0.1]",1,0.08,0.0,-0.565,0.017204250000000004,-0.58220425
KXWCMENTION-26JUN20NEDSWE-VISA,Mentions,"(0.8, 0.9]",-1,0.85,1.0,-0.635,0.016224250000000003,-0.6512242500000001
KXWCMENTION-26JUN20NEDSWE-QATA,Mentions,"(0.5, 0.6]",-1,0.59,1.0,-0.895,0.00657825,-0.90157825
KXWCMENTION-26JUN20NEDSWE-NRGS,Mentions,"(-0.001, 0.1]",1,0.1,0.0,-0.585,0.016994250000000002,-0.60199425
KXMLBHR-26JUN201310CWSDET-CWSDROMO36-1,Sports,"(0.1, 0.2]",1,0.11,0.0,-0.6,0.016800000000000002,-0.6168
KXBTC-26JUN2016-B63850,Crypto,"(0.2, 0.3]",-1,0.2739,1.0,-0.9160999999999999,0.005380255300000006,-0.9214802552999999
KXMLBHIT-26JUN201335CINNYY-CINSSTEER7-2,Sports,"(0.2, 0.3]",-1,0.21,0.0,-0.28500000000000014,0.0006930000000000006,-0.28569300000000014
KXBTCD-26JUN2017-T63499.99,Crypto,"(0.2, 0.3]",-1,0.2357,1.0,-0.7893,0.011641385700000001,-0.8009413857
KXWCSCORE-26JUN20GERCIV-GER1CIV0,Sports,"(0.1, 0.2]",1,0.11,0.0,-0.24,0.012768000000000002,-0.252768
KXWCMENTION-26JUN20GERCIV-WHAT,Mentions,"(0.2, 0.3]",-1,0.23,1.0,-1.255,0.0006930000000000006,-1.255693
KXWCMENTION-26JUN20GERCIV-SHUT,Mentions,"(0.2, 0.3]",-1,0.25,0.0,-0.23499999999999988,0.0006930000000000006,-0.23569299999999987
KXWCMENTION-26JUN20GERCIV-HIST,Mentions,"(0.6, 0.7]",-1,0.69,1.0,-0.795,0.011408249999999998,-0.80640825
KXWCMENTION-26JUN20GERCIV-POWE,Mentions,"(0.2, 0.3]",-1,0.28,0.0,-0.20500000000000007,0.0006930000000000006,-0.20569300000000007
KXWCMENTION-26JUN20GERCIV-NQE,Mentions,"(-0.001, 0.1]",1,0.01,0.0,-0.015,0.0010342500000000002,-0.01603425
KXMLBHR-26JUN201610MILATL-MILAVAUGHN28-1,Sports,"(0.1, 0.2]",1,0.13,0.0,-0.15500000000000003,0.009168250000000003,-0.16416825000000002
KXMLBHIT-26JUN201610MILATL-ATLARILEY27-2,Sports,"(0.2, 0.3]",-1,0.21,0.0,0.19499999999999995,0.01098825,0.18401174999999995
KXUFCVICROUND-26JUN20NASRAP-NAS2,Sports,"(0.1, 0.2]",1,0.13,0.0,-0.195,0.010988250000000001,-0.20598825
KXMLBHR-26JUN201605SDTEX-TEXJBURGER21-1,Sports,"(0.1, 0.2]",1,0.17,1.0,0.73,0.013797000000000002,0.716203
KXUFCMOV-26JUN20MESMUL-MULKOTKODQ,Sports,"(0.1, 0.2]",1,0.12,0.0,-0.595,0.01686825,-0.61186825
KXFIGHTMENTION-26JUN20LIMBOR-LIGH,Mentions,"(0.2, 0.3]",-1,0.24,0.0,-0.16999999999999993,0.0006930000000000006,-0.17069299999999993
KXFIGHTMENTION-26JUN20BAGMAG-LIGH,Mentions,"(-0.001, 0.1]",1,0.07,0.0,-0.48,0.017472,-0.49747199999999997
KXWCSOA-26JUN20ECUCUW-CUWJBACUN4,Sports,"(0.1, 0.2]",1,0.12,0.0,-0.19,0.010773000000000001,-0.200773
KXFIGHTMENTION-26JUN20AMIROD-LEGA,Mentions,"(0.2, 0.3]",-1,0.2617,0.0,-0.14829999999999988,0.0006930000000000006,-0.14899299999999988
KXWCSOA-26JUN20ECUCUW-CUWJLOCAD9,Sports,"(0.1, 0.2]",1,0.13,0.0,-0.20500000000000002,0.01140825,-0.21640825000000002
KXMLBSPREAD-26JUN201915CLEHOU-CLE5,Sports,"(0.1, 0.2]",1,0.17,1.0,0.43499999999999994,0.01720425,0.41779574999999997
KXMLBHIT-26JUN201915CLEHOU-HOUJPENA3-1,Sports,"(0.7, 0.8]",-1,0.7043,0.0,0.33430000000000004,0.015578045700000003,0.31872195430000005
KXFIGHTMENTION-26JUN20CUTSTI-NQE,Mentions,"(-0.001, 0.1]",1,0.02,0.0,-0.435,0.01720425,-0.45220425
KXLOVEISLMENTION-26JUN20-DRAM,Mentions,"(0.7, 0.8]",-1,0.73,0.0,0.28,0.014112000000000001,0.265888
KXLOVEISLMENTION-26JUN20-RED,Mentions,"(0.5, 0.6]",-1,0.59,0.0,0.1399999999999999,0.008427999999999996,0.1315719999999999
KXLOVEISLMENTION-26JUN20-JEAL,Mentions,"(0.2, 0.3]",-1,0.27,0.0,-0.17999999999999994,0.0006930000000000006,-0.18069299999999994
KXLOVEISLMENTION-26JUN20-EXCL,Mentions,"(0.9, 1.0]",-1,0.99,0.0,0.54,0.017388000000000004,0.5226120000000001
KXLOVEISLMENTION-26JUN20-TRIA,Mentions,"(0.9, 1.0]",-1,0.91,1.0,-0.54,0.017388,-0.557388
KXWCMENTION-26JUN20ECUCUW-CHAM,Mentions,"(0.5, 0.6]",-1,0.5348,1.0,-0.9501999999999999,0.0033123972000000047,-0.9535123971999999
KXWCMENTION-26JUN20ECUCUW-COME,Mentions,"(0.8, 0.9]",-1,0.84,1.0,-0.645,0.01602825,-0.66102825
KXWCMENTION-26JUN20ECUCUW-MESS,Mentions,"(0.7, 0.8]",-1,0.71,1.0,-0.775,0.01220625,-0.78720625
KXWCMENTION-26JUN20ECUCUW-SHUT,Mentions,"(0.2, 0.3]",-1,0.25,0.0,-0.23499999999999988,0.0006930000000000006,-0.23569299999999987
KXWCMENTION-26JUN20ECUCUW-VISA,Mentions,"(0.8, 0.9]",-1,0.84,1.0,-0.6100000000000001,0.016652999999999998,-0.6266530000000001
KXWCMENTION-26JUN20ECUCUW-CROS,Mentions,"(0.6, 0.7]",-1,0.6233,1.0,-0.8617,0.008342117699999999,-0.8700421177000001
KXWCMENTION-26JUN20ECUCUW-MOME,Mentions,"(0.3, 0.4]",-1,0.3252,1.0,-1.1598000000000002,0.0006930000000000006,-1.1604930000000002
KXMLBMENTION-26JUN20NYMPHI-TRAD,Mentions,"(0.8, 0.9]",-1,0.9,1.0,-0.18999999999999995,0.010773,-0.20077299999999995
KXMLBMENTION-26JUN20NYMPHI-GRAN,Mentions,"(0.6, 0.7]",-1,0.6667,1.0,-0.8183,0.0104079577,-0.8287079577
KXMLBMENTION-26JUN20NYMPHI-NO,Mentions,"(0.2, 0.3]",-1,0.29,0.0,-0.19499999999999984,0.0006930000000000006,-0.19569299999999984
KXMLBMENTION-26JUN20NYMPHI-NQE,Mentions,"(0.2, 0.3]",-1,0.22,0.0,-0.2650000000000001,0.0006930000000000006,-0.2656930000000001
KXFIGHTMENTION-26JUN20KAPHOR-TRAI,Mentions,"(0.8, 0.9]",-1,0.82,1.0,-0.5900000000000001,0.016933,-0.6069330000000001
KXFIGHTMENTION-26JUN20KAPHOR-WHAT,Mentions,"(0.2, 0.3]",-1,0.26,0.0,-0.1499999999999999,0.0006930000000000006,-0.1506929999999999
KXAAAGASD-26JUN21-3.9550,Economics,"(-0.001, 0.1]",1,0.05,0.0,-0.545,0.01735825,-0.5623582500000001
KXAAAGASD-26JUN21-3.9600,Economics,"(-0.001, 0.1]",1,0.03,0.0,-0.48,0.017472,-0.49747199999999997
KXAAAGASD-26JUN21-3.9200,Economics,"(0.8, 0.9]",-1,0.8788,1.0,-0.6012,0.016783099200000002,-0.6179830991999999
KXAAAGASD-26JUN21-3.9300,Economics,"(0.9, 1.0]",-1,0.95,1.0,-0.53,0.017437,-0.5474370000000001
KXAAAGASD-26JUN21-3.9350,Economics,"(0.4, 0.5]",-1,0.49,1.0,-0.745,0.013298250000000001,-0.75829825
KXAAAGASD-26JUN21-3.9250,Economics,"(0.9, 1.0]",-1,0.98,1.0,-0.5,0.0175,-0.5175
KXWCFIRSTGOAL-26JUN21TUNJPN-TUNESAAD26,Sports,"(0.1, 0.2]",1,0.1184,0.0,-0.6084,0.016677460800000002,-0.6250774608
KXMLBTOTAL-26JUN202210BALLAD-8,Sports,"(0.5, 0.6]",-1,0.57,0.0,0.07499999999999996,0.004856249999999999,0.07014374999999996
KXMLBHIT-26JUN202210BALLAD-LADTEDMAN25-2,Sports,"(0.2, 0.3]",-1,0.27,1.0,-1.2149999999999999,0.0006930000000000006,-1.215693
KXMLBHRR-26JUN202210BALLAD-BALCMAYO16-1,Sports,"(0.5, 0.6]",-1,0.54,1.0,-0.95,0.0033250000000000033,-0.953325
KXWCTEAMTOTAL-26JUN21TUNJPN-JPN2,Sports,"(0.5, 0.6]",-1,0.52,1.0,-0.975,0.0017062500000000016,-0.97670625
KXWCSPREAD-26JUN21TUNJPN-JPN4,Sports,"(0.2, 0.3]",-1,0.2491,1.0,-0.9059,0.005967163299999999,-0.9118671633000001
KXWCMENTION-26JUN21TUNJPN-CAPT,Mentions,"(0.8, 0.9]",-1,0.84,1.0,-0.645,0.01602825,-0.66102825
KXWCMENTION-26JUN21TUNJPN-HIST,Mentions,"(0.7, 0.8]",-1,0.72,1.0,-0.765,0.012584250000000002,-0.77758425
KXWCMENTION-26JUN21TUNJPN-BBVA,Mentions,"(0.8, 0.9]",-1,0.84,0.0,0.355,0.01602825,0.33897174999999996
KXBTC-26JUN2103-B64050,Crypto,"(0.2, 0.3]",-1,0.2287,0.0,-0.21629999999999994,0.0006930000000000006,-0.21699299999999994
KXHYPE15M-26JUN210415-15,Crypto,"(0.2, 0.3]",-1,0.2845,0.0,0.25949999999999995,0.013451182499999999,0.24604881749999996
KXBTC-26JUN2105-B64250,Crypto,"(0.2, 0.3]",-1,0.22,0.0,0.06499999999999995,0.004254249999999997,0.06074574999999995
KXBTC-26JUN2106-B63850,Crypto,"(0.2, 0.3]",-1,0.3,0.0,-0.14500000000000002,0.0006930000000000006,-0.14569300000000002
KXCS2GAME-26JUN210830K27ECH-K27,Sports,"(0.8, 0.9]",-1,0.89,1.0,-0.58,0.017052000000000005,-0.5970519999999999
KXTRUMPACT-26JUN14-T1,Politics,"(0.9, 1.0]",-1,0.93,1.0,-0.2799999999999999,0.014112,-0.29411199999999993
KXTRUMPACT-26JUN14-T2,Politics,"(0.9, 1.0]",-1,0.93,0.0,0.44500000000000006,0.017288250000000005,0.42771175000000006
KXOBAMAMENTION-26JUN19-HOPE,Mentions,"(0.8, 0.9]",-1,0.8764,1.0,-0.2686,0.013751782800000003,-0.2823517828
KXOBAMAMENTION-26JUN19-MICH,Mentions,"(0.8, 0.9]",-1,0.8483,1.0,-0.5417,0.017378277700000003,-0.5590782777
KXOBAMAMENTION-26JUN19-WORL,Mentions,"(0.6, 0.7]",-1,0.6929,0.0,0.28790000000000004,0.014350951300000003,0.2735490487
KXOBAMAMENTION-26JUN19-AI,Mentions,"(0.5, 0.6]",-1,0.57,0.0,0.16500000000000004,0.009644250000000002,0.15535575000000004
KXOBAMAMENTION-26JUN19-ELEC,Mentions,"(0.7, 0.8]",-1,0.74,0.0,0.33499999999999996,0.01559425,0.31940575
KXOBAMAMENTION-26JUN19-NQE,Mentions,"(-0.001, 0.1]",1,0.0311,0.0,-0.4461,0.0172966353,-0.46339663529999997
KXWCMENTION-26JUN21TUNJPN-RECO,Mentions,"(0.4, 0.5]",-1,0.44,0.0,0.10499999999999998,0.00657825,0.09842174999999999
KXWCMENTION-26JUN21TUNJPN-COME,Mentions,"(0.8, 0.9]",-1,0.85,0.0,0.515,0.01748425,0.49751575000000003
KXWCMENTION-26JUN20ECUCUW-WHAT,Mentions,"(0.2, 0.3]",-1,0.25,0.0,-0.15500000000000003,0.0006930000000000006,-0.15569300000000003
KXFIGHTMENTION-26JUN20KAPHOR-BLOO,Mentions,"(0.7, 0.8]",-1,0.73,0.0,0.32000000000000006,0.015232000000000004,0.30476800000000004
KXFIGHTMENTION-26JUN20KAPHOR-DECI,Mentions,"(0.8, 0.9]",-1,0.8097,0.0,0.39969999999999994,0.016795793700000002,0.38290420629999994
KXFIGHTMENTION-26JUN20CUTSTI-DANA,Mentions,"(0.2, 0.3]",-1,0.2622,0.0,-0.14779999999999993,0.0006930000000000006,-0.14849299999999993
KXMLBMENTION-26JUN20CLEHOU-BASE,Mentions,"(0.6, 0.7]",-1,0.64,0.0,0.6000000000000001,0.016800000000000002,0.5832
KXMLBMENTION-26JUN20CLEHOU-WILD,Mentions,"(0.4, 0.5]",-1,0.41,0.0,0.17999999999999994,0.010331999999999997,0.16966799999999993
KXMLBMENTION-26JUN20NYMPHI-EXTR,Mentions,"(0.3, 0.4]",-1,0.31,0.0,0.17000000000000004,0.009877000000000004,0.16012300000000004
KXMLBMENTION-26JUN20NYMPHI-WHAT,Mentions,"(-0.001, 0.1]",1,0.1,0.0,-0.14500000000000002,0.008678250000000002,-0.15367825000000002
KXFIGHTMENTION-26JUN20FILDEO-LIGH,Mentions,"(-0.001, 0.1]",1,0.08,0.0,-0.48,0.017472,-0.49747199999999997
KXFIGHTMENTION-26JUN20LIMBOR-WHAT,Mentions,"(0.2, 0.3]",-1,0.27,0.0,-0.1399999999999999,0.0006930000000000006,-0.1406929999999999
KXWCMENTION-26JUN20GERCIV-BMOF,Mentions,"(-0.001, 0.1]",1,0.05,0.0,-0.45499999999999996,0.017358250000000002,-0.47235825
KXWCMENTION-26JUN20NEDSWE-POWE,Mentions,"(0.2, 0.3]",-1,0.28,0.0,-0.125,0.0006930000000000006,-0.125693
KXBTC-26JUN2111-B64050,Crypto,"(0.2, 0.3]",-1,0.3,1.0,-0.9249999999999999,0.004856250000000005,-0.9298562499999999
KXWCFIRSTGOAL-26JUN21ESPKSA-ESPDOLMO20,Sports,"(0.1, 0.2]",1,0.14,0.0,-0.28,0.014112000000000001,-0.29411200000000004
KXATPCHALLENGERMATCH-26JUN21KISCAM-KIS,Sports,"(0.2, 0.3]",-1,0.27,1.0,-1.19,0.0006930000000000006,-1.190693
KXWCGOAL-26JUN21ESPKSA-ESPLYAMAL10-2,Sports,"(0.1, 0.2]",1,0.18,0.0,-0.675,0.01535625,-0.69035625
KXBTC-26JUN2114-B63950,Crypto,"(0.2, 0.3]",-1,0.23,0.0,-0.2450000000000001,0.0006930000000000006,-0.2456930000000001
KXWCMENTION-26JUN21ESPKSA-COME,Mentions,"(0.8, 0.9]",-1,0.84,1.0,-0.6100000000000001,0.016652999999999998,-0.6266530000000001
KXWCMENTION-26JUN21ESPKSA-CROS,Mentions,"(0.3, 0.4]",-1,0.34,1.0,-1.1099999999999999,0.0006930000000000006,-1.110693
KXWCMENTION-26JUN21ESPKSA-POWE,Mentions,"(-0.001, 0.1]",1,0.08,0.0,-0.53,0.017437,-0.5474370000000001
KXWCMENTION-26JUN21ESPKSA-MOME,Mentions,"(0.2, 0.3]",-1,0.28,1.0,-1.17,0.0006930000000000006,-1.170693
KXWCMENTION-26JUN21ESPKSA-TURF,Mentions,"(0.8, 0.9]",-1,0.82,0.0,0.3699999999999999,0.016317,0.35368299999999986
KXWCMENTION-26JUN21ESPKSA-VISA,Mentions,"(0.9, 1.0]",-1,0.9054,1.0,-0.5446,0.0173607588,-0.5619607588
KXFIGHTMENTION-26JUN20MESMUL-KNOC,Mentions,"(-0.001, 0.1]",1,0.03,1.0,0.52,0.017472,0.502528
KXFIGHTMENTION-26JUN20MESMUL-LIGH,Mentions,"(-0.001, 0.1]",1,0.0104,0.0,-0.46040000000000003,0.0173902288,-0.47779022880000005
KXFIGHTMENTION-26JUN20MESMUL-LEGA,Mentions,"(0.2, 0.3]",-1,0.2753,0.0,-0.17470000000000008,0.0006930000000000006,-0.17539300000000008
KXFIGHTMENTION-26JUN20MESMUL-TIRE,Mentions,"(0.6, 0.7]",-1,0.68,0.0,0.22999999999999998,0.012397,0.217603
KXWCGOAL-26JUN21BELIRI-BELASAELE56-1,Sports,"(0.2, 0.3]",-1,0.2311,0.0,0.11609999999999998,0.0071834553,0.10891654469999998
KXSOLD-26JUN2117-T72.9999,Crypto,"(0.2, 0.3]",-1,0.23,1.0,-0.785,0.01181425,-0.7968142500000001
KXMLBHIT-26JUN211335CINNYY-NYYAVOLPE11-1,Sports,"(0.5, 0.6]",-1,0.54,0.0,0.050000000000000044,0.0033250000000000033,0.04667500000000004
KXFTNMENTION-26JUN21-HORM,Mentions,"(0.8, 0.9]",-1,0.81,1.0,-0.6399999999999999,0.016128000000000003,-0.6561279999999999
KXFTNMENTION-26JUN21-DEMO,Mentions,"(0.5, 0.6]",-1,0.57,1.0,-0.8800000000000001,0.007391999999999995,-0.8873920000000001
KXFTNMENTION-26JUN21-BIDE,Mentions,"(0.4, 0.5]",-1,0.4891,1.0,-0.9609000000000001,0.0026299832999999947,-0.9635299833000001
KXFTNMENTION-26JUN21-ICE,Mentions,"(0.2, 0.3]",-1,0.29,0.0,-0.15999999999999992,0.0006930000000000006,-0.16069299999999992
KXFTNMENTION-26JUN21-ELEC,Mentions,"(0.2, 0.3]",-1,0.2763,0.0,-0.17369999999999997,0.0006930000000000006,-0.17439299999999996
KXFTNMENTION-26JUN21-AFFO,Mentions,"(0.3, 0.4]",-1,0.3847,0.0,-0.06529999999999991,0.0006930000000000006,-0.06599299999999991
KXFNSMENTION-26JUN21-HEAL,Mentions,"(0.3, 0.4]",-1,0.37,0.0,-0.08000000000000007,0.0006930000000000006,-0.08069300000000007
KXFNSMENTION-26JUN21-IRAN,Mentions,"(0.8, 0.9]",-1,0.84,0.0,0.3899999999999999,0.016652999999999998,0.37334699999999993
KXFNSMENTION-26JUN21-REPU,Mentions,"(0.8, 0.9]",-1,0.81,0.0,0.3600000000000001,0.016128000000000003,0.34387200000000007
KXWCMENTION-26JUN21BELIRI-CAPT,Mentions,"(0.8, 0.9]",-1,0.85,1.0,-0.64,0.016128000000000003,-0.656128
KXWCMENTION-26JUN21BELIRI-COME,Mentions,"(0.8, 0.9]",-1,0.82,1.0,-0.67,0.015477,-0.685477
KXWCMENTION-26JUN21BELIRI-HIST,Mentions,"(0.3, 0.4]",-1,0.38,1.0,-1.1099999999999999,0.0006930000000000006,-1.110693
KXWCMENTION-26JUN21BELIRI-HEAD,Mentions,"(0.8, 0.9]",-1,0.85,1.0,-0.64,0.016128000000000003,-0.656128
KXWCMENTION-26JUN21BELIRI-VISA,Mentions,"(0.8, 0.9]",-1,0.85,1.0,-0.605,0.016728250000000004,-0.62172825
KXWCMENTION-26JUN21ESPKSA-WHAT,Mentions,"(0.2, 0.3]",-1,0.21,0.0,-0.24,0.0006930000000000006,-0.240693
KXMLBHRR-26JUN211610BOSSEA-SEAJNAYLOR12-5,Sports,"(0.1, 0.2]",1,0.1246,0.0,-0.1846,0.0105365988,-0.19513659879999998
KXMLBHR-26JUN211605LAAATH-ATHCTHOMAS32-1,Sports,"(0.1, 0.2]",1,0.16,0.0,-0.175,0.01010625,-0.18510625
KXMLBHR-26JUN211605LAAATH-ATHZGELOF20-1,Sports,"(0.1, 0.2]",1,0.17,0.0,-0.19,0.010773000000000001,-0.200773
KXMLBSPREAD-26JUN211610BALLAD-BAL8,Sports,"(0.1, 0.2]",1,0.17,1.0,0.735,0.013634250000000002,0.72136575
KXMLBKS-26JUN211610BALLAD-LADESHEEHAN80-6,Sports,"(0.5, 0.6]",-1,0.59,0.0,0.10499999999999998,0.00657825,0.09842174999999999
KXMLBKS-26JUN211610BALLAD-LADESHEEHAN80-8,Sports,"(0.1, 0.2]",1,0.19,0.0,-0.485,0.01748425,-0.50248425
KXPGATOP10-USO26-ABHA,Sports,"(0.1, 0.2]",1,0.19,0.0,-0.685,0.01510425,-0.7001042500000001
KXPGATOP40-USO26-THAT,Sports,"(0.5, 0.6]",-1,0.53,1.0,-0.945,0.0036382500000000035,-0.9486382499999999
KXWCMENTION-26JUN21URUCPV-WHAT,Mentions,"(0.8, 0.9]",-1,0.8468,0.0,0.3568,0.0160645632,0.3407354368
KXMLBHR-26JUN211920NYMPHI-PHIESOSA33-1,Sports,"(0.1, 0.2]",1,0.1079,0.0,-0.1629,0.009545451299999999,-0.1724454513
KXMLBHIT-26JUN211920NYMPHI-PHIBHARPER3-2,Sports,"(0.2, 0.3]",-1,0.28,1.0,-0.87,0.007917,-0.877917
KXMLBHIT-26JUN211920NYMPHI-NYMJSOTO22-2,Sports,"(0.2, 0.3]",-1,0.22,0.0,0.08499999999999996,0.005444249999999999,0.07955574999999997
KXMLBMENTION-26JUN21NYMPHI-TRAD,Mentions,"(0.9, 1.0]",-1,0.94,1.0,-0.545,0.01735825,-0.5623582500000001
KXWC2HBTTS-26JUN21NZLEGY-BTTS,Sports,"(0.1, 0.2]",1,0.16,0.0,-0.22499999999999998,0.01220625,-0.23720624999999998
KXLOVEISLMENTION-26JUN21-MARR,Mentions,"(-0.001, 0.1]",1,0.09,0.0,-0.54,0.017388,-0.557388
KXLOVEISLMENTION-26JUN21-IG,Mentions,"(0.2, 0.3]",-1,0.3,0.0,-0.1499999999999999,0.0006930000000000006,-0.1506929999999999
KXLOVEISLMENTION-26JUN21-ICK,Mentions,"(0.2, 0.3]",-1,0.21,1.0,-1.24,0.0006930000000000006,-1.240693
KXLOVEISLMENTION-26JUN21-CASA,Mentions,"(0.9, 1.0]",-1,0.98,1.0,-0.505,0.017498250000000003,-0.52249825
KXWCMENTION-26JUN21NZLEGY-COME,Mentions,"(0.8, 0.9]",-1,0.82,1.0,-0.665,0.01559425,-0.6805942500000001
KXWCMENTION-26JUN21NZLEGY-HIST,Mentions,"(0.2, 0.3]",-1,0.27,1.0,-1.2149999999999999,0.0006930000000000006,-1.215693
KXWCMENTION-26JUN21NZLEGY-ASSI,Mentions,"(0.3, 0.4]",-1,0.39,1.0,-1.095,0.0006930000000000006,-1.095693
KXWCMENTION-26JUN21NZLEGY-VISA,Mentions,"(0.8, 0.9]",-1,0.85,1.0,-0.64,0.016128000000000003,-0.656128
KXAAAGASW-26JUN22-3.910,Economics,"(0.4, 0.5]",-1,0.49,1.0,-0.79,0.011613,-0.801613
KXAAAGASW-26JUN22-3.918,Economics,"(0.8, 0.9]",-1,0.8126,1.0,-0.5973999999999999,0.016835926800000005,-0.6142359267999999
KXAAAGASW-26JUN22-3.860,Economics,"(0.8, 0.9]",-1,0.8144,1.0,-0.2706,0.013816294800000004,-0.2844162948
KXAAAGASW-26JUN22-3.880,Economics,"(0.8, 0.9]",-1,0.8678,1.0,-0.29719999999999996,0.014621051200000002,-0.3118210512
KXAAAGASW-26JUN22-3.870,Economics,"(0.8, 0.9]",-1,0.8024,1.0,-0.2676,0.0137193168,-0.2813193168
KXAAAGASW-26JUN22-3.914,Economics,"(0.8, 0.9]",-1,0.805,1.0,-0.605,0.016728250000000004,-0.62172825
KXAAAGASW-26JUN22-3.916,Economics,"(0.8, 0.9]",-1,0.8013,1.0,-0.6087,0.016672901700000003,-0.6253729017
KXAAAGASW-26JUN22-3.924,Economics,"(0.8, 0.9]",-1,0.81,1.0,-0.5999999999999999,0.016800000000000002,-0.6167999999999999
KXAAAGASW-26JUN22-3.928,Economics,"(0.4, 0.5]",-1,0.44,1.0,-0.97,0.002037000000000002,-0.9720369999999999
KXAAAGASW-26JUN22-3.930,Economics,"(0.4, 0.5]",-1,0.47,0.0,0.255,0.013298250000000001,0.24170175
KXAAAGASW-26JUN22-3.934,Economics,"(-0.001, 0.1]",1,0.05,0.0,-0.45999999999999996,0.017388,-0.477388
KXAAAGASD-26JUN22-3.9500,Economics,"(-0.001, 0.1]",1,0.0476,0.0,-0.49760000000000004,0.017499596800000003,-0.5150995968000001
KXAAAGASW-26JUN22-3.820,Economics,"(0.8, 0.9]",-1,0.8144,1.0,-0.24059999999999998,0.0127898148,-0.2533898148
KXAAAGASD-26JUN22-3.8900,Economics,"(0.9, 1.0]",-1,0.99,1.0,-0.015000000000000013,0.001034250000000001,-0.016034250000000014
KXAAAGASD-26JUN22-3.8950,Economics,"(0.9, 1.0]",-1,0.988,1.0,-0.462,0.017398920000000005,-0.47939892
KXAAAGASD-26JUN22-3.9000,Economics,"(0.9, 1.0]",-1,0.988,1.0,-0.462,0.017398920000000005,-0.47939892
KXAAAGASD-26JUN22-3.9050,Economics,"(0.9, 1.0]",-1,0.988,1.0,-0.462,0.017398920000000005,-0.47939892
KXAAAGASD-26JUN22-3.9150,Economics,"(0.9, 1.0]",-1,0.988,1.0,-0.21200000000000002,0.011693920000000002,-0.22369392000000002
KXAAAGASD-26JUN22-3.9200,Economics,"(0.9, 1.0]",-1,0.93,1.0,-0.52,0.017472,-0.5374720000000001
KXAAAGASD-26JUN22-3.9250,Economics,"(0.8, 0.9]",-1,0.83,1.0,-0.5700000000000001,0.017157,-0.587157
KXAAAGASD-26JUN22-3.9100,Economics,"(0.9, 1.0]",-1,0.988,1.0,-0.462,0.017398920000000005,-0.47939892
KXAAAGASW-26JUN22-3.800,Economics,"(0.8, 0.9]",-1,0.8024,1.0,-0.2476,0.0130405968,-0.2606405968
KXAAAGASD-26JUN22-3.9450,Economics,"(-0.001, 0.1]",1,0.06,0.0,-0.51,0.017493,-0.527493
KXAAAGASW-26JUN22-3.840,Economics,"(0.8, 0.9]",-1,0.814,1.0,-0.26100000000000007,0.013501530000000001,-0.27450153000000005
KXLATENIGHTMENTION-26JUN21-NQE,Mentions,"(-0.001, 0.1]",1,0.024,0.0,-0.47400000000000003,0.017452680000000005,-0.49145268000000003
KXLATENIGHTMENTION-26JUN21-RONA,Mentions,"(0.7, 0.8]",-1,0.78,0.0,0.33000000000000007,0.015477000000000003,0.31452300000000005
KXATPMATCH-26JUN22DJEHOU-HOU,Sports,"(0.2, 0.3]",-1,0.24,0.0,-0.19999999999999996,0.0006930000000000006,-0.20069299999999995
KXLEAVESTARMER-26JUN23,Politics,"(0.9, 1.0]",-1,0.99,1.0,-0.505,0.017498250000000003,-0.52249825
KXITFMATCH-26JUN22GARBLA-BLA,Sports,"(0.2, 0.3]",-1,0.26,0.0,-0.22999999999999998,0.0006930000000000006,-0.23069299999999998
KXCACPIYOY-26JUN22-T3.4,Economics,"(-0.001, 0.1]",1,0.0513,0.0,-0.5463,0.017349941700000003,-0.5636499417
KXOWGAME-26JUN220800EF36LAZ-LAZ,Sports,"(0.1, 0.2]",1,0.18,0.0,-0.22,0.012012000000000002,-0.232012
KXTRUMPSAY-26JUN22-URAN,Mentions,"(0.9, 1.0]",-1,0.91,0.0,0.485,0.017484250000000003,0.46751575
KXTRUMPSAY-26JUN22-SLEE,Mentions,"(0.9, 1.0]",-1,0.91,1.0,-0.13,0.007917,-0.137917
KXTRUMPSAY-26JUN22-TDS,Mentions,"(0.8, 0.9]",-1,0.81,1.0,-0.23499999999999993,0.012584249999999998,-0.24758424999999992
KXXRPD-26JUN2210-T1.1599,Crypto,"(0.2, 0.3]",-1,0.29,1.0,-0.73,0.013797000000000002,-0.7437969999999999
KXTRUMPSAY-26JUN22-MELA,Mentions,"(0.9, 1.0]",-1,0.91,0.0,0.485,0.017484250000000003,0.46751575
KXTRUMPSAY-26JUN22-AMER,Mentions,"(0.5, 0.6]",-1,0.515,0.0,0.08999999999999997,0.0057329999999999985,0.08426699999999997
KXJOINCLUB-26OCT02BSILVA-JUV,Sports,"(0.2, 0.3]",-1,0.26,0.0,0.19999999999999996,0.0112,0.18879999999999997
KXLOVEISLMENTION-26JUN21-DATE,Mentions,"(0.8, 0.9]",-1,0.84,0.0,0.355,0.01602825,0.33897174999999996
KXMLBMENTION-26JUN21NYMPHI-PITC,Mentions,"(0.3, 0.4]",-1,0.3682,0.0,-0.0968,0.0006930000000000006,-0.097493
KXWCMENTION-26JUN21URUCPV-CHAM,Mentions,"(0.4, 0.5]",-1,0.4377,0.0,0.022699999999999942,0.0015529296999999963,0.021147070299999945
KXWCMENTION-26JUN21URUCPV-REDC,Mentions,"(0.8, 0.9]",-1,0.85,0.0,0.43999999999999995,0.017248,0.42275199999999996
KXWCMENTION-26JUN21BELIRI-RECO,Mentions,"(0.8, 0.9]",-1,0.81,0.0,0.395,0.016728250000000004,0.37827175
KXWCMENTION-26JUN21BELIRI-SOFI,Mentions,"(-0.001, 0.1]",1,0.05,0.0,-0.46499999999999997,0.017414250000000003,-0.48241425
KXMAMDANIMENTION-26JUN22-NQE,Mentions,"(-0.001, 0.1]",1,0.09,0.0,-0.535,0.01741425,-0.55241425
KXMAMDANIMENTION-26JUN22-WORL,Mentions,"(0.8, 0.9]",-1,0.9,1.0,-0.54,0.017388,-0.557388
KXMAMDANIMENTION-26JUN22-IRAN,Mentions,"(0.2, 0.3]",-1,0.29,0.0,-0.18500000000000005,0.0006930000000000006,-0.18569300000000005
KXMAMDANIMENTION-26JUN22-SAFE,Mentions,"(0.8, 0.9]",-1,0.9,1.0,-0.5449999999999999,0.017358250000000002,-0.56235825
KXVALORANTGAME-26JUN221100BAREP-EP,Sports,"(0.7, 0.8]",-1,0.72,1.0,-0.6699999999999999,0.015477000000000003,-0.6854769999999999
KXXRPD-26JUN2213-T1.1399,Crypto,"(0.2, 0.3]",-1,0.29,0.0,0.255,0.013298250000000001,0.24170175
KXDOGE15M-26JUN221345-45,Crypto,"(0.2, 0.3]",-1,0.2733,0.0,0.2583,0.0134106777,0.24488932229999996
KXWC2HTOTAL-26JUN22ARGAUT-1,Sports,"(0.8, 0.9]",-1,0.82,1.0,-0.675,0.01535625,-0.69035625
KXWCMENTION-26JUN22ARGAUT-RECO,Mentions,"(0.6, 0.7]",-1,0.69,1.0,-0.795,0.011408249999999998,-0.80640825
KXWCMENTION-26JUN22ARGAUT-CAPT,Mentions,"(0.8, 0.9]",-1,0.8467,1.0,-0.6383,0.0161611177,-0.6544611176999999
KXWCMENTION-26JUN22ARGAUT-PENA,Mentions,"(0.2, 0.3]",-1,0.215,0.0,-0.27,0.0006930000000000006,-0.270693
KXWCMENTION-26JUN22ARGAUT-QATA,Mentions,"(0.8, 0.9]",-1,0.8429,1.0,-0.6421,0.0160865313,-0.6581865313
KXWCMENTION-26JUN22ARGAUT-HATT,Mentions,"(0.5, 0.6]",-1,0.565,1.0,-0.92,0.005151999999999999,-0.9251520000000001
KXWCMENTION-26JUN22ARGAUT-NUTM,Mentions,"(0.2, 0.3]",-1,0.215,1.0,-1.27,0.0006930000000000006,-1.270693
KXWCMENTION-26JUN22ARGAUT-TRUM,Mentions,"(-0.001, 0.1]",1,0.0543,0.0,-0.5393,0.0173918857,-0.5566918857
KXWCMENTION-26JUN22ARGAUT-CROS,Mentions,"(0.2, 0.3]",-1,0.28,0.0,-0.20500000000000007,0.0006930000000000006,-0.20569300000000007
KXWCMENTION-26JUN22ARGAUT-HEAD,Mentions,"(0.8, 0.9]",-1,0.84,1.0,-0.65,0.015925,-0.665925
KXWCMENTION-26JUN22ARGAUT-ATTS,Mentions,"(-0.001, 0.1]",1,0.1,0.0,-0.585,0.016994250000000002,-0.60199425
KXMAMDANIMENTION-26JUN23-FIVE,Mentions,"(0.4, 0.5]",-1,0.49,1.0,-0.9550000000000001,0.0030082499999999957,-0.9580082500000001
KXMAMDANIMENTION-26JUN23-BILL,Mentions,"(0.3, 0.4]",-1,0.36,0.0,-0.09000000000000008,0.0006930000000000006,-0.09069300000000008
KXMAMDANIMENTION-26JUN23-ALBA,Mentions,"(0.3, 0.4]",-1,0.36,0.0,-0.09000000000000008,0.0006930000000000006,-0.09069300000000008
KXINXU-26JUN22H1600-T7224.9999,Financials,"(0.9, 1.0]",-1,0.99,1.0,-0.26,0.013468,-0.273468
KXINXU-26JUN22H1600-T7324.9999,Financials,"(0.9, 1.0]",-1,0.94,1.0,-0.32500000000000007,0.015356250000000004,-0.3403562500000001
KXINXU-26JUN22H1600-T7349.9999,Financials,"(0.9, 1.0]",-1,0.95,1.0,-0.275,0.013956250000000002,-0.28895625
KXNASDAQ100U-26JUN22H1600-T29399.99,Financials,"(0.9, 1.0]",-1,0.9304,1.0,-0.3096,0.0149623488,-0.3245623488
KXTRUMPDELETE-26JUN-A1,Politics,"(0.9, 1.0]",-1,0.99,1.0,-0.03999999999999998,0.0026879999999999986,-0.042687999999999976
KXTRUMPMENTIONB-26JUN22-BIDE,Mentions,"(0.5, 0.6]",-1,0.505,1.0,-0.98,0.0013720000000000015,-0.981372
KXTRUMPMENTIONB-26JUN22-IRAN,Mentions,"(0.6, 0.7]",-1,0.7,1.0,-0.785,0.01181425,-0.7968142500000001
KXTRUMPMENTIONB-26JUN22-HORM,Mentions,"(0.4, 0.5]",-1,0.4391,1.0,-1.0459,0.0006930000000000006,-1.046593
KXTRUMPMENTIONB-26JUN22-QUAN,Mentions,"(0.2, 0.3]",-1,0.21,1.0,-1.275,0.0006930000000000006,-1.275693
KXTRUMPMENTIONB-26JUN22-AUTO,Mentions,"(0.5, 0.6]",-1,0.56,1.0,-0.9249999999999999,0.004856250000000005,-0.9298562499999999
KXTRUMPMENTIONB-26JUN22-OIL,Mentions,"(0.6, 0.7]",-1,0.62,1.0,-0.865,0.008174250000000001,-0.87317425
KXTRUMPMENTIONB-26JUN22-TRAN,Mentions,"(0.5, 0.6]",-1,0.505,0.0,0.020000000000000018,0.0013720000000000015,0.018628000000000016
KXTRUMPMENTIONB-26JUN22-WORL,Mentions,"(0.3, 0.4]",-1,0.32,0.0,-0.16500000000000004,0.0006930000000000006,-0.16569300000000003
KXTRUMPMENTIONB-26JUN22-AMER,Mentions,"(0.2, 0.3]",-1,0.27,0.0,-0.21499999999999986,0.0006930000000000006,-0.21569299999999986
KXTRUMPMENTIONB-26JUN22-TRIL,Mentions,"(0.8, 0.9]",-1,0.87,1.0,-0.615,0.016574250000000002,-0.63157425
KXTRUMPDELETE-26JUN-A3,Politics,"(0.9, 1.0]",-1,0.97,1.0,-0.07,0.004557,-0.07455700000000001
KXTRUMPDELETE-26JUN-A5,Politics,"(0.9, 1.0]",-1,0.92,1.0,-0.12,0.007392000000000001,-0.127392
KXFOXNEWSMENTION-26JUN22-HEAL,Mentions,"(0.8, 0.9]",-1,0.89,1.0,-0.56,0.017248,-0.5772480000000001
KXFOXNEWSMENTION-26JUN22-NQE,Mentions,"(-0.001, 0.1]",1,0.024,0.0,-0.47400000000000003,0.017452680000000005,-0.49145268000000003
KXWCFIRSTGOAL-26JUN22FRAIRQ-FRABBARCO29,Sports,"(0.1, 0.2]",1,0.14,0.0,-0.21000000000000002,0.011613000000000004,-0.22161300000000003
KXBTC-26JUN2219-B64450,Crypto,"(0.2, 0.3]",-1,0.22,0.0,0.12,0.007392000000000001,0.112608
KXVALORANTGAME-26JUN221600F4TELE-F4T,Sports,"(0.8, 0.9]",-1,0.89,1.0,-0.57,0.017157000000000002,-0.5871569999999999
KXTHEWEEKNIGHTMENTION-26JUN22-AI,Mentions,"(0.9, 1.0]",-1,0.91,0.0,0.42500000000000004,0.017106250000000003,0.40789375000000005
KXWCSCORE-26JUN22FRAIRQ-FRA2IRQ0,Sports,"(0.1, 0.2]",1,0.17,0.0,-0.64,0.016128000000000003,-0.656128
KXMLBTOTAL-26JUN221810NYYDET-11,Sports,"(0.2, 0.3]",-1,0.29,0.0,-0.08000000000000007,0.0006930000000000006,-0.08069300000000007
KXMLBHIT-26JUN221840KCTB-KCMMASSEY19-2,Sports,"(0.1, 0.2]",1,0.19,0.0,-0.195,0.010988250000000001,-0.20598825
KXALLINMENTION-26JUN22-TRUM,Mentions,"(0.7, 0.8]",-1,0.75,1.0,-0.685,0.01510425,-0.7001042500000001
KXALLINMENTION-26JUN22-CRYP,Mentions,"(0.3, 0.4]",-1,0.32,1.0,-1.1199999999999999,0.0006930000000000006,-1.120693
KXALLINMENTION-26JUN22-HOME,Mentions,"(0.5, 0.6]",-1,0.5677,1.0,-0.8723000000000001,0.007797489699999997,-0.8800974897000001
KXMLBTB-26JUN221810NYYDET-DETDDINGLER13-4,Sports,"(0.2, 0.3]",-1,0.23,0.0,-0.26,0.0006930000000000006,-0.260693
KXMLBHIT-26JUN221840TEXMIA-TEXAOSUNA19-1,Sports,"(0.5, 0.6]",-1,0.59,1.0,-0.9,0.0063,-0.9063
KXMLBHR-26JUN221910MILCIN-MILJBAUERS9-1,Sports,"(0.2, 0.3]",-1,0.24,0.0,0.11499999999999999,0.00712425,0.10787574999999999
KXMLBHRR-26JUN221840TEXMIA-MIAOLOPEZ6-2,Sports,"(0.5, 0.6]",-1,0.59,1.0,-0.595,0.01686825,-0.61186825
KXTHEWEEKNIGHTMENTION-26JUN22-CORR,Mentions,"(0.4, 0.5]",-1,0.4039,0.0,-0.07610000000000006,0.0006930000000000006,-0.07679300000000006
KXALLINMENTION-26JUN22-OIL,Mentions,"(0.4, 0.5]",-1,0.4288,0.0,-0.011199999999999877,0.0006930000000000006,-0.011892999999999878
KXMLBTOTAL-26JUN221907HOUTOR-2,Sports,"(0.9, 1.0]",-1,0.99,1.0,-0.5,0.0175,-0.5175
KXMADDOWMENTION-26JUN22-REFL,Mentions,"(0.8, 0.9]",-1,0.84,1.0,-0.6100000000000001,0.016652999999999998,-0.6266530000000001
KXMADDOWMENTION-26JUN22-CORR,Mentions,"(0.8, 0.9]",-1,0.88,1.0,-0.5700000000000001,0.017157,-0.587157
KXMADDOWMENTION-26JUN22-BALL,Mentions,"(0.4, 0.5]",-1,0.5,1.0,-0.95,0.0033250000000000033,-0.953325
KXMLBHR-26JUN221907HOUTOR-HOUIPAREDES15-1,Sports,"(0.1, 0.2]",1,0.14,0.0,-0.21500000000000002,0.01181425,-0.22681425000000002
KXMLBHRR-26JUN221907HOUTOR-HOUYALVAREZ44-2,Sports,"(0.5, 0.6]",-1,0.51,1.0,-0.76,0.012768,-0.772768
KXMLBHR-26JUN221940LADMIN-LADMBETTS50-1,Sports,"(0.1, 0.2]",1,0.12,0.0,-0.175,0.01010625,-0.18510625
KXWCGROUPQUAL-26J-ARG,Sports,"(0.9, 1.0]",-1,0.93,1.0,-0.5599999999999999,0.017248000000000003,-0.577248
KXMLBHRR-26JUN221940LADMIN-LADMMUNCY13-2,Sports,"(0.5, 0.6]",-1,0.56,0.0,0.28,0.014112000000000001,0.265888
KXMLBHR-26JUN221940CLECWS-CLEDFRY6-1,Sports,"(0.1, 0.2]",1,0.14,0.0,-0.21500000000000002,0.01181425,-0.22681425000000002
KXMLBKS-26JUN221940CLECWS-CWSAKAY18-8,Sports,"(0.1, 0.2]",1,0.11,1.0,0.4,0.016800000000000002,0.38320000000000004
KXMLBKS-26JUN221940CLECWS-CLEGWILLIAMS32-9,Sports,"(0.1, 0.2]",1,0.15,0.0,-0.64,0.016128000000000003,-0.656128
KXMLBGAME-26JUN222040BOSCOL-BOS,Sports,"(0.5, 0.6]",-1,0.565,0.0,0.125,0.007656250000000001,0.11734375
KXMLBTB-26JUN221845PHIWSH-WSHNNUEZ26-3,Sports,"(0.1, 0.2]",1,0.15,0.0,-0.215,0.011814250000000002,-0.22681425
KXNCAABBHR-26-16,Sports,"(0.9, 1.0]",-1,0.9693,1.0,-0.5206999999999999,0.017470005700000003,-0.5381700057
KXAAAGASD-26JUN23-3.8900,Economics,"(0.9, 1.0]",-1,0.92,1.0,-0.575,0.017106250000000003,-0.59210625
KXAAAGASD-26JUN23-3.8800,Economics,"(0.9, 1.0]",-1,0.98,1.0,-0.515,0.017484250000000003,-0.53248425
KXAAAGASD-26JUN23-3.8850,Economics,"(0.9, 1.0]",-1,0.98,1.0,-0.515,0.017484250000000003,-0.53248425
KXAAAGASD-26JUN23-3.8950,Economics,"(0.9, 1.0]",-1,0.9879,1.0,-0.5071,0.0174964713,-0.5245964713
KXAAAGASD-26JUN23-3.9100,Economics,"(0.8, 0.9]",-1,0.87,1.0,-0.625,0.01640625,-0.64140625
KXAAAGASD-26JUN23-3.9050,Economics,"(0.9, 1.0]",-1,0.93,1.0,-0.565,0.017204250000000004,-0.58220425
KXAAAGASD-26JUN23-3.9250,Economics,"(-0.001, 0.1]",1,0.02,1.0,0.485,0.017484250000000003,0.46751575
KXAAAGASD-26JUN23-3.9350,Economics,"(-0.001, 0.1]",1,0.0419,0.0,-0.5369,0.0174046873,-0.5543046873
KXAAAGASD-26JUN23-3.8750,Economics,"(0.8, 0.9]",-1,0.8866,1.0,-0.11839999999999995,0.007306700799999998,-0.12570670079999996
KXWCTEAMFIRSTGOAL-26JUN22JORDZA-JOR-HABUDA4,Sports,"(0.9, 1.0]",-1,0.94,0.0,0.46499999999999997,0.01741425,0.44758574999999995
KXMLBHR-26JUN222138BALLAA-BALBALEXANDER23-1,Sports,"(0.1, 0.2]",1,0.12,0.0,-0.15,0.008925,-0.15892499999999998
KXWCMENTION-26JUN22NORSEN-COME,Mentions,"(0.8, 0.9]",-1,0.84,1.0,-0.645,0.01602825,-0.66102825
KXWCMENTION-26JUN22NORSEN-RECO,Mentions,"(0.4, 0.5]",-1,0.46,1.0,-1.025,0.0006930000000000006,-1.025693
KXWCMENTION-26JUN22NORSEN-HIST,Mentions,"(0.3, 0.4]",-1,0.33,1.0,-1.1549999999999998,0.0006930000000000006,-1.1556929999999999
KXWCMENTION-26JUN22NORSEN-MESS,Mentions,"(0.8, 0.9]",-1,0.84,1.0,-0.645,0.01602825,-0.66102825
KXWCMENTION-26JUN22NORSEN-WHAT,Mentions,"(0.5, 0.6]",-1,0.5143,1.0,-0.9357,0.004211585700000002,-0.9399115857
KXWCMENTION-26JUN22NORSEN-TURF,Mentions,"(0.8, 0.9]",-1,0.824,1.0,-0.6260000000000001,0.01638868,-0.6423886800000002
KXBTC-26JUN2301-B64150,Crypto,"(0.2, 0.3]",-1,0.21,0.0,-0.26,0.0006930000000000006,-0.260693
KXWCSOA-26JUN22JORDZA-DZARBENSE5,Sports,"(0.1, 0.2]",1,0.18,0.0,-0.265,0.013634250000000002,-0.27863425
KXMLBMENTION-26JUN22ATLSD-NQE,Mentions,"(-0.001, 0.1]",1,0.01,0.0,-0.495,0.01749825,-0.51249825
KXMLBHR-26JUN222210ATLSD-ATLMOLSON28-1,Sports,"(0.1, 0.2]",1,0.19,0.0,-0.29000000000000004,0.014413000000000004,-0.30441300000000004
KXWCMENTION-26JUN22JORDZA-COME,Mentions,"(0.7, 0.8]",-1,0.72,1.0,-0.765,0.012584250000000002,-0.77758425
KXWCMENTION-26JUN22JORDZA-ASSI,Mentions,"(0.4, 0.5]",-1,0.47,1.0,-1.0150000000000001,0.0006930000000000006,-1.0156930000000002
KXWCMENTION-26JUN22JORDZA-HIST,Mentions,"(0.3, 0.4]",-1,0.399,1.0,-1.0859999999999999,0.0006930000000000006,-1.086693
KXWCMENTION-26JUN22JORDZA-NQE,Mentions,"(-0.001, 0.1]",1,0.01,0.0,-0.015,0.0010342500000000002,-0.01603425
KXWCMENTION-26JUN22JORDZA-TURF,Mentions,"(0.8, 0.9]",-1,0.824,1.0,-0.661,0.01568553,-0.67668553
KXWCMENTION-26JUN22JORDZA-VISA,Mentions,"(0.8, 0.9]",-1,0.8485,1.0,-0.6365,0.016195742500000002,-0.6526957425
KXWCMENTION-26JUN22JORDZA-MOME,Mentions,"(0.3, 0.4]",-1,0.3694,1.0,-1.1156000000000001,0.0006930000000000006,-1.1162930000000002
KXBNB15M-26JUN230130-30,Crypto,"(0.2, 0.3]",-1,0.2931,0.0,0.2681,0.013735567300000003,0.2543644327
KXWCMENTION-26JUN22FRAIRQ-TRUM,Mentions,"(-0.001, 0.1]",1,0.0443,0.0,-0.5293,0.0174399057,-0.5467399057
KXWCMENTION-26JUN22FRAIRQ-SHUT,Mentions,"(0.2, 0.3]",-1,0.215,0.0,-0.27,0.0006930000000000006,-0.270693
KXLOVEISLMENTION-26JUN22-DATE,Mentions,"(0.8, 0.9]",-1,0.84,1.0,-0.6100000000000001,0.016652999999999998,-0.6266530000000001
KXLOVEISLMENTION-26JUN22-HEAR,Mentions,"(0.3, 0.4]",-1,0.34,0.0,-0.09999999999999987,0.0006930000000000006,-0.10069299999999987
KXLOVEISLMENTION-26JUN22-HIDE,Mentions,"(0.5, 0.6]",-1,0.53,1.0,-0.9099999999999999,0.0057330000000000055,-0.9157329999999999
KXLOVEISLMENTION-26JUN22-IG,Mentions,"(0.3, 0.4]",-1,0.33,0.0,-0.10999999999999988,0.0006930000000000006,-0.11069299999999987
KXLOVEISLMENTION-26JUN22-CASA,Mentions,"(0.9, 1.0]",-1,0.91,1.0,-0.54,0.017388,-0.557388
KXLOVEISLMENTION-26JUN22-BOMB,Mentions,"(0.8, 0.9]",-1,0.85,0.0,0.41999999999999993,0.017052,0.4029479999999999
KXLOVEISLMENTION-26JUN22-WHER,Mentions,"(0.4, 0.5]",-1,0.4188,1.0,-1.0211999999999999,0.0006930000000000006,-1.021893
KXLOVEISLMENTION-26JUN22-FIRE,Mentions,"(0.8, 0.9]",-1,0.84,0.0,0.3899999999999999,0.016652999999999998,0.37334699999999993
KXLOVEISLMENTION-26JUN22-MESS,Mentions,"(0.8, 0.9]",-1,0.84,0.0,0.3899999999999999,0.016652999999999998,0.37334699999999993
KXWTAMATCH-26JUN23TANPOH-POH,Sports,"(0.5, 0.6]",-1,0.55,0.0,0.10000000000000009,0.006300000000000005,0.09370000000000009
KXHORMUZWEEKLY-26JUN21-T5,Politics,"(0.9, 1.0]",-1,0.97,1.0,-0.10500000000000004,0.006578250000000003,-0.11157825000000005
KXHORMUZWEEKLY-26JUN21-T10,Politics,"(0.9, 1.0]",-1,0.9457,1.0,-0.09430000000000005,0.005978525700000003,-0.10027852570000005
KXHORMUZWEEKLY-26JUN21-T15,Politics,"(0.8, 0.9]",-1,0.87,1.0,-0.18,0.010332000000000001,-0.190332
KXWCMENTION-26JUN22JORDZA-LEVI,Mentions,"(-0.001, 0.1]",1,0.0491,0.0,-0.5341,0.017418603300000002,-0.5515186033
KXNASDAQ100U-26JUN23H1000-T29209.99,Financials,"(0.9, 1.0]",-1,0.91,1.0,-0.11499999999999999,0.00712425,-0.12212424999999999
KXMADDOWMENTION-26JUN22-CONS,Mentions,"(0.5, 0.6]",-1,0.506,0.0,0.05600000000000005,0.0037004800000000034,0.052299520000000044
KXITFMATCH-26JUN23CHEKAW-KAW,Sports,"(0.7, 0.8]",-1,0.75,1.0,-0.74,0.013468000000000003,-0.753468
KXTRUMPENDORSEMENTS-26JUN27-A3,Politics,"(0.9, 1.0]",-1,0.91,1.0,-0.5449999999999999,0.017358250000000002,-0.56235825
KXTRUMPENDORSEMENTS-26JUN27-A5,Politics,"(0.8, 0.9]",-1,0.85,1.0,-0.645,0.01602825,-0.66102825
KXMAMDANIMENTION-26JUN22B-AFFO,Mentions,"(0.8, 0.9]",-1,0.83,1.0,-0.655,0.015818250000000002,-0.6708182500000001
KXMAMDANIMENTION-26JUN22B-CRIS,Mentions,"(0.7, 0.8]",-1,0.77,1.0,-0.6799999999999999,0.015232000000000004,-0.695232
KXMAMDANIMENTION-26JUN22B-ICE,Mentions,"(0.3, 0.4]",-1,0.34,1.0,-1.1099999999999999,0.0006930000000000006,-1.110693
KXMAMDANIMENTION-26JUN22B-HAIT,Mentions,"(0.5, 0.6]",-1,0.51,0.0,0.06000000000000005,0.003948000000000004,0.056052000000000046
KXMAMDANIMENTION-26JUN22B-GROC,Mentions,"(0.3, 0.4]",-1,0.35,0.0,-0.10000000000000009,0.0006930000000000006,-0.10069300000000009
KXMAMDANIMENTION-26JUN22B-BILL,Mentions,"(0.7, 0.8]",-1,0.71,0.0,0.24,0.012768,0.227232
KXMAMDANIMENTION-26JUN22B-SOCI,Mentions,"(0.4, 0.5]",-1,0.433,0.0,-0.016999999999999904,0.0006930000000000006,-0.017692999999999903
KXMAMDANIMENTION-26JUN22B-BALL,Mentions,"(0.4, 0.5]",-1,0.41,0.0,-0.07500000000000018,0.0006930000000000006,-0.07569300000000018
KXMAMDANIMENTION-26JUN22B-NQE,Mentions,"(-0.001, 0.1]",1,0.025,0.0,-0.47500000000000003,0.017456250000000003,-0.49245625000000004
KXHOCHULMENTION-26JUN23-MAYO,Mentions,"(0.7, 0.8]",-1,0.7729,0.0,0.3279000000000001,0.015426711300000003,0.3124732887000001
KXWTAMATCH-26JUN23KRUKNU-KRU,Sports,"(0.8, 0.9]",-1,0.8404,1.0,-0.6295999999999999,0.016324268800000003,-0.6459242688
KXPOLITICSMENTION-26JUN23-MEDI,Mentions,"(0.8, 0.9]",-1,0.9,1.0,-0.58,0.017052000000000005,-0.5970519999999999
KXPOLITICSMENTION-26JUN23-FENT,Mentions,"(0.5, 0.6]",-1,0.53,0.0,0.050000000000000044,0.0033250000000000033,0.04667500000000004
KXPOLITICSMENTION-26JUN23-IRAN,Mentions,"(0.4, 0.5]",-1,0.4244,0.0,-0.055600000000000094,0.0006930000000000006,-0.05629300000000009
KXPOLITICSMENTION-26JUN23-SOMA,Mentions,"(0.2, 0.3]",-1,0.2733,0.0,-0.17670000000000008,0.0006930000000000006,-0.17739300000000008
KXPOLITICSMENTION-26JUN23-NQE,Mentions,"(0.2, 0.3]",-1,0.25,0.0,-0.10999999999999988,0.0006930000000000006,-0.11069299999999987
KXPOLITICSMENTION-26JUN23-CRYP,Mentions,"(0.2, 0.3]",-1,0.25,0.0,-0.22999999999999998,0.0006930000000000006,-0.23069299999999998
KXHEARINGMENTION-26JUN23-SHUT,Mentions,"(0.3, 0.4]",-1,0.3381,1.0,-0.8518999999999999,0.008831647300000007,-0.8607316472999998
KXHEARINGMENTION-26JUN23-TRUM,Mentions,"(0.4, 0.5]",-1,0.4983,0.0,0.2983,0.014652197700000001,0.28364780230000003
KXHEARINGMENTION-26JUN23-RUNW,Mentions,"(0.8, 0.9]",-1,0.9,1.0,-0.3,0.0147,-0.3147
KXHEARINGMENTION-26JUN23-MODE,Mentions,"(0.8, 0.9]",-1,0.9,1.0,-0.25,0.013125000000000001,-0.263125
KXHEARINGMENTION-26JUN23-AI,Mentions,"(0.5, 0.6]",-1,0.5971,1.0,-0.6029,0.016758811300000002,-0.6196588113
KXHEARINGMENTION-26JUN23-DUFF,Mentions,"(0.5, 0.6]",-1,0.59,0.0,0.3899999999999999,0.016652999999999998,0.37334699999999993
KXHEARINGMENTION-26JUN23-PRIV,Mentions,"(0.4, 0.5]",-1,0.4983,0.0,0.2983,0.014652197700000001,0.28364780230000003
KXHEARINGMENTION-26JUN23B-RECE,Mentions,"(0.2, 0.3]",-1,0.28,1.0,-0.895,0.00657825,-0.90157825
KXHEARINGMENTION-26JUN23B-CAPI,Mentions,"(0.4, 0.5]",-1,0.4542,1.0,-0.7308000000000001,0.013771195199999997,-0.7445711952000001
KXHEARINGMENTION-26JUN23B-FIRS,Mentions,"(0.6, 0.7]",-1,0.6007,1.0,-0.5843,0.0170025457,-0.6013025457000001
KXHEARINGMENTION-26JUN23B-TRUM,Mentions,"(0.3, 0.4]",-1,0.3983,1.0,-0.7867000000000001,0.011746217699999997,-0.7984462177
KXHEARINGMENTION-26JUN23B-INVE,Mentions,"(0.3, 0.4]",-1,0.3933,1.0,-0.7917000000000001,0.011543777699999999,-0.8032437777000001
KXHEARINGMENTION-26JUN23B-BLOC,Mentions,"(0.4, 0.5]",-1,0.4854,1.0,-0.7095999999999999,0.014424748800000005,-0.7240247487999999
KXBTCD-26JUN2314-T62599.99,Crypto,"(0.2, 0.3]",-1,0.2505,0.0,0.24549999999999994,0.012966082499999998,0.23253391749999994
KXSTEAMPRICE-27-500,Financials,"(0.9, 1.0]",-1,0.99,1.0,-0.5,0.0175,-0.5175
KXSTEAMPRICE-27-800,Financials,"(0.9, 1.0]",-1,0.99,1.0,-0.5,0.0175,-0.5175
KXSTEAMPRICE-27-900,Financials,"(0.9, 1.0]",-1,0.99,1.0,-0.5,0.0175,-0.5175
KXSTEAMPRICE-27-1000,Financials,"(0.9, 1.0]",-1,0.99,1.0,-0.5,0.0175,-0.5175
KXNASDAQ100U-26JUN23H1500-T28949.99,Financials,"(0.9, 1.0]",-1,0.92,1.0,-0.10499999999999998,0.00657825,-0.11157824999999998
KXWCAST-26JUN23PORUZB-PORCRIS7-1,Sports,"(0.1, 0.2]",1,0.17,0.0,-0.62,0.016492,-0.636492
KXWCMENTION-26JUN23PORUZB-COME,Mentions,"(0.3, 0.4]",-1,0.33,1.0,-1.1199999999999999,0.0006930000000000006,-1.120693
KXWCMENTION-26JUN23PORUZB-CAPT,Mentions,"(0.8, 0.9]",-1,0.8485,1.0,-0.6014999999999999,0.016778842500000002,-0.6182788424999999
KXWCMENTION-26JUN23PORUZB-PENA,Mentions,"(0.2, 0.3]",-1,0.2274,0.0,-0.2225999999999999,0.0006930000000000006,-0.2232929999999999
KXWCMENTION-26JUN23PORUZB-RECO,Mentions,"(0.3, 0.4]",-1,0.33,1.0,-1.1199999999999999,0.0006930000000000006,-1.120693
KXWCMENTION-26JUN23PORUZB-ASSI,Mentions,"(0.4, 0.5]",-1,0.49,1.0,-0.96,0.002688000000000003,-0.962688
KXWCMENTION-26JUN23PORUZB-HEAD,Mentions,"(0.8, 0.9]",-1,0.8485,1.0,-0.6014999999999999,0.016778842500000002,-0.6182788424999999
KXWCMENTION-26JUN23PORUZB-RONA,Mentions,"(0.9, 1.0]",-1,0.983,1.0,-0.467,0.017423769999999998,-0.48442377000000003
KXWCMENTION-26JUN23PORUZB-TURF,Mentions,"(0.8, 0.9]",-1,0.84,1.0,-0.6100000000000001,0.016652999999999998,-0.6266530000000001
KXWCMENTION-26JUN23PORUZB-CROS,Mentions,"(0.2, 0.3]",-1,0.3,0.0,-0.1499999999999999,0.0006930000000000006,-0.1506929999999999
KXEARNINGSMENTIONCCL-26JUN23-DIVI,Mentions,"(0.8, 0.9]",-1,0.8379,1.0,-0.5670999999999999,0.0171848313,-0.5842848313
KXEARNINGSMENTIONCCL-26JUN23-HEAD,Mentions,"(0.2, 0.3]",-1,0.2014,1.0,-1.2036,0.0006930000000000006,-1.204293
KXEARNINGSMENTIONCCL-26JUN23-TARI,Mentions,"(0.4, 0.5]",-1,0.41,1.0,-0.9950000000000001,0.0006930000000000006,-0.9956930000000002
KXEARNINGSMENTIONCCL-26JUN23-DRY,Mentions,"(0.8, 0.9]",-1,0.8483,0.0,0.4433,0.017274957700000003,0.42602504230000005
KXEARNINGSMENTIONCCL-26JUN23-INFL,Mentions,"(0.4, 0.5]",-1,0.46,0.0,0.05499999999999994,0.0036382499999999965,0.05136174999999994
KXNASDAQ100U-26JUN23H1600-T29499.99,Financials,"(0.9, 1.0]",-1,0.92,0.0,0.91,0.0057329999999999985,0.904267
KXNASDAQ100U-26JUN23H1600-T28599.99,Financials,"(0.9, 1.0]",-1,0.99,1.0,-0.030000000000000027,0.002037000000000002,-0.03203700000000003
KXNASDAQ100U-26JUN23H1600-T28499.99,Financials,"(0.9, 1.0]",-1,0.99,1.0,-0.030000000000000027,0.002037000000000002,-0.03203700000000003
KXTRUMPMENTION-26JUN23-NQE,Mentions,"(-0.001, 0.1]",1,0.05,0.0,-0.09,0.005733,-0.095733
KXTRUMPMENTION-26JUN23-BIBI,Mentions,"(0.3, 0.4]",-1,0.31,0.0,0.27,0.013797000000000002,0.256203
KXTRUMPMENTION-26JUN23-OIL,Mentions,"(0.7, 0.8]",-1,0.7399,1.0,-0.3001,0.0147027993,-0.3148027993
KXTRUMPMENTION-26JUN23-TARI,Mentions,"(0.4, 0.5]",-1,0.5,1.0,-0.5349999999999999,0.017414250000000003,-0.5524142499999999
KXTRUMPMENTION-26JUN23-FIRS,Mentions,"(0.7, 0.8]",-1,0.75,1.0,-0.29,0.014413,-0.304413
KXTRUMPMENTION-26JUN23-DUMB,Mentions,"(0.6, 0.7]",-1,0.66,1.0,-0.37499999999999994,0.01640625,-0.39140624999999996
KXTRUMPMENTION-26JUN23-AFFO,Mentions,"(0.3, 0.4]",-1,0.37,1.0,-0.665,0.01559425,-0.6805942500000001
KXTRUMPMENTION-26JUN23-WORL,Mentions,"(0.3, 0.4]",-1,0.31,0.0,0.27,0.013797000000000002,0.256203
KXTRUMPMENTION-26JUN23-FAKE,Mentions,"(0.4, 0.5]",-1,0.4005,1.0,-0.6395,0.016137782500000003,-0.6556377824999999
KXTRUMPMENTION-26JUN23-GAS,Mentions,"(0.7, 0.8]",-1,0.7895,1.0,-0.24550000000000005,0.012966082500000004,-0.2584660825
KXTRUMPMENTION-26JUN23-VAND,Mentions,"(0.2, 0.3]",-1,0.24,0.0,-0.24,0.0006930000000000006,-0.240693
KXTRUMPMENTION-26JUN23-ALGA,Mentions,"(0.2, 0.3]",-1,0.23,0.0,-0.25,0.0006930000000000006,-0.250693
KXWCTCORNERS-26JUN23ENGGHA-GHA5,Sports,"(0.1, 0.2]",1,0.19,0.0,-0.685,0.01510425,-0.7001042500000001
KXWCMENTION-26JUN23ENGGHA-CHAM,Mentions,"(0.8, 0.9]",-1,0.8768,0.0,0.4568000000000001,0.0173693632,0.4394306368000001
KXWCMENTION-26JUN23ENGGHA-COME,Mentions,"(0.6, 0.7]",-1,0.659,1.0,-0.7609999999999999,0.012731530000000005,-0.77373153
KXWCMENTION-26JUN23ENGGHA-NUTM,Mentions,"(0.5, 0.6]",-1,0.56,1.0,-0.8599999999999999,0.008428000000000007,-0.8684279999999999
KXWCMENTION-26JUN23ENGGHA-HIST,Mentions,"(0.2, 0.3]",-1,0.28,1.0,-1.14,0.0006930000000000006,-1.140693
KXWCMENTION-26JUN23ENGGHA-ASSI,Mentions,"(0.7, 0.8]",-1,0.77,0.0,0.3500000000000001,0.015925000000000005,0.33407500000000007
KXWCMENTION-26JUN23ENGGHA-SHUT,Mentions,"(0.2, 0.3]",-1,0.215,1.0,-1.205,0.0006930000000000006,-1.2056930000000001
KXWCMENTION-26JUN23ENGGHA-MOME,Mentions,"(0.8, 0.9]",-1,0.84,1.0,-0.6100000000000001,0.016652999999999998,-0.6266530000000001
KXWCMENTION-26JUN23ENGGHA-VISA,Mentions,"(0.8, 0.9]",-1,0.8485,1.0,-0.6014999999999999,0.016778842500000002,-0.6182788424999999
KXEARNINGSMENTIONFDX-26JUN23-AUTO,Mentions,"(0.5, 0.6]",-1,0.5145,0.0,0.2044999999999999,0.011387582499999997,0.1931124174999999
KXEARNINGSMENTIONFDX-26JUN23-EV,Mentions,"(0.8, 0.9]",-1,0.8409,0.0,0.43589999999999995,0.017212383300000002,0.41868761669999993
KXWCMENTION-26JUN23ENGGHA-SOCC,Mentions,"(0.3, 0.4]",-1,0.38,0.0,-0.07000000000000006,0.0006930000000000006,-0.07069300000000006
KXBTC-26JUN2319-B62550,Crypto,"(0.2, 0.3]",-1,0.29,1.0,-1.155,0.0006930000000000006,-1.155693
KXSPECIALREPORTMENTION-26JUN23-NQE,Mentions,"(-0.001, 0.1]",1,0.03,0.0,-0.15,0.008925,-0.15892499999999998
KXSPECIALREPORTMENTION-26JUN23-HORM,Mentions,"(0.7, 0.8]",-1,0.7881,0.0,0.6081000000000001,0.016682007300000003,0.5914179927000001
KXMLBTOTAL-26JUN231607HOUTOR-13,Sports,"(0.1, 0.2]",1,0.19,1.0,0.3400000000000001,0.015708000000000003,0.3242920000000001
KXWCGOAL-26JUN23PANCRO-CROPMUSA9-2,Sports,"(0.1, 0.2]",1,0.1419,0.0,-0.21189999999999998,0.0116898873,-0.22358988729999998
KXNBADRAFTPICK-26-4-AMAR,Sports,"(0.1, 0.2]",1,0.11,0.0,-0.165,0.00964425,-0.17464425
KXWCSOA-26JUN23PANCRO-CROMPASAL87,Sports,"(0.1, 0.2]",1,0.12,0.0,-0.595,0.01686825,-0.61186825
KXEARNINGSMENTIONFDX-26JUN23-SMIT,Mentions,"(0.4, 0.5]",-1,0.4291,1.0,-0.9759,0.001646343300000001,-0.9775463433
KXEARNINGSMENTIONFDX-26JUN23-GUID,Mentions,"(0.9, 1.0]",-1,0.97,1.0,-0.05499999999999999,0.00363825,-0.058638249999999996
KXEARNINGSMENTIONFDX-26JUN23-LABO,Mentions,"(0.5, 0.6]",-1,0.5332,0.0,0.1282000000000001,0.007823533200000005,0.12037646680000008
KXEARNINGSMENTIONFDX-26JUN23-CHIN,Mentions,"(0.4, 0.5]",-1,0.479,0.0,0.07400000000000007,0.0047966800000000046,0.06920332000000007
KXMLBSPREAD-26JUN231840KCTB-KC5,Sports,"(0.1, 0.2]",1,0.18,1.0,0.765,0.01258425,0.75241575
KXMLBKS-26JUN231840KCTB-KCLAVILA58-3,Sports,"(0.5, 0.6]",-1,0.59,1.0,-0.775,0.01220625,-0.78720625
KXMLBHIT-26JUN231840KCTB-KCCJENSEN22-1,Sports,"(0.5, 0.6]",-1,0.6,1.0,-0.88,0.007392000000000001,-0.887392
KXMLBHIT-26JUN231840KCTB-TBRPALACIOS1-1,Sports,"(0.5, 0.6]",-1,0.57,1.0,-0.91,0.0057329999999999985,-0.915733
KXWCMENTION-26JUN23PANCRO-TRUM,Mentions,"(-0.001, 0.1]",1,0.05,0.0,-0.5,0.0175,-0.5175
KXWCMENTION-26JUN23PANCRO-VISA,Mentions,"(0.8, 0.9]",-1,0.878,1.0,-0.5720000000000001,0.01713712,-0.5891371200000001
KXMLBGAME-26JUN231840SEAPIT-SEA,Sports,"(0.5, 0.6]",-1,0.55,1.0,-0.8899999999999999,0.006853000000000006,-0.8968529999999999
KXWCMENTION-26JUN23PANCRO-COME,Mentions,"(0.2, 0.3]",-1,0.24,0.0,-0.20999999999999996,0.0006930000000000006,-0.21069299999999996
KXWCMENTION-26JUN23PANCRO-CHAM,Mentions,"(0.3, 0.4]",-1,0.33,0.0,-0.11999999999999988,0.0006930000000000006,-0.12069299999999988
KXWCMENTION-26JUN23PANCRO-CROS,Mentions,"(0.3, 0.4]",-1,0.3428,0.0,-0.10719999999999996,0.0006930000000000006,-0.10789299999999996
KXMLBTEAMTOTAL-26JUN231840NYYDET-DET4,Sports,"(0.5, 0.6]",-1,0.52,0.0,0.030000000000000027,0.002037000000000002,0.027963000000000026
KXMLBHRR-26JUN231840SEAPIT-SEACYOUNG2-3,Sports,"(0.2, 0.3]",-1,0.3,1.0,-1.19,0.0006930000000000006,-1.190693
KXMLBHR-26JUN231910MILCIN-CINNLOWE31-1,Sports,"(0.1, 0.2]",1,0.16,0.0,-0.245,0.012948250000000001,-0.25794825
KXMLBHRR-26JUN231840KCTB-TBJCAMINERO13-2,Sports,"(0.5, 0.6]",-1,0.59,1.0,-0.43,0.017157000000000002,-0.44715699999999997
KXMLBHRR-26JUN231910MILCIN-MILAVAUGHN28-2,Sports,"(0.5, 0.6]",-1,0.5975,1.0,-0.6975,0.014769562500000001,-0.7122695625000001
KXMLBHIT-26JUN231940CLECWS-CWSJPEREZ70-1,Sports,"(0.5, 0.6]",-1,0.53,0.0,0.050000000000000044,0.0033250000000000033,0.04667500000000004
KXPSAKIMENTION-26JUN23-REPU,Mentions,"(0.8, 0.9]",-1,0.84,1.0,-0.34500000000000003,0.015818250000000002,-0.36081825
KXPSAKIMENTION-26JUN23-HEAL,Mentions,"(0.3, 0.4]",-1,0.3994,0.0,0.22439999999999993,0.012183124799999999,0.21221687519999993
KXPSAKIMENTION-26JUN23-DEMO,Mentions,"(0.5, 0.6]",-1,0.5617,1.0,-0.6133,0.016601417700000003,-0.6299014177
KXMLBHRR-26JUN231845PHIWSH-PHIBMARSH16-1,Sports,"(0.7, 0.8]",-1,0.74,1.0,-0.64,0.016128000000000003,-0.656128
KXMLBHR-26JUN231910CHCNYM-NYMMMELENDEZ1-1,Sports,"(0.1, 0.2]",1,0.15,0.0,-0.235,0.01258425,-0.24758424999999998
KXMLBKS-26JUN231910CHCNYM-NYMKSENGA34-7,Sports,"(0.1, 0.2]",1,0.2,0.0,-0.225,0.012206250000000004,-0.23720625
KXMLBF5SPREAD-26JUN232138BALLAA-BAL3,Sports,"(0.2, 0.3]",-1,0.26,0.0,-0.20999999999999996,0.0006930000000000006,-0.21069299999999996
KXWCAST-26JUN23COLCOD-COLJRODRI10-1,Sports,"(0.2, 0.3]",-1,0.23,0.0,0.050000000000000044,0.0033250000000000033,0.04667500000000004
KXXRP15M-26JUN232330-30,Crypto,"(0.2, 0.3]",-1,0.2443,0.0,0.23429999999999995,0.0125582457,0.22174175429999995
KXMLBMENTION-26JUN23LADMIN-MVP,Mentions,"(0.8, 0.9]",-1,0.89,1.0,-0.595,0.01686825,-0.61186825
KXMLBMENTION-26JUN23LADMIN-BASE,Mentions,"(0.5, 0.6]",-1,0.5536,1.0,-0.9314,0.0044725828,-0.9358725828
KXMLBMENTION-26JUN23LADMIN-ERRO,Mentions,"(0.7, 0.8]",-1,0.75,1.0,-0.735,0.01363425,-0.74863425
KXMLBMENTION-26JUN23LADMIN-NQE,Mentions,"(-0.001, 0.1]",1,0.07,0.0,-0.5549999999999999,0.017288250000000005,-0.5722882499999999
KXMLBMENTION-26JUN23LADMIN-TARG,Mentions,"(0.8, 0.9]",-1,0.83,1.0,-0.655,0.015818250000000002,-0.6708182500000001
KXAAAGASD-26JUN24-3.905,Economics,"(0.9, 1.0]",-1,0.9815,1.0,-0.5035,0.017499142500000002,-0.5209991424999999
KXAAAGASD-26JUN24-3.915,Economics,"(0.9, 1.0]",-1,0.9298,1.0,-0.5552,0.0172867072,-0.5724867072000001
KXCLAYTONCONF-26JUN11-JUN24,Politics,"(0.8, 0.9]",-1,0.895,0.0,0.89,0.006853,0.883147
KXAAAGASD-26JUN24-3.945,Economics,"(-0.001, 0.1]",1,0.05,0.0,-0.535,0.01741425,-0.55241425
KXAAAGASD-26JUN24-3.885,Economics,"(0.9, 1.0]",-1,0.9815,1.0,-0.5035,0.017499142500000002,-0.5209991424999999
KXAAAGASD-26JUN24-3.890,Economics,"(0.9, 1.0]",-1,0.9815,1.0,-0.5035,0.017499142500000002,-0.5209991424999999
KXAAAGASD-26JUN24-3.895,Economics,"(0.9, 1.0]",-1,0.9815,1.0,-0.5035,0.017499142500000002,-0.5209991424999999
KXAAAGASD-26JUN24-3.900,Economics,"(0.9, 1.0]",-1,0.9815,1.0,-0.5035,0.017499142500000002,-0.5209991424999999
KXAAAGASD-26JUN24-3.920,Economics,"(0.8, 0.9]",-1,0.8398,1.0,-0.6452,0.0160241872,-0.6612241872
KXAAAGASD-26JUN24-3.910,Economics,"(0.9, 1.0]",-1,0.975,1.0,-0.51,0.017493,-0.527493
KXWCTOTAL-26JUN23COLCOD-1,Sports,"(0.8, 0.9]",-1,0.89,1.0,-0.13,0.007917,-0.137917
KXMLBTOTAL-26JUN232138BALLAA-5,Sports,"(0.8, 0.9]",-1,0.89,1.0,-0.58,0.017052000000000005,-0.5970519999999999
KXWCMENTION-26JUN23COLCOD-CAPT,Mentions,"(0.4, 0.5]",-1,0.44,1.0,-1.01,0.0006930000000000006,-1.010693
KXWCMENTION-26JUN23COLCOD-HATT,Mentions,"(0.3, 0.4]",-1,0.32,0.0,-0.1299999999999999,0.0006930000000000006,-0.1306929999999999
KXWCMENTION-26JUN23COLCOD-QATA,Mentions,"(0.3, 0.4]",-1,0.3587,1.0,-1.0913,0.0006930000000000006,-1.091993
KXWCMENTION-26JUN23COLCOD-HIST,Mentions,"(0.8, 0.9]",-1,0.84,1.0,-0.6100000000000001,0.016652999999999998,-0.6266530000000001
KXMLBTOTAL-26JUN232140ATLSD-5,Sports,"(0.8, 0.9]",-1,0.84,1.0,-0.63,0.016317,-0.646317
KXMLBTB-26JUN232140ATLSD-ATLDBALDWIN30-3,Sports,"(0.1, 0.2]",1,0.2,0.0,-0.51,0.017493,-0.527493
KXITFWMATCH-26JUN23SATTZE-TZE,Sports,"(0.1, 0.2]",1,0.13,0.0,-0.61,0.016653,-0.626653
KXLATENIGHTMENTION-26JUN23-MESS,Mentions,"(0.8, 0.9]",-1,0.8172,1.0,-0.6328,0.016265491200000003,-0.6490654912
KXLATENIGHTMENTION-26JUN23-AI,Mentions,"(-0.001, 0.1]",1,0.07,0.0,-0.52,0.017472,-0.5374720000000001
KXDEIFO-26JUN24-T81.0,Economics,"(0.8, 0.9]",-1,0.885,1.0,-0.61,0.016653,-0.626653
KXDEIFO-26JUN24-T84.0,Economics,"(0.4, 0.5]",-1,0.45,1.0,-1.045,0.0006930000000000006,-1.045693
KXITFWMATCH-26JUN24GIZVOR-GIZ,Sports,"(0.1, 0.2]",1,0.15,0.0,-0.63,0.016317,-0.646317
KXLOVEISLMENTION-26JUN23-HEAR,Mentions,"(0.3, 0.4]",-1,0.39,1.0,-1.0899999999999999,0.0006930000000000006,-1.090693
KXLOVEISLMENTION-26JUN23-PRIZ,Mentions,"(-0.001, 0.1]",1,0.04,0.0,-0.52,0.017472,-0.5374720000000001
KXLOVEISLMENTION-26JUN23-HIDE,Mentions,"(0.3, 0.4]",-1,0.32,1.0,-1.16,0.0006930000000000006,-1.160693
KXLOVEISLMENTION-26JUN23-WHER,Mentions,"(0.2, 0.3]",-1,0.23,0.0,-0.25,0.0006930000000000006,-0.250693
KXLOVEISLMENTION-26JUN23-MESS,Mentions,"(0.7, 0.8]",-1,0.7016,0.0,0.22160000000000002,0.012074540800000002,0.2095254592
KXMLBMENTION-26JUN23LADMIN-NO,Mentions,"(0.2, 0.3]",-1,0.22,0.0,0.14500000000000002,0.008678250000000002,0.13632175000000002
KXSTARMERMENTIONB-26JUN17-IRAN,Mentions,"(0.7, 0.8]",-1,0.71,0.0,0.30000000000000004,0.014700000000000003,0.28530000000000005
KXSTARMERMENTIONB-26JUN17-OIL,Mentions,"(0.4, 0.5]",-1,0.44,0.0,0.02499999999999991,0.0017062499999999944,0.023293749999999915
KXATPCHALLENGERMATCH-26JUN24MICSEL-MIC,Sports,"(0.7, 0.8]",-1,0.75,1.0,-0.71,0.014413000000000002,-0.724413
KXNHSALES-26JUN24-T660000,Economics,"(0.4, 0.5]",-1,0.4533,0.0,0.1533,0.009085937700000001,0.1442140623
KXNHSALES-26JUN24-T580000,Economics,"(0.8, 0.9]",-1,0.86,0.0,0.545,0.017358250000000002,0.52764175
KXNHSALES-26JUN24-T560000,Economics,"(0.9, 1.0]",-1,0.95,1.0,-0.31500000000000006,0.015104250000000003,-0.33010425000000004
KXMUSKWEALTH-BEL27-1000,Economics,"(0.8, 0.9]",-1,0.866,1.0,-0.14400000000000002,0.008628480000000001,-0.15262848
KXPSAKIMENTION-26JUN23-2028,Mentions,"(0.3, 0.4]",-1,0.3961,0.0,0.20109999999999995,0.011246115299999998,0.18985388469999995
KXPSAKIMENTION-26JUN23-FRAU,Mentions,"(0.3, 0.4]",-1,0.3513,0.0,0.1762999999999999,0.010165281699999997,0.1661347182999999
KXPERSONMENTION-26JUN23-LEBR,Mentions,"(0.4, 0.5]",-1,0.45,1.0,-0.9950000000000001,0.0006930000000000006,-0.9956930000000002
KXPERSONMENTION-26JUN23-EMAN,Mentions,"(0.6, 0.7]",-1,0.65,1.0,-0.7949999999999999,0.011408250000000003,-0.8064082499999999
KXPERSONMENTION-26JUN23-COOP,Mentions,"(0.7, 0.8]",-1,0.76,1.0,-0.685,0.01510425,-0.7001042500000001
KXPERSONMENTION-26JUN23-BRUN,Mentions,"(0.6, 0.7]",-1,0.6929,1.0,-0.7521,0.013051191300000002,-0.7651511913
KXPERSONMENTION-26JUN23-BRYCH,Mentions,"(0.7, 0.8]",-1,0.8,0.0,0.355,0.01602825,0.33897174999999996
KXPERSONMENTION-26JUN23-BRYC,Mentions,"(0.6, 0.7]",-1,0.68,0.0,0.2350000000000001,0.012584250000000005,0.22241575000000008
KXPERSONMENTION-26JUN23-JADE,Mentions,"(0.4, 0.5]",-1,0.445,0.0,0.0,0.0006930000000000006,-0.0006930000000000006
KXPERSONMENTION-26JUN23-BRAD,Mentions,"(0.6, 0.7]",-1,0.6566,0.0,0.2116,0.011677780800000002,0.1999222192
KXPERSONMENTION-26JUN23-FERN,Mentions,"(0.2, 0.3]",-1,0.2728,0.0,-0.17220000000000013,0.0006930000000000006,-0.17289300000000013
KXPERSONMENTION-26JUN23-BOO,Mentions,"(0.6, 0.7]",-1,0.6613,0.0,0.21629999999999994,0.0118660017,0.20443399829999995
KXPERSONMENTION-26JUN23-G,Mentions,"(0.7, 0.8]",-1,0.7624,0.0,0.3173999999999999,0.0151660068,0.3022339931999999
KXSTARMERMENTIONB-26JUN17-ISRA,Mentions,"(0.2, 0.3]",-1,0.3,0.0,-0.10999999999999988,0.0006930000000000006,-0.11069299999999987
KXSTARMERMENTIONB-26JUN17-TRUM,Mentions,"(0.2, 0.3]",-1,0.24,0.0,-0.17500000000000004,0.0006930000000000006,-0.17569300000000004
KXLOVEISLMENTION-26JUN23-DATE,Mentions,"(0.8, 0.9]",-1,0.84,0.0,0.36,0.016128000000000003,0.34387199999999996
KXLASTWORDMENTION-26JUN23-ICE,Mentions,"(0.3, 0.4]",-1,0.3365,0.0,-0.11349999999999993,0.0006930000000000006,-0.11419299999999993
KXLASTWORDMENTION-26JUN23-REPU,Mentions,"(0.8, 0.9]",-1,0.8213,0.0,0.37129999999999996,0.016340541700000003,0.3549594583
KXHEARINGMENTION-26JUN24-FALS,Mentions,"(0.5, 0.6]",-1,0.5547,1.0,-0.9303,0.0045389337,-0.9348389337
KXHEARINGMENTION-26JUN24-NQE,Mentions,"(-0.001, 0.1]",1,0.024,0.0,-0.509,0.017494330000000002,-0.52649433
KXHEARINGMENTION-26JUN24-WHIS,Mentions,"(0.7, 0.8]",-1,0.74,1.0,-0.745,0.013298250000000001,-0.75829825
KXHEARINGMENTION-26JUN24-AUDI,Mentions,"(0.7, 0.8]",-1,0.7502,1.0,-0.7348,0.0136408272,-0.7484408272
KXHEARINGMENTION-26JUN24-DEI,Mentions,"(0.4, 0.5]",-1,0.4547,1.0,-1.0303,0.0006930000000000006,-1.030993
KXSTARMERMENTIONB-26JUN24-UKRA,Mentions,"(0.8, 0.9]",-1,0.84,1.0,-0.645,0.01602825,-0.66102825
KXHEARINGMENTION-26JUN24-KICK,Mentions,"(0.5, 0.6]",-1,0.54,1.0,-0.945,0.0036382500000000035,-0.9486382499999999
KXBESSENTMTPMENTION-26JUN24-TRUM,Mentions,"(0.6, 0.7]",-1,0.6964,1.0,-0.7886,0.011669702800000003,-0.8002697028
KXBESSENTMTPMENTION-26JUN24-WARS,Mentions,"(0.7, 0.8]",-1,0.7233,1.0,-0.7616999999999999,0.012705917700000003,-0.7744059176999999
KXBESSENTMTPMENTION-26JUN24-NQE,Mentions,"(-0.001, 0.1]",1,0.013,0.0,-0.498,0.01749972,-0.51549972
KXBESSENTMTPMENTION-26JUN24-FRAU,Mentions,"(0.3, 0.4]",-1,0.3129,0.0,-0.17209999999999992,0.0006930000000000006,-0.17279299999999992
KXSTARMERMENTIONB-26JUN24-OIL,Mentions,"(0.8, 0.9]",-1,0.82,0.0,0.33499999999999996,0.01559425,0.31940575
KXITFMATCH-26JUN24RATBAT-RAT,Sports,"(0.8, 0.9]",-1,0.88,1.0,-0.61,0.016653,-0.626653
KXWTAMATCH-26JUN24KRUHON-KRU,Sports,"(0.8, 0.9]",-1,0.819,1.0,-0.6060000000000001,0.016713480000000003,-0.62271348
KXMLBTOTAL-26JUN221910CHCNYM-6,Sports,"(0.7, 0.8]",-1,0.7881,1.0,-0.6919,0.014922207300000004,-0.7068222073
KXINXU-26JUN24H1600-T7199.9999,Financials,"(0.9, 1.0]",-1,0.98,1.0,-0.04500000000000004,0.0030082500000000027,-0.048008250000000044
KXINXU-26JUN24H1600-T7174.9999,Financials,"(0.9, 1.0]",-1,0.99,1.0,-0.03500000000000003,0.002364250000000002,-0.037364250000000036
KXMLBHIT-26JUN221910CHCNYM-CHCSSUZUKI27-2,Sports,"(0.2, 0.3]",-1,0.23,0.0,-0.24,0.0006930000000000006,-0.240693
KXMLBTB-26JUN221910CHCNYM-NYMCBENGE93-4,Sports,"(0.1, 0.2]",1,0.17,0.0,-0.26,0.013468,-0.273468
KXWCGOAL-26JUN24SUICAN-CANTBUCHA17-1,Sports,"(0.1, 0.2]",1,0.14,0.0,-0.22500000000000003,0.012206250000000002,-0.23720625000000004
KXWCGOAL-26JUN24BIHQAT-QATEDMI8-1,Sports,"(0.1, 0.2]",1,0.12,0.0,-0.195,0.010988250000000001,-0.20598825
KXMLBHIT-26JUN241510BOSCOL-COLHGOODMAN15-2,Sports,"(0.2, 0.3]",-1,0.28,0.0,0.265,0.01363425,0.25136575
KXMLBHRR-26JUN241510BOSCOL-COLKKARROS12-3,Sports,"(0.2, 0.3]",-1,0.28,0.0,0.26,0.013468000000000003,0.246532
KXSOL15M-26JUN241830-30,Crypto,"(0.2, 0.3]",-1,0.2938,0.0,0.28380000000000005,0.014228029200000002,0.26957197080000006
KXWCMENTION-26JUN24BIHQAT-CAPT,Mentions,"(0.6, 0.7]",-1,0.6495,1.0,-0.8005,0.0111789825,-0.8116789825
KXWCMENTION-26JUN24BIHQAT-POWE,Mentions,"(-0.001, 0.1]",1,0.0634,0.0,-0.5134,0.0174874308,-0.5308874308
KXWCMENTION-26JUN24BIHQAT-QATA,Mentions,"(0.9, 1.0]",-1,0.9856,1.0,-0.019399999999999973,0.0013316547999999984,-0.02073165479999997
KXWCMENTION-26JUN24BIHQAT-MOME,Mentions,"(0.2, 0.3]",-1,0.3,0.0,-0.1499999999999999,0.0006930000000000006,-0.1506929999999999
KXWCMENTION-26JUN24BIHQAT-VISA,Mentions,"(0.8, 0.9]",-1,0.8433,1.0,-0.6067,0.016703057700000003,-0.6234030577
KXWCMENTION-26JUN24SUICAN-CAPT,Mentions,"(0.6, 0.7]",-1,0.6592,1.0,-0.7908,0.011580475200000004,-0.8023804752
KXWCMENTION-26JUN24SUICAN-RECO,Mentions,"(0.6, 0.7]",-1,0.69,0.0,0.24,0.012768,0.227232
KXWCMENTION-26JUN24SUICAN-HAND,Mentions,"(0.6, 0.7]",-1,0.61,0.0,0.15999999999999992,0.009407999999999998,0.15059199999999992
KXWCMENTION-26JUN24SUICAN-HATT,Mentions,"(0.5, 0.6]",-1,0.565,1.0,-0.885,0.00712425,-0.8921242500000001
KXWCMENTION-26JUN24SUICAN-HIST,Mentions,"(0.3, 0.4]",-1,0.3996,0.0,-0.0504,0.0006930000000000006,-0.051093
KXWCMENTION-26JUN24SUICAN-QATA,Mentions,"(0.8, 0.9]",-1,0.8468,1.0,-0.6032,0.0167544832,-0.6199544831999999
KXWCMENTION-26JUN24SUICAN-REDC,Mentions,"(0.8, 0.9]",-1,0.84,1.0,-0.6100000000000001,0.016652999999999998,-0.6266530000000001
KXWCMENTION-26JUN24SUICAN-TURF,Mentions,"(0.2, 0.3]",-1,0.22,1.0,-1.23,0.0006930000000000006,-1.230693
KXWCMENTION-26JUN24SUICAN-NQE,Mentions,"(-0.001, 0.1]",1,0.01,0.0,-0.015,0.0010342500000000002,-0.01603425
KXWCGOAL-26JUN24SCOBRA-BRAVINI7-2,Sports,"(0.1, 0.2]",1,0.13,1.0,0.375,0.01640625,0.35859375
KXHEARINGMENTION-26JUN24C-WHIS,Mentions,"(0.6, 0.7]",-1,0.64,1.0,-0.8049999999999999,0.010988250000000005,-0.81598825
KXHEARINGMENTION-26JUN24C-MEDI,Mentions,"(0.7, 0.8]",-1,0.7471,1.0,-0.6979,0.014758491300000003,-0.7126584912999999
KXHEARINGMENTION-26JUN24C-HOSP,Mentions,"(0.7, 0.8]",-1,0.7845,1.0,-0.6605000000000001,0.0156967825,-0.6761967825
KXHEARINGMENTION-26JUN24C-CHIN,Mentions,"(0.2, 0.3]",-1,0.2707,0.0,-0.17430000000000012,0.0006930000000000006,-0.17499300000000012
KXHEARINGMENTION-26JUN24C-COVI,Mentions,"(0.3, 0.4]",-1,0.3722,1.0,-1.0728,0.0006930000000000006,-1.073493
KXWCMENTION-26JUN24BIHQAT-COME,Mentions,"(0.3, 0.4]",-1,0.3796,0.0,-0.07040000000000002,0.0006930000000000006,-0.07109300000000002
KXHEARINGMENTION-26JUN24B-CHIN,Mentions,"(0.8, 0.9]",-1,0.8067,1.0,-0.6433,0.0160625577,-0.6593625577
KXHEARINGMENTION-26JUN24B-CRYP,Mentions,"(0.5, 0.6]",-1,0.5535,1.0,-0.7765,0.012148342500000003,-0.7886483424999999
KXHEARINGMENTION-26JUN24B-MENT,Mentions,"(0.4, 0.5]",-1,0.44,0.0,-0.010000000000000009,0.0006930000000000006,-0.01069300000000001
KXTRUMPMENTIONB-26JUN24C-GREE,Mentions,"(0.3, 0.4]",-1,0.39,0.0,-0.03499999999999992,0.0006930000000000006,-0.03569299999999992
KXTRUMPMENTIONB-26JUN24C-STOC,Mentions,"(0.5, 0.6]",-1,0.5217,0.0,0.09170000000000011,0.005830377700000007,0.08586962230000011
KXTRUMPMENTIONB-26JUN24C-PUTI,Mentions,"(0.4, 0.5]",-1,0.44,1.0,-0.9850000000000001,0.0010342499999999935,-0.9860342500000001
KXTRUMPMENTIONB-26JUN24C-CRYP,Mentions,"(-0.001, 0.1]",1,0.041,0.0,-0.46599999999999997,0.017419080000000003,-0.48341908
KXTRUMPMENTIONB-26JUN24C-OIL,Mentions,"(0.7, 0.8]",-1,0.7062,1.0,-0.6487999999999999,0.0159500992,-0.6647500991999999
KXHEARINGMENTION-26JUN24C-MINN,Mentions,"(0.6, 0.7]",-1,0.62,0.0,0.17500000000000004,0.010106250000000002,0.16489375000000003
KXWCMENTION-26JUN24SUICAN-ASSI,Mentions,"(0.3, 0.4]",-1,0.3574,0.0,-0.09260000000000002,0.0006930000000000006,-0.09329300000000001
KXTRUMPMENTIONB-26JUN24C-CEAS,Mentions,"(0.5, 0.6]",-1,0.5683,0.0,0.14329999999999998,0.0085935577,0.13470644229999998
KXTRUMPSAY-26JUN29-BIBI,Mentions,"(0.7, 0.8]",-1,0.76,1.0,-0.73,0.013797000000000002,-0.7437969999999999
KXTRUMPSAY-26JUN29-SLEE,Mentions,"(0.8, 0.9]",-1,0.83,1.0,-0.655,0.015818250000000002,-0.6708182500000001
KXTRUMPSAY-26JUN29-RIGG,Mentions,"(0.5, 0.6]",-1,0.59,1.0,-0.895,0.00657825,-0.90157825
KXMLBHRR-26JUN241607BALLAA-LAAWMECKLER53-3,Sports,"(0.2, 0.3]",-1,0.3,1.0,-0.865,0.008174250000000001,-0.87317425
KXTRUMPSAY-26JUN29-HOTT,Mentions,"(0.9, 1.0]",-1,0.9085,1.0,-0.5815,0.0170350425,-0.5985350425
KXWCMENTION-26JUN24MARHTI-CAPT,Mentions,"(0.6, 0.7]",-1,0.6593,1.0,-0.8257,0.0100743657,-0.8357743657
KXWCMENTION-26JUN24MARHTI-HIST,Mentions,"(0.3, 0.4]",-1,0.3786,1.0,-1.1063999999999998,0.0006930000000000006,-1.1070929999999999
KXWCMENTION-26JUN24MARHTI-CROS,Mentions,"(0.3, 0.4]",-1,0.34,1.0,-1.145,0.0006930000000000006,-1.145693
KXWCMENTION-26JUN24MARHTI-MBST,Mentions,"(-0.001, 0.1]",1,0.08,0.0,-0.565,0.017204250000000004,-0.58220425
KXWCMENTION-26JUN24MARHTI-SOCC,Mentions,"(0.2, 0.3]",-1,0.2981,1.0,-1.1519,0.0006930000000000006,-1.152593
KXWCMENTION-26JUN24SCOBRA-CHAM,Mentions,"(0.6, 0.7]",-1,0.68,1.0,-0.8049999999999999,0.010988250000000005,-0.81598825
KXWCMENTION-26JUN24SCOBRA-RECO,Mentions,"(0.6, 0.7]",-1,0.69,0.0,0.20499999999999996,0.011408249999999998,0.19359174999999995
KXWCMENTION-26JUN24SCOBRA-ASSI,Mentions,"(0.7, 0.8]",-1,0.78,1.0,-0.705,0.014558250000000003,-0.71955825
KXWCMENTION-26JUN24SCOBRA-CROS,Mentions,"(0.3, 0.4]",-1,0.34,1.0,-1.145,0.0006930000000000006,-1.145693
KXWCMENTION-26JUN24SCOBRA-TRUM,Mentions,"(0.2, 0.3]",-1,0.2684,1.0,-1.2166000000000001,0.0006930000000000006,-1.2172930000000002
KXWCMENTION-26JUN24SCOBRA-TURF,Mentions,"(0.2, 0.3]",-1,0.22,1.0,-1.2650000000000001,0.0006930000000000006,-1.2656930000000002
KXWCMENTION-26JUN24SCOBRA-VISA,Mentions,"(0.8, 0.9]",-1,0.85,1.0,-0.635,0.016224250000000003,-0.6512242500000001
KXMLBHR-26JUN241410CLECWS-CLEKMANZARDO9-1,Sports,"(0.1, 0.2]",1,0.19,0.0,-0.28500000000000003,0.014264250000000001,-0.29926425
KXWCSOA-26JUN24MARHTI-HTIJBELLE27,Sports,"(0.1, 0.2]",1,0.15,0.0,-0.22999999999999998,0.012397,-0.24239699999999997
KXWCMENTION-26JUN24SCOBRA-COME,Mentions,"(0.6, 0.7]",-1,0.6794,0.0,0.19440000000000002,0.010962604800000001,0.18343739520000002
KXMLBHR-26JUN241840SEAPIT-PITSHORWITZ2-1,Sports,"(0.1, 0.2]",1,0.16,0.0,-0.24,0.012768000000000002,-0.252768
KXMLBHR-26JUN241840NYYDET-DETSTORKELSON20-1,Sports,"(0.1, 0.2]",1,0.18,0.0,-0.275,0.013956250000000002,-0.28895625
KXEARNINGSMENTIONMU-26JUN24-INVE,Mentions,"(0.6, 0.7]",-1,0.64,0.0,0.19500000000000006,0.010988250000000005,0.18401175000000006
KXEARNINGSMENTIONMU-26JUN24-SMAR,Mentions,"(0.3, 0.4]",-1,0.34,0.0,-0.10499999999999998,0.0006930000000000006,-0.10569299999999998
KXWC1HSCORE-26JUN24CZEMEX-CZE0MEX2,Sports,"(0.1, 0.2]",1,0.1277,0.0,-0.5677,0.017179169700000003,-0.5848791697
KXWNBAPTS-26JUN24MINWSH-WSHSCITRON22-20,Sports,"(0.2, 0.3]",-1,0.29,1.0,-1.2,0.0006930000000000006,-1.200693
KXWNBASPREAD-26JUN24MINWSH-MIN7,Sports,"(0.5, 0.6]",-1,0.51,0.0,0.37,0.016317,0.35368299999999997
KXPSAKIMENTION-26JUN24-NQE,Mentions,"(-0.001, 0.1]",1,0.03,0.0,-0.52,0.017472,-0.5374720000000001
KXPSAKIMENTION-26JUN24-SOCI,Mentions,"(0.2, 0.3]",-1,0.27,0.0,-0.21499999999999986,0.0006930000000000006,-0.21569299999999986
KXPSAKIMENTION-26JUN24-AFFO,Mentions,"(0.2, 0.3]",-1,0.25,1.0,-1.2349999999999999,0.0006930000000000006,-1.235693
KXPSAKIMENTION-26JUN24B-HOME,Mentions,"(0.8, 0.9]",-1,0.8118,1.0,-0.6182000000000001,0.016522013199999998,-0.6347220132000001
KXMLBTOTAL-26JUN241910CHCNYMG2-6,Sports,"(0.7, 0.8]",-1,0.77,1.0,-0.505,0.017498250000000003,-0.52249825
KXTRUMPMENTION-26JUN24-FIRS,Mentions,"(0.7, 0.8]",-1,0.78,1.0,-0.5599999999999999,0.017248000000000003,-0.577248
KXTRUMPMENTION-26JUN24-TRAN,Mentions,"(0.8, 0.9]",-1,0.85,1.0,-0.495,0.01749825,-0.51249825
KXTRUMPMENTION-26JUN24-BALL,Mentions,"(0.6, 0.7]",-1,0.63,1.0,-0.735,0.01363425,-0.74863425
KXTRUMPMENTION-26JUN24-CRYP,Mentions,"(0.4, 0.5]",-1,0.5,0.0,0.30499999999999994,0.014838249999999999,0.29016174999999994
KXTRUMPMENTION-26JUN24-STOC,Mentions,"(0.8, 0.9]",-1,0.84,1.0,-0.5,0.0175,-0.5175
KXTRUMPMENTION-26JUN24-GULF,Mentions,"(0.5, 0.6]",-1,0.5625,1.0,-0.7825,0.011913562500000002,-0.7944135625
KXTRUMPMENTION-26JUN24-AI,Mentions,"(0.6, 0.7]",-1,0.6381,0.0,0.31810000000000005,0.015183867300000002,0.30291613270000006
KXTRUMPMENTION-26JUN24-SLEE,Mentions,"(0.2, 0.3]",-1,0.29,0.0,-0.1399999999999999,0.0006930000000000006,-0.1406929999999999
KXTRUMPMENTION-26JUN24-MIDN,Mentions,"(0.6, 0.7]",-1,0.64,0.0,0.20999999999999996,0.011613,0.19838699999999995
KXTRUMPMENTION-26JUN24-LOW,Mentions,"(0.6, 0.7]",-1,0.62,0.0,0.18999999999999995,0.010772999999999998,0.17922699999999994
KXTRUMPMENTION-26JUN24-HOAX,Mentions,"(0.4, 0.5]",-1,0.45,0.0,0.020000000000000018,0.0013720000000000015,0.018628000000000016
KXTRUMPMENTION-26JUN24-RADI,Mentions,"(0.2, 0.3]",-1,0.29,0.0,-0.1399999999999999,0.0006930000000000006,-0.1406929999999999
KXTRUMPMENTION-26JUN24-CUBA,Mentions,"(0.6, 0.7]",-1,0.6671,0.0,0.2371000000000001,0.012661851300000004,0.2244381487000001
KXTRUMPMENTIONDURATION-JUN2526-59,Mentions,"(0.6, 0.7]",-1,0.63,0.0,0.14,0.008428000000000001,0.13157200000000002
KXWCSOA-26JUN24CZEMEX-CZEAHLOZE23,Sports,"(0.2, 0.3]",-1,0.25,0.0,0.07499999999999996,0.004856249999999999,0.07014374999999996
KXTRUMPMENTIONDURATION-JUN2526-74,Mentions,"(0.2, 0.3]",-1,0.26,0.0,-0.10999999999999988,0.0006930000000000006,-0.11069299999999987
KXTRUMPMENTIONDURATION-JUN2526-84,Mentions,"(0.2, 0.3]",-1,0.2004,0.0,-0.25459999999999994,0.0006930000000000006,-0.25529299999999994
KXMLBHR-26JUN241940LADMIN-LADMMUNCY13-1,Sports,"(0.2, 0.3]",-1,0.22,0.0,0.09999999999999998,0.0063,0.09369999999999998
KXMLBHIT-26JUN241940LADMIN-LADAFREELAND76-2,Sports,"(0.1, 0.2]",1,0.16,0.0,-0.245,0.012948250000000001,-0.25794825
KXMLBTB-26JUN241910CHCNYMG2-NYMBBICHETTE19-3,Sports,"(0.2, 0.3]",-1,0.24,1.0,-0.91,0.0057329999999999985,-0.915733
KXMLBHRR-26JUN241945AZSTL-AZCCARROLL7-1,Sports,"(0.7, 0.8]",-1,0.76,1.0,-0.635,0.016224250000000003,-0.6512242500000001
KXWCSPREAD-26JUN24RSAKOR-KOR2,Sports,"(0.2, 0.3]",-1,0.27,0.0,0.17000000000000004,0.009877000000000004,0.16012300000000004
KXMLBHR-26JUN242040ATLSD-ATLJMATEO2-1,Sports,"(0.1, 0.2]",1,0.13,0.0,-0.2,0.011200000000000002,-0.2112
KXWCMENTION-26JUN24CZEMEX-COME,Mentions,"(0.4, 0.5]",-1,0.49,1.0,-0.995,0.0006930000000000006,-0.995693
KXWCMENTION-26JUN24CZEMEX-HAND,Mentions,"(0.6, 0.7]",-1,0.6283,0.0,0.14329999999999998,0.0085935577,0.13470644229999998
KXWCMENTION-26JUN24CZEMEX-WHAT,Mentions,"(0.2, 0.3]",-1,0.21,0.0,-0.24,0.0006930000000000006,-0.240693
KXWCMENTION-26JUN24CZEMEX-AZTC,Mentions,"(0.2, 0.3]",-1,0.26,1.0,-1.225,0.0006930000000000006,-1.2256930000000001
KXWCMENTION-26JUN24RSAKOR-COME,Mentions,"(0.5, 0.6]",-1,0.5401,1.0,-0.9449,0.003644479300000003,-0.9485444793
KXWCMENTION-26JUN24RSAKOR-CAPT,Mentions,"(0.6, 0.7]",-1,0.68,1.0,-0.8049999999999999,0.010988250000000005,-0.81598825
KXWCMENTION-26JUN24RSAKOR-ASSI,Mentions,"(0.3, 0.4]",-1,0.3696,1.0,-1.1154000000000002,0.0006930000000000006,-1.1160930000000002
KXWCMENTION-26JUN24RSAKOR-HEAD,Mentions,"(0.8, 0.9]",-1,0.8916,1.0,-0.5934,0.0168893508,-0.6102893508
KXWCMENTION-26JUN24RSAKOR-CROS,Mentions,"(0.3, 0.4]",-1,0.34,0.0,-0.14500000000000002,0.0006930000000000006,-0.14569300000000002
KXAAAGASD-26JUN25-3.910,Economics,"(0.9, 1.0]",-1,0.95,1.0,-0.41000000000000003,0.016933,-0.426933
KXAAAGASD-26JUN25-3.905,Economics,"(0.9, 1.0]",-1,0.9834,1.0,-0.3515999999999999,0.015958420799999998,-0.3675584207999999
KXAAAGASD-26JUN25-3.900,Economics,"(0.9, 1.0]",-1,0.99,1.0,-0.29500000000000004,0.014558250000000003,-0.30955825000000003
KXAAAGASD-26JUN25-3.895,Economics,"(0.9, 1.0]",-1,0.99,1.0,-0.245,0.012948250000000001,-0.25794825
KXAAAGASD-26JUN25-3.890,Economics,"(0.9, 1.0]",-1,0.99,1.0,-0.245,0.012948250000000001,-0.25794825
KXAAAGASD-26JUN25-3.940,Economics,"(-0.001, 0.1]",1,0.09,0.0,-0.43999999999999995,0.017248,-0.45724799999999993
KXAAAGASD-26JUN25-3.950,Economics,"(-0.001, 0.1]",1,0.04,0.0,-0.29,0.014413,-0.304413
KXAAAGASD-26JUN25-3.915,Economics,"(0.8, 0.9]",-1,0.8599,1.0,-0.5251,0.0174558993,-0.5425558993
KXMLBHR-26JUN242145ATHSF-SFCSCHMITT10-1,Sports,"(0.1, 0.2]",1,0.1583,0.0,-0.1883,0.0106990177,-0.1989990177
KXLATENIGHTMENTION-26JUN25-BECK,Mentions,"(-0.001, 0.1]",1,0.09,0.0,-0.575,0.017106250000000003,-0.59210625
KXESGDPYOYF-26JUN25-T3.2,Economics,"(-0.001, 0.1]",1,0.02,0.0,-0.51,0.017493,-0.527493
KXESGDPYOYF-26JUN25-T2.0,Economics,"(0.9, 1.0]",-1,0.98,1.0,-0.51,0.017493,-0.527493
KXESGDPYOYF-26JUN25-T2.2,Economics,"(0.9, 1.0]",-1,0.98,1.0,-0.51,0.017493,-0.527493
KXESGDPYOYF-26JUN25-T4.2,Economics,"(-0.001, 0.1]",1,0.01,0.0,-0.5,0.0175,-0.5175
KXESGDPYOYF-26JUN25-T1.4,Economics,"(0.9, 1.0]",-1,0.99,1.0,-0.5,0.0175,-0.5175
KXESGDPYOYF-26JUN25-T2.4,Economics,"(0.9, 1.0]",-1,0.98,1.0,-0.51,0.017493,-0.527493
KXESGDPQOQF-26JUN25-T1.3,Economics,"(-0.001, 0.1]",1,0.01,0.0,-0.5,0.0175,-0.5175
KXESGDPQOQF-26JUN25-T1.2,Economics,"(-0.001, 0.1]",1,0.02,0.0,-0.51,0.017493,-0.527493
KXESGDPQOQF-26JUN25-T1.1,Economics,"(-0.001, 0.1]",1,0.02,0.0,-0.51,0.017493,-0.527493
KXESGDPQOQF-26JUN25-T1.0,Economics,"(-0.001, 0.1]",1,0.02,0.0,-0.51,0.017493,-0.527493
KXESGDPQOQF-26JUN25-T0.6,Economics,"(0.9, 1.0]",-1,0.94,0.0,0.44999999999999996,0.017325,0.432675
KXESGDPQOQF-26JUN25-T0.5,Economics,"(0.8, 0.9]",-1,0.9,1.0,-0.59,0.016933000000000004,-0.606933
KXESGDPQOQF-26JUN25-T0.1,Economics,"(0.9, 1.0]",-1,0.98,1.0,-0.51,0.017493,-0.527493
KXESGDPYOYF-26JUN25-T1.8,Economics,"(0.9, 1.0]",-1,0.99,1.0,-0.5,0.0175,-0.5175
KXESGDPQOQF-26JUN25-T-0.1,Economics,"(0.9, 1.0]",-1,0.99,1.0,-0.5,0.0175,-0.5175
KXESGDPQOQF-26JUN25-T-0.0,Economics,"(0.9, 1.0]",-1,0.98,1.0,-0.51,0.017493,-0.527493
KXESGDPYOYF-26JUN25-T2.6,Economics,"(0.9, 1.0]",-1,0.97,1.0,-0.52,0.017472,-0.5374720000000001
KXESGDPYOYF-26JUN25-T3.4,Economics,"(-0.001, 0.1]",1,0.02,0.0,-0.51,0.017493,-0.527493
KXESGDPYOYF-26JUN25-T2.8,Economics,"(-0.001, 0.1]",1,0.03,0.0,-0.52,0.017472,-0.5374720000000001
KXESGDPYOYF-26JUN25-T4.0,Economics,"(-0.001, 0.1]",1,0.01,0.0,-0.5,0.0175,-0.5175
KXESGDPYOYF-26JUN25-T3.0,Economics,"(-0.001, 0.1]",1,0.02,0.0,-0.51,0.017493,-0.527493
KXESGDPYOYF-26JUN25-T3.8,Economics,"(-0.001, 0.1]",1,0.01,0.0,-0.5,0.0175,-0.5175
KXESGDPYOYF-26JUN25-T3.6,Economics,"(-0.001, 0.1]",1,0.01,0.0,-0.5,0.0175,-0.5175
KXESGDPQOQF-26JUN25-T0.2,Economics,"(0.9, 1.0]",-1,0.98,1.0,-0.51,0.017493,-0.527493
KXESGDPYOYF-26JUN25-T1.6,Economics,"(0.9, 1.0]",-1,0.99,1.0,-0.5,0.0175,-0.5175
KXUE-MEX26JUN-2.2,Economics,"(-0.001, 0.1]",1,0.06,1.0,0.51,0.017493,0.49250700000000003
KXUE-MEX26JUN-2.9,Economics,"(0.4, 0.5]",-1,0.45,0.0,-0.004999999999999893,0.0006930000000000006,-0.005692999999999894
KXUE-MEX26JUN-2.3,Economics,"(0.8, 0.9]",-1,0.81,1.0,-0.6349999999999999,0.016224250000000003,-0.65122425
KXBTCD-26JUN2509-T61399.99,Crypto,"(0.2, 0.3]",-1,0.2916,0.0,0.2866000000000001,0.014312230800000002,0.2722877692000001
KXITFWMATCH-26JUN24NAKBAC-NAK,Sports,"(0.1, 0.2]",1,0.12,0.0,-0.61,0.016653,-0.626653
KXINXU-26JUN25H1000-T7369.9999,Financials,"(0.9, 1.0]",-1,0.95,0.0,0.9299999999999999,0.004557000000000005,0.9254429999999999
KXINXU-26JUN25H1000-T7379.9999,Financials,"(0.9, 1.0]",-1,0.91,0.0,0.885,0.007124249999999997,0.8778757500000001
KXWTAMATCH-26JUN25KUDCHA-KUD,Sports,"(0.5, 0.6]",-1,0.54,1.0,-0.885,0.00712425,-0.8921242500000001
KXPSAKIMENTION-26JUN24B-AI,Mentions,"(0.9, 1.0]",-1,0.9338,0.0,0.5038,0.017498989200000006,0.48630101080000004
KXLATENIGHTMENTION-26JUN25-AI,Mentions,"(-0.001, 0.1]",1,0.09,0.0,-0.575,0.017106250000000003,-0.59210625
KXETHD-26JUN2511-T1549.99,Crypto,"(0.2, 0.3]",-1,0.24,1.0,-1.0,0.0006930000000000006,-1.000693
KXEOWEEK-26JUN13-0,Politics,"(0.8, 0.9]",-1,0.88,0.0,0.85,0.008925000000000002,0.841075
KXWOLFORDLOPEZ-26AUG,Politics,"(0.8, 0.9]",-1,0.8541,1.0,-0.1809,0.010372263300000002,-0.1912722633
KXHAITITPS-26AUG,Politics,"(0.8, 0.9]",-1,0.82,1.0,-0.22000000000000003,0.012012000000000004,-0.23201200000000002
KXFEDTWEETS-26JUN25-911,Economics,"(-0.001, 0.1]",1,0.1,0.0,-0.585,0.016994250000000002,-0.60199425
KXFEDTWEETS-26JUN25-20,Economics,"(0.4, 0.5]",-1,0.4667,0.0,-0.018299999999999983,0.0006930000000000006,-0.018992999999999982
KXFEDTWEETS-26JUN25-09,Economics,"(0.9, 1.0]",-1,0.99,0.0,0.505,0.01749825,0.48750175
KXPGAROUNDSCORE-TRAV26R1-NHOJ68,Sports,"(0.5, 0.6]",-1,0.5997,0.0,0.14970000000000006,0.008910293700000004,0.14078970630000004
KXHEARINGMENTION-26JUN25-NQE,Mentions,"(-0.001, 0.1]",1,0.03,0.0,-0.48,0.017472,-0.49747199999999997
KXHEARINGMENTION-26JUN25-COMM,Mentions,"(0.9, 1.0]",-1,0.91,1.0,-0.5599999999999999,0.017248000000000003,-0.577248
KXHEARINGMENTION-26JUN25-TAIW,Mentions,"(0.5, 0.6]",-1,0.57,1.0,-0.8800000000000001,0.007391999999999995,-0.8873920000000001
KXHEARINGMENTION-26JUN25-AI,Mentions,"(0.8, 0.9]",-1,0.8019,1.0,-0.6481000000000001,0.0159646473,-0.6640646473000001
KXHEARINGMENTION-26JUN25-SOCI,Mentions,"(0.4, 0.5]",-1,0.42,0.0,-0.030000000000000027,0.0006930000000000006,-0.030693000000000026
KXBNB15M-26JUN251245-45,Crypto,"(0.2, 0.3]",-1,0.2467,0.0,0.24170000000000003,0.012829677700000002,0.2288703223
KXHOCHULMENTION-26JUN24-ECON,Mentions,"(0.4, 0.5]",-1,0.4542,0.0,-0.02079999999999993,0.0006930000000000006,-0.02149299999999993
KXHOCHULMENTION-26JUN24-CONS,Mentions,"(0.2, 0.3]",-1,0.2456,0.0,-0.23439999999999994,0.0006930000000000006,-0.23509299999999994
KXATPCHALLENGERMATCH-26JUN25NESCOM-NES,Sports,"(0.5, 0.6]",-1,0.51,1.0,-0.98,0.0013720000000000015,-0.981372
KXEARNINGSMENTIONBB-26DEC31-NVID,Mentions,"(0.5, 0.6]",-1,0.5472,1.0,-0.9278,0.004689101200000003,-0.9324891012
KXEARNINGSMENTIONBB-26DEC31-AUTO,Mentions,"(0.5, 0.6]",-1,0.502,1.0,-0.973,0.0018389700000000018,-0.97483897
KXEARNINGSMENTIONBB-26DEC31-ALLO,Mentions,"(0.7, 0.8]",-1,0.751,1.0,-0.724,0.013987680000000002,-0.73798768
KXEARNINGSMENTIONBB-26DEC31-TAIL,Mentions,"(0.5, 0.6]",-1,0.5613,1.0,-0.9137,0.005519661700000003,-0.9192196616999999
KXEARNINGSMENTIONBB-26DEC31-AMAZ,Mentions,"(0.2, 0.3]",-1,0.26,0.0,-0.21499999999999986,0.0006930000000000006,-0.21569299999999986
KXITFMATCH-26JUN25WEIWIN-WIN,Sports,"(0.7, 0.8]",-1,0.73,0.0,0.24,0.012768,0.227232
KXBTCD-26JUN2515-T59899.99,Crypto,"(0.2, 0.3]",-1,0.2396,0.0,0.23460000000000003,0.012569398800000001,0.22203060120000004
KXMLBHR-26JUN251235SEAPIT-PITROHEARN29-1,Sports,"(0.1, 0.2]",1,0.14,0.0,-0.21500000000000002,0.01181425,-0.22681425000000002
KXPOLITICSMENTION-26JUN25-NQE,Mentions,"(-0.001, 0.1]",1,0.0556,0.0,-0.5056,0.017497804800000002,-0.5230978048
KXPOLITICSMENTION-26JUN25-SECU,Mentions,"(0.5, 0.6]",-1,0.5702,1.0,-0.8748,0.007666747199999999,-0.8824667472000001
KXPOLITICSMENTION-26JUN25-DRON,Mentions,"(0.4, 0.5]",-1,0.4067,1.0,-1.0383,0.0006930000000000006,-1.038993
KXNASDAQ100U-26JUN25H1600-T28799.99,Financials,"(0.9, 1.0]",-1,0.96,1.0,-0.06500000000000006,0.004254250000000004,-0.06925425000000006
KXNASDAQ100U-26JUN25H1600-T28299.99,Financials,"(0.9, 1.0]",-1,0.93,1.0,-0.09499999999999997,0.006018249999999999,-0.10101824999999998
KXINXU-26JUN25H1600-T7199.9999,Financials,"(0.9, 1.0]",-1,0.99,1.0,-0.10499999999999998,0.00657825,-0.11157824999999998
KXINXU-26JUN25H1600-T7249.9999,Financials,"(0.9, 1.0]",-1,0.96,1.0,-0.13500000000000006,0.008174250000000004,-0.14317425000000006
KXMLBHRR-26JUN251235SEAPIT-PITBLOWE5-2,Sports,"(0.5, 0.6]",-1,0.5101,1.0,-0.7449,0.013301679300000003,-0.7582016793
KXCS2GAME-26JUN251400APOGEEINF-INF,Sports,"(0.5, 0.6]",-1,0.55,1.0,-0.9199999999999999,0.005152000000000005,-0.925152
KXLASTWORDCOUNT-LAWR26JUN24-35,Mentions,"(0.8, 0.9]",-1,0.85,1.0,-0.64,0.016128000000000003,-0.656128
KXPGAH2H-TRC26R1VHOVBCAU-VHOV,Sports,"(0.5, 0.6]",-1,0.55,0.0,0.07500000000000007,0.004856250000000005,0.07014375000000006
KXWCSOA-26JUN25CUWCIV-CIVNPEPE19,Sports,"(0.5, 0.6]",-1,0.6,1.0,-0.73,0.013797000000000002,-0.7437969999999999
KXWCGOAL-26JUN25ECUGER-ECUJYEBOA9-1,Sports,"(0.1, 0.2]",1,0.13,0.0,-0.21000000000000002,0.011613000000000004,-0.22161300000000003
KXWCGOAL-26JUN25CUWCIV-CIVGDOUE22-1,Sports,"(0.1, 0.2]",1,0.11,0.0,-0.16999999999999998,0.009877000000000002,-0.17987699999999998
KXWCMENTION-26JUN25CUWCIV-NUTM,Mentions,"(0.2, 0.3]",-1,0.215,0.0,-0.27,0.0006930000000000006,-0.270693
KXWCMENTION-26JUN25CUWCIV-VISA,Mentions,"(0.8, 0.9]",-1,0.8431,1.0,-0.6419,0.0160905073,-0.6579905073000001
KXWCMENTION-26JUN25CUWCIV-TURF,Mentions,"(0.8, 0.9]",-1,0.83,1.0,-0.655,0.015818250000000002,-0.6708182500000001
KXWCMENTION-26JUN25CUWCIV-GOLD,Mentions,"(0.2, 0.3]",-1,0.298,0.0,-0.18699999999999983,0.0006930000000000006,-0.18769299999999983
KXWCMENTION-26JUN25CUWCIV-LFFL,Mentions,"(-0.001, 0.1]",1,0.07,0.0,-0.5549999999999999,0.017288250000000005,-0.5722882499999999
KXWCMENTION-26JUN25CUWCIV-NQE,Mentions,"(-0.001, 0.1]",1,0.0107,0.0,-0.4957,0.0174987057,-0.5131987056999999
KXWCMENTION-26JUN25ECUGER-CAPT,Mentions,"(0.8, 0.9]",-1,0.84,1.0,-0.645,0.01602825,-0.66102825
KXWCMENTION-26JUN25ECUGER-HAND,Mentions,"(0.5, 0.6]",-1,0.52,0.0,0.03500000000000003,0.002364250000000002,0.032635750000000026
KXWCMENTION-26JUN25ECUGER-MESS,Mentions,"(0.7, 0.8]",-1,0.8,1.0,-0.6849999999999999,0.015104250000000003,-0.70010425
KXWCMENTION-26JUN25ECUGER-VISA,Mentions,"(0.8, 0.9]",-1,0.85,1.0,-0.635,0.016224250000000003,-0.6512242500000001
KXWCMENTION-26JUN25ECUGER-CROS,Mentions,"(0.3, 0.4]",-1,0.3428,1.0,-1.1421999999999999,0.0006930000000000006,-1.142893
KXWCMENTION-26JUN25ECUGER-NQE,Mentions,"(-0.001, 0.1]",1,0.0103,0.0,-0.49529999999999996,0.017498453700000003,-0.5127984537
KXTRUMPMENTIONB-26JUN25-TRAN,Mentions,"(0.7, 0.8]",-1,0.7881,1.0,-0.6418999999999999,0.016090507300000004,-0.6579905073
KXTRUMPMENTIONB-26JUN25-BIDE,Mentions,"(0.7, 0.8]",-1,0.78,1.0,-0.6499999999999999,0.015925000000000005,-0.6659249999999999
KXTRUMPMENTIONB-26JUN25-MARD,Mentions,"(0.5, 0.6]",-1,0.5133,1.0,-0.9167000000000001,0.005345277699999997,-0.9220452777000001
KXTRUMPMENTIONB-26JUN25-SAVE,Mentions,"(0.5, 0.6]",-1,0.55,1.0,-0.8799999999999999,0.007392000000000006,-0.8873919999999998
KXTRUMPMENTIONB-26JUN25-OIL,Mentions,"(0.7, 0.8]",-1,0.782,1.0,-0.6479999999999999,0.015966720000000004,-0.6639667199999999
KXTRUMPMENTIONB-26JUN25-HOTT,Mentions,"(0.7, 0.8]",-1,0.78,0.0,0.3500000000000001,0.015925000000000005,0.33407500000000007
KXTRUMPMENTIONB-26JUN25-NQE,Mentions,"(-0.001, 0.1]",1,0.07,0.0,-0.5,0.0175,-0.5175
KXTRUMPMENTIONB-26JUN25-ISRA,Mentions,"(0.2, 0.3]",-1,0.2375,0.0,-0.1924999999999999,0.0006930000000000006,-0.1931929999999999
KXTRUMPMENTIONB-26JUN25-250,Mentions,"(0.3, 0.4]",-1,0.3313,0.0,-0.09870000000000001,0.0006930000000000006,-0.09939300000000001
KXTRUMPMENTIONB-26JUN25-HEAL,Mentions,"(0.2, 0.3]",-1,0.2672,0.0,-0.16280000000000006,0.0006930000000000006,-0.16349300000000005
KXTRUMPMENTIONB-26JUN25-BARA,Mentions,"(0.3, 0.4]",-1,0.4,0.0,-0.030000000000000027,0.0006930000000000006,-0.030693000000000026
KXWCMENTION-26JUN25CUWCIV-COME,Mentions,"(0.5, 0.6]",-1,0.55,0.0,0.06500000000000006,0.0042542500000000046,0.06074575000000006
KXWCMENTION-26JUN25ECUGER-OWNG,Mentions,"(0.7, 0.8]",-1,0.73,0.0,0.245,0.012948250000000001,0.23205175
KXMLBHIT-26JUN251545ATHSF-SFRDEVERS16-2,Sports,"(0.2, 0.3]",-1,0.22,0.0,0.10999999999999999,0.006853,0.10314699999999999
KXTRUMPMENTION-26JUN25-IRAN,Mentions,"(0.7, 0.8]",-1,0.8,1.0,-0.6849999999999999,0.015104250000000003,-0.70010425
KXTRUMPMENTION-26JUN25-250,Mentions,"(0.8, 0.9]",-1,0.81,1.0,-0.6749999999999999,0.015356250000000004,-0.6903562499999999
KXTRUMPMENTION-26JUN25-EGG,Mentions,"(0.4, 0.5]",-1,0.476,1.0,-1.009,0.0006930000000000006,-1.009693
KXTRUMPMENTION-26JUN25-CHIN,Mentions,"(0.7, 0.8]",-1,0.8,1.0,-0.6849999999999999,0.015104250000000003,-0.70010425
KXTRUMPMENTION-26JUN25-AFFO,Mentions,"(0.5, 0.6]",-1,0.5025,1.0,-0.9825,0.0012035624999999974,-0.9837035625
KXWCGAME-26JUN25JPNSWE-JPN,Sports,"(0.7, 0.8]",-1,0.79,0.0,0.405,0.01686825,0.38813175
KXWCFIRSTGOAL-26JUN25TUNNED-NEDDMALEN14,Sports,"(0.2, 0.3]",-1,0.2037,0.0,0.10870000000000002,0.0067819017000000014,0.10191809830000002
KXWCMENTION-26JUN25JPNSWE-CAPT,Mentions,"(0.4, 0.5]",-1,0.48,1.0,-1.005,0.0006930000000000006,-1.005693
KXWCMENTION-26JUN25JPNSWE-CHAM,Mentions,"(0.7, 0.8]",-1,0.75,1.0,-0.735,0.01363425,-0.74863425
KXWCMENTION-26JUN25JPNSWE-CROS,Mentions,"(0.3, 0.4]",-1,0.3469,0.0,-0.1381000000000001,0.0006930000000000006,-0.1387930000000001
KXWCMENTION-26JUN25JPNSWE-RONA,Mentions,"(0.8, 0.9]",-1,0.81,1.0,-0.6749999999999999,0.015356250000000004,-0.6903562499999999
KXWCMENTION-26JUN25JPNSWE-TURF,Mentions,"(0.3, 0.4]",-1,0.3714,1.0,-1.0786,0.0006930000000000006,-1.079293
KXWCMENTION-26JUN25JPNSWE-VAR,Mentions,"(0.6, 0.7]",-1,0.6384,0.0,0.1883999999999999,0.010703380799999997,0.1776966191999999
KXWCMENTION-26JUN25JPNSWE-GOLD,Mentions,"(0.2, 0.3]",-1,0.2609,1.0,-1.2241,0.0006930000000000006,-1.224793
KXWCMENTION-26JUN25JPNSWE-ATTS,Mentions,"(0.6, 0.7]",-1,0.63,0.0,0.14500000000000002,0.008678250000000002,0.13632175000000002
KXWCMENTION-26JUN25TUNNED-HATT,Mentions,"(0.5, 0.6]",-1,0.5642,0.0,0.07920000000000005,0.005104915200000003,0.07409508480000004
KXWCMENTION-26JUN25TUNNED-NUTM,Mentions,"(0.2, 0.3]",-1,0.2143,0.0,-0.27070000000000016,0.0006930000000000006,-0.27139300000000016
KXWCMENTION-26JUN25TUNNED-TURF,Mentions,"(0.8, 0.9]",-1,0.85,1.0,-0.635,0.016224250000000003,-0.6512242500000001
KXWCMENTION-26JUN25TUNNED-GOLD,Mentions,"(0.3, 0.4]",-1,0.3053,0.0,-0.17969999999999997,0.0006930000000000006,-0.18039299999999997
KXWCMENTION-26JUN25TUNNED-VAR,Mentions,"(0.7, 0.8]",-1,0.7055,0.0,0.22050000000000003,0.012031582500000002,0.20846841750000003
KXWCMENTION-26JUN25TUNNED-NQE,Mentions,"(-0.001, 0.1]",1,0.01,0.0,-0.015,0.0010342500000000002,-0.01603425
KXWCMENTION-26JUN25TUNNED-PENA,Mentions,"(0.8, 0.9]",-1,0.8118,0.0,0.3268,0.015400123200000001,0.3113998768
KXMLBTOTAL-26JUN251907TEXTOR-5,Sports,"(0.8, 0.9]",-1,0.84,1.0,-0.64,0.016128000000000003,-0.656128
KXMLBHIT-26JUN251845PHIWSH-WSHDLILE4-2,Sports,"(0.2, 0.3]",-1,0.23,1.0,-0.9,0.0063,-0.9063
KXMLBTB-26JUN251910NYYBOS-NYYAVOLPE11-3,Sports,"(0.2, 0.3]",-1,0.25,0.0,-0.24,0.0006930000000000006,-0.240693
KXLASTWORDMENTION-26JUN25-ICE,Mentions,"(0.3, 0.4]",-1,0.3624,0.0,-0.12259999999999982,0.0006930000000000006,-0.12329299999999982
KXLASTWORDMENTION-26JUN25-SLUS,Mentions,"(0.7, 0.8]",-1,0.75,1.0,-0.735,0.01363425,-0.74863425
KXLASTWORDMENTION-26JUN25-EPST,Mentions,"(0.2, 0.3]",-1,0.2644,0.0,-0.22060000000000013,0.0006930000000000006,-0.22129300000000013
KXLASTWORDMENTION-26JUN25-ELEC,Mentions,"(0.4, 0.5]",-1,0.404,1.0,-1.081,0.0006930000000000006,-1.081693
KXAAAGASD-26JUN26-3.895,Economics,"(0.8, 0.9]",-1,0.882,1.0,-0.518,0.017477320000000005,-0.53547732
KXAAAGASD-26JUN26-3.890,Economics,"(0.9, 1.0]",-1,0.98,1.0,-0.37,0.016317,-0.386317
KXAAAGASD-26JUN26-3.885,Economics,"(0.9, 1.0]",-1,0.98,1.0,-0.32,0.015232,-0.33523200000000003
KXAAAGASD-26JUN26-3.880,Economics,"(0.9, 1.0]",-1,0.96,1.0,-0.29000000000000004,0.014413000000000004,-0.30441300000000004
KXAAAGASD-26JUN26-3.920,Economics,"(-0.001, 0.1]",1,0.09,0.0,-0.48,0.017472,-0.49747199999999997
KXAAAGASD-26JUN26-3.960,Economics,"(-0.001, 0.1]",1,0.04,0.0,-0.08499999999999999,0.00544425,-0.09044424999999999
KXWCTCORNERS-26JUN25PARAUS-PAR5,Sports,"(0.5, 0.6]",-1,0.5147,0.0,0.4347000000000001,0.0172015137,0.4174984863000001
KXWNBAPTS-26JUN25NYSEA-NYJJONES35-10,Sports,"(0.8, 0.9]",-1,0.82,1.0,-0.67,0.015477,-0.685477
KXWNBAAST-26JUN25NYSEA-NYSIONESCU20-5,Sports,"(0.5, 0.6]",-1,0.57,1.0,-0.92,0.005151999999999999,-0.9251520000000001
KXWCMENTION-26JUN25PARAUS-CAPT,Mentions,"(0.8, 0.9]",-1,0.84,1.0,-0.645,0.01602825,-0.66102825
KXWCMENTION-26JUN25PARAUS-VISA,Mentions,"(0.8, 0.9]",-1,0.85,1.0,-0.635,0.016224250000000003,-0.6512242500000001
KXWCMENTION-26JUN25PARAUS-VAR,Mentions,"(0.7, 0.8]",-1,0.73,1.0,-0.755,0.012948250000000001,-0.76794825
KXWCMENTION-26JUN25TURUSA-CHAM,Mentions,"(0.7, 0.8]",-1,0.75,1.0,-0.735,0.01363425,-0.74863425
KXWCMENTION-26JUN25TURUSA-RECO,Mentions,"(0.6, 0.7]",-1,0.69,1.0,-0.795,0.011408249999999998,-0.80640825
KXWCMENTION-26JUN25TURUSA-RONA,Mentions,"(0.7, 0.8]",-1,0.77,0.0,0.28500000000000003,0.014264250000000003,0.27073575000000005
KXWCMENTION-26JUN25TURUSA-WHAT,Mentions,"(0.2, 0.3]",-1,0.21,0.0,-0.2749999999999999,0.0006930000000000006,-0.2756929999999999
KXWCMENTION-26JUN25TURUSA-VISA,Mentions,"(0.8, 0.9]",-1,0.85,1.0,-0.635,0.016224250000000003,-0.6512242500000001
KXWCMENTION-26JUN25TURUSA-CROS,Mentions,"(0.3, 0.4]",-1,0.3411,1.0,-1.1439,0.0006930000000000006,-1.144593
KXWCMENTION-26JUN25TURUSA-OWNG,Mentions,"(0.5, 0.6]",-1,0.5949,0.0,0.1099,0.006847539300000001,0.1030524607
KXWCMENTION-26JUN25TURUSA-SOFI,Mentions,"(0.6, 0.7]",-1,0.65,0.0,0.16500000000000004,0.009644250000000002,0.15535575000000004
KXWCMENTION-26JUN25TURUSA-RACH,Mentions,"(0.2, 0.3]",-1,0.27,0.0,-0.21499999999999986,0.0006930000000000006,-0.21569299999999986
KXWCMENTION-26JUN25TURUSA-CALI,Mentions,"(0.8, 0.9]",-1,0.84,1.0,-0.645,0.01602825,-0.66102825
KXWNBA4QWINNER-26JUN25NYSEA-NY,Sports,"(0.5, 0.6]",-1,0.58,1.0,-0.88,0.007392000000000001,-0.887392
KXWCSOA-26JUN25TURUSA-USASDEST8,Sports,"(0.2, 0.3]",-1,0.24,0.0,-0.22999999999999998,0.0006930000000000006,-0.23069299999999998
KXWCMENTION-26JUN25TURUSA-SHUT,Mentions,"(0.2, 0.3]",-1,0.21,0.0,-0.2749999999999999,0.0006930000000000006,-0.2756929999999999
KXITFWMATCH-26JUN26FETPOP-FET,Sports,"(0.5, 0.6]",-1,0.55,0.0,0.06000000000000005,0.003948000000000004,0.056052000000000046
KXMAMDANIMENTION-26JUN26-BILL,Mentions,"(0.2, 0.3]",-1,0.2085,0.0,-0.27649999999999997,0.0006930000000000006,-0.27719299999999997
KXMAMDANIMENTION-26JUN26-AFFO,Mentions,"(0.7, 0.8]",-1,0.7226,0.0,0.23760000000000003,0.012680236800000003,0.22491976320000004
KXLASTWORDMENTION-26JUN25-AFFO,Mentions,"(0.3, 0.4]",-1,0.3722,0.0,-0.11280000000000001,0.0006930000000000006,-0.11349300000000001
KXLASTWORDMENTION-26JUN25-OIL,Mentions,"(0.4, 0.5]",-1,0.5,0.0,0.015000000000000013,0.001034250000000001,0.013965750000000013
KXWCMENTION-26JUN25TUNNED-EQUA,Mentions,"(0.4, 0.5]",-1,0.485,0.0,0.0,0.0006930000000000006,-0.0006930000000000006
KXWCMENTION-26JUN25TUNNED-CHAM,Mentions,"(0.3, 0.4]",-1,0.36,0.0,-0.125,0.0006930000000000006,-0.125693
KXTRUMPMENTIONB-26JUN24-SAVE,Mentions,"(0.5, 0.6]",-1,0.59,0.0,0.10999999999999999,0.006853,0.10314699999999999
KXTRUMPMENTIONB-26JUN24-OIL,Mentions,"(0.6, 0.7]",-1,0.618,0.0,0.138,0.008326920000000002,0.12967308
KXTRUMPMENTIONB-26JUN24-HORM,Mentions,"(0.4, 0.5]",-1,0.4567,0.0,0.23170000000000002,0.012461057700000002,0.21923894230000002
KXTRUMPMENTIONB-26JUN24-AI,Mentions,"(0.3, 0.4]",-1,0.36,0.0,0.31999999999999995,0.015232,0.30476799999999993
KXTRUMPMENTIONB-26JUN24-BIDE,Mentions,"(0.6, 0.7]",-1,0.62,0.0,0.31000000000000005,0.014973000000000004,0.29502700000000004
KXTRUMPMENTIONB-26JUN24-DEMO,Mentions,"(0.5, 0.6]",-1,0.57,0.0,0.08999999999999997,0.0057329999999999985,0.08426699999999997
KXTRUMPMENTIONB-26JUN24-FANN,Mentions,"(0.5, 0.6]",-1,0.51,0.0,0.030000000000000027,0.002037000000000002,0.027963000000000026
KXTRUMPMENTIONB-26JUN24-VETE,Mentions,"(0.5, 0.6]",-1,0.56,0.0,0.08000000000000007,0.005152000000000005,0.07484800000000007
KXTRUMPMENTIONB-26JUN24-STOC,Mentions,"(0.6, 0.7]",-1,0.67,0.0,0.19000000000000006,0.010773000000000003,0.17922700000000005
KXTRUMPMENTIONB-26JUN24-RENT,Mentions,"(0.5, 0.6]",-1,0.56,0.0,0.08000000000000007,0.005152000000000005,0.07484800000000007
KXTRUMPMENTIONB-26JUN24-FIRS,Mentions,"(0.6, 0.7]",-1,0.6265,0.0,0.14649999999999996,0.0087526425,0.13774735749999997
KXLOVEISLMENTION-26JUN25-HEAR,Mentions,"(0.6, 0.7]",-1,0.6827,0.0,0.23770000000000002,0.012683909700000003,0.22501609030000003
KXLOVEISLMENTION-26JUN25-LOYA,Mentions,"(0.8, 0.9]",-1,0.84,0.0,0.395,0.016728250000000004,0.37827175
KXLOVEISLMENTION-26JUN25-DRAM,Mentions,"(0.8, 0.9]",-1,0.84,1.0,-0.605,0.016728250000000004,-0.62172825
KXLOVEISLMENTION-26JUN25-MESS,Mentions,"(0.8, 0.9]",-1,0.8217,0.0,0.3467,0.015854937700000002,0.3308450623
KXLOVEISLMENTION-26JUN25-WHER,Mentions,"(0.7, 0.8]",-1,0.772,0.0,0.32200000000000006,0.015282120000000003,0.30671788000000005
KXLOVEISLMENTION-26JUN25-PRIZ,Mentions,"(-0.001, 0.1]",1,0.04,0.0,-0.49,0.017493,-0.507493
KXCOACHOUTMLB-26DEC01-CMEN,Sports,"(0.9, 1.0]",-1,0.99,1.0,-0.505,0.017498250000000003,-0.52249825
KXLATENIGHTMENTION-26JUN26-ENGL,Mentions,"(0.4, 0.5]",-1,0.405,1.0,-1.08,0.0006930000000000006,-1.0806930000000001
KXLATENIGHTMENTION-26JUN26-GOLD,Mentions,"(0.3, 0.4]",-1,0.37,0.0,-0.11499999999999999,0.0006930000000000006,-0.11569299999999999
KXLATENIGHTMENTION-26JUN26-MBAP,Mentions,"(0.5, 0.6]",-1,0.57,0.0,0.08499999999999996,0.005444249999999999,0.07955574999999997
KXLATENIGHTMENTION-26JUN26-MIAM,Mentions,"(-0.001, 0.1]",1,0.04,0.0,-0.525,0.017456250000000003,-0.54245625
KXLATENIGHTMENTION-26JUN26-ELIM,Mentions,"(0.3, 0.4]",-1,0.4,0.0,-0.08499999999999996,0.0006930000000000006,-0.08569299999999996
KXMLBSTATCOUNT-263HR-AH-4,Sports,"(0.9, 1.0]",-1,0.95,1.0,-0.07000000000000006,0.004557000000000005,-0.07455700000000007
KXLATENIGHTMENTION-26JUN26-AI,Mentions,"(0.4, 0.5]",-1,0.4699,0.0,-0.015099999999999891,0.0006930000000000006,-0.01579299999999989
KXXRPD-26JUN2612-T1.0399,Crypto,"(0.2, 0.3]",-1,0.24,1.0,-1.2349999999999999,0.0006930000000000006,-1.235693
KXT20MATCH-26JUN260830INDIRL-IRL,Sports,"(0.1, 0.2]",1,0.13,1.0,0.38,0.016492,0.363508
KXCODGAME-26JUN261230C9NYPAR-C9NY,Sports,"(0.9, 1.0]",-1,0.94,0.0,0.48,0.017472,0.462528
KXBESSENTMTPMENTION-26JUN26-NQE,Mentions,"(-0.001, 0.1]",1,0.02,0.0,-0.47000000000000003,0.017437000000000005,-0.487437
KXBESSENTMTPMENTION-26JUN26-MANU,Mentions,"(0.8, 0.9]",-1,0.8431,1.0,-0.6069,0.016700067300000003,-0.6236000673
KXBESSENTMTPMENTION-26JUN26-TARI,Mentions,"(0.8, 0.9]",-1,0.8457,1.0,-0.6043000000000001,0.0167385057,-0.6210385057000001
KXBESSENTMTPMENTION-26JUN26-CHIN,Mentions,"(0.3, 0.4]",-1,0.3959,1.0,-1.0541,0.0006930000000000006,-1.054793
KXNASDAQ100U-26JUN26H1600-T27699.99,Financials,"(0.9, 1.0]",-1,0.99,1.0,-0.030000000000000027,0.002037000000000002,-0.03203700000000003
KXINXU-26JUN26H1600-T7174.9999,Financials,"(0.9, 1.0]",-1,0.98,1.0,-0.04500000000000004,0.0030082500000000027,-0.048008250000000044
KXINXU-26JUN26H1600-T7199.9999,Financials,"(0.9, 1.0]",-1,0.95,1.0,-0.07500000000000007,0.004856250000000005,-0.07985625000000007
KXINXU-26JUN26H1600-T7149.9999,Financials,"(0.9, 1.0]",-1,0.99,1.0,-0.030000000000000027,0.002037000000000002,-0.03203700000000003
KXTRUMPMENTION-26JUN26-DEMO,Mentions,"(0.6, 0.7]",-1,0.68,1.0,-0.8049999999999999,0.010988250000000005,-0.81598825
KXTRUMPMENTION-26JUN26-DUMB,Mentions,"(0.6, 0.7]",-1,0.6846,1.0,-0.8004,0.011183188800000002,-0.8115831888
KXTRUMPMENTION-26JUN26-HOTT,Mentions,"(0.5, 0.6]",-1,0.5002,1.0,-0.9848,0.0010478271999999995,-0.9858478272
KXTRUMPMENTION-26JUN26-ISRA,Mentions,"(0.5, 0.6]",-1,0.5368,1.0,-0.9481999999999999,0.0034381732000000045,-0.9516381731999999
KXTRUMPMENTION-26JUN26-BIDE,Mentions,"(0.5, 0.6]",-1,0.5588,1.0,-0.9262,0.004784749199999999,-0.9309847492000001
KXTRUMPMENTION-26JUN26-BARA,Mentions,"(0.3, 0.4]",-1,0.32,1.0,-1.165,0.0006930000000000006,-1.165693
KXTRUMPMENTION-26JUN26-AI,Mentions,"(0.3, 0.4]",-1,0.3009,1.0,-1.1841,0.0006930000000000006,-1.184793
KXTRUMPMENTION-26JUN26-CHIN,Mentions,"(0.2, 0.3]",-1,0.2387,0.0,-0.24629999999999996,0.0006930000000000006,-0.24699299999999996
KXTRUMPMENTION-26JUN26-250,Mentions,"(0.7, 0.8]",-1,0.76,1.0,-0.725,0.013956250000000002,-0.73895625
KXTRUMPMENTION-26JUN26-OIL,Mentions,"(0.6, 0.7]",-1,0.62,1.0,-0.865,0.008174250000000001,-0.87317425
KXTRUMPMENTION-26JUN26-FAKE,Mentions,"(0.2, 0.3]",-1,0.2521,1.0,-1.2328999999999999,0.0006930000000000006,-1.233593
KXTRUMPMENTION-26JUN26-ENDO,Mentions,"(0.5, 0.6]",-1,0.533,1.0,-0.952,0.003198720000000003,-0.95519872
KXTRUMPMENTION-26JUN26-MENT,Mentions,"(0.2, 0.3]",-1,0.2559,0.0,-0.22909999999999986,0.0006930000000000006,-0.22979299999999986
KXTRUMPMENTION-26JUN26-VENE,Mentions,"(0.2, 0.3]",-1,0.2968,1.0,-1.1882000000000001,0.0006930000000000006,-1.1888930000000002
KXTRUMPMENTION-26JUN26-LAND,Mentions,"(0.5, 0.6]",-1,0.5342,1.0,-0.8957999999999999,0.0065339652000000045,-0.9023339652
KXTRUMPMENTIONDURATION-JUN2726-34,Mentions,"(0.6, 0.7]",-1,0.67,1.0,-0.82,0.010332000000000003,-0.830332
KXTRUMPMENTIONDURATION-JUN2726-44,Mentions,"(0.4, 0.5]",-1,0.48,1.0,-1.01,0.0006930000000000006,-1.010693
KXTRUMPMENTIONDURATION-JUN2726-49,Mentions,"(0.4, 0.5]",-1,0.44,0.0,-0.050000000000000044,0.0006930000000000006,-0.050693000000000044
KXTRUMPMENTIONDURATION-JUN2726-64,Mentions,"(0.2, 0.3]",-1,0.2632,0.0,-0.2267999999999999,0.0006930000000000006,-0.2274929999999999
KXWCAST-26JUN26SENIRQ-SENLCAMAR15-1,Sports,"(0.2, 0.3]",-1,0.26,1.0,-0.885,0.00712425,-0.8921242500000001
KXWCSOA-26JUN26SENIRQ-IRQAALHA9,Sports,"(0.2, 0.3]",-1,0.21,0.0,-0.28500000000000014,0.0006930000000000006,-0.28569300000000014
KXWCTEAMFIRSTGOAL-26JUN26SENIRQ-SEN-SMANE10,Sports,"(0.2, 0.3]",-1,0.22,0.0,0.10999999999999999,0.006853,0.10314699999999999
KXWCMENTION-26JUN26NORFRA-COME,Mentions,"(0.4, 0.5]",-1,0.48,1.0,-1.005,0.0006930000000000006,-1.005693
KXWCMENTION-26JUN26NORFRA-WHAT,Mentions,"(0.2, 0.3]",-1,0.2125,0.0,-0.27249999999999996,0.0006930000000000006,-0.27319299999999996
KXWCMENTION-26JUN26NORFRA-NUTM,Mentions,"(0.3, 0.4]",-1,0.3267,0.0,-0.1583000000000001,0.0006930000000000006,-0.1589930000000001
KXWCMENTION-26JUN26NORFRA-RONA,Mentions,"(0.7, 0.8]",-1,0.78,0.0,0.29500000000000004,0.014558250000000003,0.28044175000000005
KXWCMENTION-26JUN26NORFRA-QATA,Mentions,"(0.5, 0.6]",-1,0.559,1.0,-0.9259999999999999,0.0047966800000000046,-0.9307966799999999
KXWCMENTION-26JUN26NORFRA-VISA,Mentions,"(0.9, 1.0]",-1,0.91,1.0,-0.575,0.017106250000000003,-0.59210625
KXWCMENTION-26JUN26NORFRA-TURF,Mentions,"(0.4, 0.5]",-1,0.47,1.0,-1.0150000000000001,0.0006930000000000006,-1.0156930000000002
KXWCMENTION-26JUN26NORFRA-MARA,Mentions,"(0.4, 0.5]",-1,0.4952,0.0,0.010199999999999987,0.0007067171999999992,0.009493282799999987
KXWCMENTION-26JUN26NORFRA-PENA,Mentions,"(0.5, 0.6]",-1,0.522,1.0,-0.963,0.002494170000000002,-0.9654941699999999
KXWCMENTION-26JUN26NORFRA-VIKI,Mentions,"(0.8, 0.9]",-1,0.82,1.0,-0.635,0.016224250000000003,-0.6512242500000001
KXWCMENTION-26JUN26SENIRQ-RECO,Mentions,"(0.6, 0.7]",-1,0.6941,0.0,0.20910000000000006,0.011576403300000005,0.19752359670000005
KXWCPLAY-26JUN26NORFRAEHAALAND-YES,Sports,"(0.2, 0.3]",-1,0.2922,0.0,-0.19779999999999998,0.0006930000000000006,-0.19849299999999998
KXWCMENTION-26JUN26NORFRA-VAR,Mentions,"(0.2, 0.3]",-1,0.29,0.0,-0.19499999999999984,0.0006930000000000006,-0.19569299999999984
KXMLBHR-26JUN261840HOUDET-HOUIPAREDES15-1,Sports,"(0.1, 0.2]",1,0.16,0.0,-0.245,0.012948250000000001,-0.25794825
KXWNBATOTAL-26JUN26WSHCONN-165,Sports,"(0.5, 0.6]",-1,0.52,0.0,0.38,0.016492,0.363508
KXWCSOA-26JUN26CPVKSA-CPVWPINA20,Sports,"(0.1, 0.2]",1,0.13,0.0,-0.20500000000000002,0.01140825,-0.21640825000000002
KXWCSCORE-26JUN26CPVKSA-CPV2KSA0,Sports,"(0.1, 0.2]",1,0.1096,0.0,-0.2446,0.012933958800000001,-0.2575339588
KXWNBASPREAD-26JUN26PDXCHI-CHI22,Sports,"(0.7, 0.8]",-1,0.749,1.0,-0.721,0.01408113,-0.73508113
KXWCTEAMTOTAL-26JUN26URUESP-URU2,Sports,"(0.2, 0.3]",-1,0.22,0.0,-0.2749999999999999,0.0006930000000000006,-0.2756929999999999
KXPSAKIMENTION-26JUN26-NQE,Mentions,"(-0.001, 0.1]",1,0.0429,0.0,-0.4929,0.017496471300000004,-0.5103964713
KXPSAKIMENTION-26JUN26-NEW,Mentions,"(0.6, 0.7]",-1,0.69,1.0,-0.76,0.012768,-0.772768
KXPSAKIMENTION-26JUN26-AFFO,Mentions,"(0.3, 0.4]",-1,0.3526,1.0,-1.0974,0.0006930000000000006,-1.098093
KXPSAKIMENTION-26JUN26-REPU,Mentions,"(0.7, 0.8]",-1,0.766,1.0,-0.6839999999999999,0.015130080000000002,-0.69913008
KXWCGOAL-26JUN26URUESP-URUACANOB17-1,Sports,"(0.1, 0.2]",1,0.15,0.0,-0.22499999999999998,0.01220625,-0.23720624999999998
KXWCMENTION-26JUN26CPVKSA-CAPT,Mentions,"(0.8, 0.9]",-1,0.81,1.0,-0.595,0.01686825,-0.61186825
KXWCMENTION-26JUN26CPVKSA-NRGS,Mentions,"(-0.001, 0.1]",1,0.1,0.0,-0.505,0.017498250000000003,-0.52249825
KXWCMENTION-26JUN26URUESP-TRUM,Mentions,"(-0.001, 0.1]",1,0.0838,0.0,-0.48879999999999996,0.017491219200000005,-0.5062912192
KXWCMENTION-26JUN26URUESP-VAR,Mentions,"(0.8, 0.9]",-1,0.8118,1.0,-0.5932,0.016891963200000002,-0.6100919631999999
KXMLBSPREAD-26JUN261940KCCWS-CWS21,Sports,"(0.7, 0.8]",-1,0.7771,1.0,-0.7129,0.014327151300000002,-0.7272271512999999
KXMLBHRR-26JUN261940KCCWS-KCCJENSEN22-2,Sports,"(0.5, 0.6]",-1,0.52,0.0,0.43999999999999995,0.017248,0.42275199999999996
KXMLBHIT-26JUN261945CHCMIL-CHCMBUSCH29-1,Sports,"(0.5, 0.6]",-1,0.52,0.0,0.03500000000000003,0.002364250000000002,0.032635750000000026
KXMLBHR-26JUN261945CHCMIL-MILWCONTRERAS24-1,Sports,"(0.1, 0.2]",1,0.15,1.0,0.775,0.01220625,0.76279375
KXMLBKS-26JUN261945CHCMIL-MILJMISIOROWSKI32-9,Sports,"(0.5, 0.6]",-1,0.51,0.0,0.20999999999999996,0.011613,0.19838699999999995
KXBTC-26JUN2623-B59850,Crypto,"(0.2, 0.3]",-1,0.2454,0.0,0.04540000000000011,0.0030337188000000067,0.0423662812000001
KXMLBMENTION-26JUN26CHCMIL-TRAD,Mentions,"(0.8, 0.9]",-1,0.8216,1.0,-0.26839999999999997,0.0137453008,-0.2821453008
KXMLBMENTION-26JUN26CHCMIL-BASE,Mentions,"(0.6, 0.7]",-1,0.63,1.0,-0.42,0.017052000000000005,-0.437052
KXMLBMENTION-26JUN26CHCMIL-PITC,Mentions,"(0.3, 0.4]",-1,0.39,1.0,-1.095,0.0006930000000000006,-1.095693
KXMLBMENTION-26JUN26CHCMIL-WILD,Mentions,"(0.4, 0.5]",-1,0.41,0.0,0.06999999999999995,0.004556999999999997,0.06544299999999996
KXWCTOTAL-26JUN26EGYIRI-1,Sports,"(0.8, 0.9]",-1,0.84,1.0,-0.275,0.013956250000000002,-0.28895625
KXMLBHRR-26JUN261945CHCMIL-MILJCHOURIO11-2,Sports,"(0.5, 0.6]",-1,0.58,1.0,-0.71,0.014413000000000002,-0.724413
KXMLBTOTAL-26JUN262015MIASTL-5,Sports,"(0.8, 0.9]",-1,0.85,0.0,0.39,0.016653,0.373347
KXMLBHR-26JUN262010COLMIN-MINTLARNACH9-1,Sports,"(0.1, 0.2]",1,0.15,0.0,-0.22,0.012012000000000002,-0.232012
KXCLAYTONCONF-26JUN11-JUN27,Politics,"(0.8, 0.9]",-1,0.895,0.0,0.86,0.008428,0.851572
KXAAAGASD-26JUN27-3.910,Economics,"(-0.001, 0.1]",1,0.04,0.0,-0.08,0.005152000000000001,-0.085152
KXAAAGASD-26JUN27-3.905,Economics,"(-0.001, 0.1]",1,0.07,0.0,-0.11000000000000001,0.0068530000000000015,-0.11685300000000001
KXAAAGASD-26JUN27-3.895,Economics,"(0.4, 0.5]",-1,0.4038,0.0,-0.09120000000000017,0.0006930000000000006,-0.09189300000000017
KXAAAGASD-26JUN27-3.880,Economics,"(0.8, 0.9]",-1,0.88,0.0,0.53,0.017437,0.512563
KXAAAGASD-26JUN27-3.875,Economics,"(0.9, 1.0]",-1,0.93,1.0,-0.09999999999999998,0.006299999999999999,-0.10629999999999998
KXAAAGASD-26JUN27-3.870,Economics,"(0.9, 1.0]",-1,0.99,1.0,-0.03500000000000003,0.002364250000000002,-0.037364250000000036
KXAAAGASD-26JUN27-3.865,Economics,"(0.9, 1.0]",-1,0.9548,1.0,-0.07020000000000004,0.004569037200000003,-0.07476903720000004
KXAAAGASD-26JUN27-3.860,Economics,"(0.9, 1.0]",-1,0.99,1.0,-0.03500000000000003,0.002364250000000002,-0.037364250000000036
KXAAAGASD-26JUN27-3.915,Economics,"(-0.001, 0.1]",1,0.05,0.0,-0.07500000000000001,0.004856250000000001,-0.07985625000000002
KXWCGOAL-26JUN26EGYIRI-EGYEASHOU8-1,Sports,"(0.1, 0.2]",1,0.12,0.0,-0.155,0.00916825,-0.16416825
KXPOLITICSMENTION-26JUN26-DEMO,Mentions,"(0.7, 0.8]",-1,0.77,1.0,-0.715,0.014264250000000003,-0.72926425
KXPOLITICSMENTION-26JUN26-CORR,Mentions,"(0.7, 0.8]",-1,0.76,1.0,-0.725,0.013956250000000002,-0.73895625
KXPOLITICSMENTION-26JUN26-REPU,Mentions,"(0.7, 0.8]",-1,0.76,1.0,-0.69,0.014973000000000004,-0.704973
KXPOLITICSMENTION-26JUN26-REDI,Mentions,"(0.5, 0.6]",-1,0.5049,1.0,-0.9451,0.003632019299999997,-0.9487320193000001
KXPOLITICSMENTION-26JUN26-ICE,Mentions,"(0.2, 0.3]",-1,0.25,0.0,-0.23499999999999988,0.0006930000000000006,-0.23569299999999987
KXTALARICOMENTION-26JUN26-NQE,Mentions,"(-0.001, 0.1]",1,0.02,0.0,-0.04,0.0026880000000000003,-0.042688000000000004
KXTALARICOMENTION-26JUN26-HEAL,Mentions,"(0.6, 0.7]",-1,0.6471,1.0,-0.8029,0.011077611300000003,-0.8139776112999999
KXTALARICOMENTION-26JUN26-CORR,Mentions,"(0.8, 0.9]",-1,0.88,1.0,-0.565,0.017204250000000004,-0.58220425
KXBNB15M-26JUN270030-30,Crypto,"(0.2, 0.3]",-1,0.2712,0.0,0.2512,0.0131668992,0.23803310079999998
KXETH15M-26JUN270030-30,Crypto,"(0.2, 0.3]",-1,0.2445,0.0,0.23949999999999994,0.0127497825,0.22675021749999993
KXMLBHIT-26JUN262145LADSD-LADTEDMAN25-2,Sports,"(0.2, 0.3]",-1,0.21,0.0,0.08999999999999997,0.0057329999999999985,0.08426699999999997
KXMLBTOTAL-26JUN262138ATHLAA-9,Sports,"(0.5, 0.6]",-1,0.5149,1.0,-0.6551,0.0158160793,-0.6709160793
KXWNBASPREAD-26JUN26ATLGS-ATL12,Sports,"(0.2, 0.3]",-1,0.22,0.0,-0.2749999999999999,0.0006930000000000006,-0.2756929999999999
KXMLBHRR-26JUN262138ATHLAA-ATHHBOLTE33-2,Sports,"(0.5, 0.6]",-1,0.53,1.0,-0.965,0.002364250000000002,-0.9673642499999999
KXMLBMENTION-26JUN26LADSD-MVP,Mentions,"(0.7, 0.8]",-1,0.78,1.0,-0.705,0.014558250000000003,-0.71955825
KXMLBMENTION-26JUN26LADSD-OHTA,Mentions,"(0.9, 1.0]",-1,0.9703,1.0,-0.5146999999999999,0.0174848737,-0.5321848736999999
KXMLBMENTION-26JUN26LADSD-BUNT,Mentions,"(0.7, 0.8]",-1,0.7031,1.0,-0.43690000000000007,0.017221287300000002,-0.45412128730000006
KXMLBMENTION-26JUN26LADSD-BASE,Mentions,"(0.6, 0.7]",-1,0.62,1.0,-0.43,0.017157000000000002,-0.44715699999999997
KXMLBMENTION-26JUN26LADSD-NQE,Mentions,"(-0.001, 0.1]",1,0.0105,0.0,-0.4955,0.0174985825,-0.5129985825
KXMLBSPREAD-26JUN262215ATLSF-ATL5,Sports,"(0.1, 0.2]",1,0.14,0.0,-0.27,0.013797000000000002,-0.283797
KXWCMENTION-26JUN26CPVKSA-RECO,Mentions,"(0.7, 0.8]",-1,0.74,0.0,0.33499999999999996,0.01559425,0.31940575
KXMLBHR-26JUN262215ATLSF-ATLDBALDWIN30-1,Sports,"(0.1, 0.2]",1,0.13,0.0,-0.2,0.011200000000000002,-0.2112
KXWCMENTION-26JUN26EGYIRI-CAPT,Mentions,"(0.8, 0.9]",-1,0.81,1.0,-0.595,0.01686825,-0.61186825
KXWCMENTION-26JUN26EGYIRI-HAND,Mentions,"(0.5, 0.6]",-1,0.59,1.0,-0.815,0.010554250000000003,-0.8255542499999999
KXWCMENTION-26JUN26EGYIRI-WHAT,Mentions,"(0.2, 0.3]",-1,0.28,1.0,-1.125,0.0006930000000000006,-1.125693
KXWCMENTION-26JUN26EGYIRI-VISA,Mentions,"(0.8, 0.9]",-1,0.8167,1.0,-0.5883,0.016954217700000003,-0.6052542177000001
KXWCMENTION-26JUN26EGYIRI-CROS,Mentions,"(0.4, 0.5]",-1,0.43,1.0,-0.9750000000000001,0.0017062499999999944,-0.9767062500000001
KXWCMENTION-26JUN26EGYIRI-TURF,Mentions,"(0.4, 0.5]",-1,0.44,1.0,-0.9650000000000001,0.0023642499999999953,-0.96736425
KXWCMENTION-26JUN26EGYIRI-VAR,Mentions,"(0.7, 0.8]",-1,0.782,1.0,-0.623,0.016440970000000003,-0.63944097
KXWCMENTION-26JUN26EGYIRI-NQE,Mentions,"(-0.001, 0.1]",1,0.0225,0.0,-0.4275,0.017132062500000003,-0.4446320625
KXWCMENTION-26JUN26NZLBEL-POWE,Mentions,"(-0.001, 0.1]",1,0.09,0.0,-0.495,0.01749825,-0.51249825
KXWCMENTION-26JUN26NZLBEL-REDC,Mentions,"(0.3, 0.4]",-1,0.3991,0.0,-0.005900000000000016,0.0006930000000000006,-0.006593000000000017
KXWCMENTION-26JUN26NZLBEL-SOCC,Mentions,"(0.5, 0.6]",-1,0.5667,1.0,-0.8383,0.0094887177,-0.8477887177000001
KXWCMENTION-26JUN26NZLBEL-TURF,Mentions,"(0.8, 0.9]",-1,0.82,1.0,-0.585,0.016994250000000002,-0.60199425
KXWCMENTION-26JUN26NZLBEL-BCPL,Mentions,"(0.4, 0.5]",-1,0.44,1.0,-1.045,0.0006930000000000006,-1.045693
KXWCMENTION-26JUN26NZLBEL-NQE,Mentions,"(-0.001, 0.1]",1,0.01,0.0,-0.015,0.0010342500000000002,-0.01603425
KXBTC-26JUN2706-B60250,Crypto,"(0.2, 0.3]",-1,0.2383,0.0,0.08329999999999993,0.005345277699999997,0.07795472229999993
KXBTC-26JUN2706-B60450,Crypto,"(0.2, 0.3]",-1,0.27,0.0,0.09499999999999997,0.006018249999999998,0.08898174999999997
KXBTCD-26JUN2708-T60399.99,Crypto,"(0.2, 0.3]",-1,0.283,0.0,0.2779999999999999,0.014050119999999998,0.2639498799999999
KXPRIMESPEND-26JUN27-T34,Economics,"(-0.001, 0.1]",1,0.08,0.0,-0.5399999999999999,0.017388000000000004,-0.5573879999999999
KXPRIMESPEND-26JUN27-T26,Economics,"(0.4, 0.5]",-1,0.47,1.0,-1.0,0.0006930000000000006,-1.000693
KXXRP15M-26JUN271030-30,Crypto,"(0.2, 0.3]",-1,0.2564,0.0,0.25139999999999996,0.0131738628,0.23822613719999997
KXPSAKIMENTION-26JUN26-AI,Mentions,"(0.6, 0.7]",-1,0.69,0.0,0.24,0.012768,0.227232
KXMAMDANIMENTION-26JUN27-ALBA,Mentions,"(0.4, 0.5]",-1,0.48,0.0,-0.004999999999999893,0.0006930000000000006,-0.005692999999999894
KXBTC-26JUN2711-B60350,Crypto,"(0.2, 0.3]",-1,0.26,0.0,-0.18500000000000005,0.0006930000000000006,-0.18569300000000005
KXPOLITICSMENTION-26JUN26-OIL,Mentions,"(0.3, 0.4]",-1,0.37,0.0,-0.08000000000000007,0.0006930000000000006,-0.08069300000000007
KXPOLITICSMENTION-26JUN26-BILL,Mentions,"(0.6, 0.7]",-1,0.6387,0.0,0.15370000000000006,0.009105341700000004,0.14459465830000007
KXPOLITICSMENTION-26JUN26-TRUM,Mentions,"(0.8, 0.9]",-1,0.8983,0.0,0.4482999999999999,0.0173128977,0.4309871022999999
KXMLBMENTION-26JUN26CHCMIL-NO,Mentions,"(-0.001, 0.1]",1,0.0263,0.0,-0.17129999999999998,0.0099369417,-0.1812369417
KXTALARICOMENTION-26JUN26-OIL,Mentions,"(0.4, 0.5]",-1,0.45,0.0,0.0,0.0006930000000000006,-0.0006930000000000006
KXTALARICOMENTION-26JUN26-ENDO,Mentions,"(0.2, 0.3]",-1,0.2448,0.0,-0.20520000000000005,0.0006930000000000006,-0.20589300000000005
KXWCMENTION-26JUN26URUESP-HATT,Mentions,"(0.5, 0.6]",-1,0.5822,0.0,0.19220000000000004,0.010868141200000004,0.18133185880000002
KXFOXNEWSMENTION-26JUN27B-CALI,Mentions,"(0.2, 0.3]",-1,0.2444,1.0,-1.2406000000000001,0.0006930000000000006,-1.2412930000000002
KXFOXNEWSMENTION-26JUN27B-FRAU,Mentions,"(0.2, 0.3]",-1,0.21,1.0,-1.275,0.0006930000000000006,-1.275693
KXFOXNEWSMENTION-26JUN27B-NQE,Mentions,"(-0.001, 0.1]",1,0.02,0.0,-0.49,0.017493,-0.507493
KXFOXNEWSMENTION-26JUN27-BIPA,Mentions,"(0.2, 0.3]",-1,0.2698,0.0,-0.18019999999999992,0.0006930000000000006,-0.18089299999999991
KXMLBSPREAD-26JUN271310NYYBOS-BOS2,Sports,"(0.2, 0.3]",-1,0.3,1.0,-1.19,0.0006930000000000006,-1.190693
KXMLBKS-26JUN271310NYYBOS-NYYGCOLE45-3,Sports,"(0.9, 1.0]",-1,0.91,1.0,-0.5549999999999999,0.017288250000000005,-0.5722882499999999
KXMLBKS-26JUN271310NYYBOS-BOSJBENNETT64-7,Sports,"(0.1, 0.2]",1,0.13,0.0,-0.62,0.016492,-0.636492
KXMLBMENTION-26JUN27NYYBOS-TRAD,Mentions,"(0.8, 0.9]",-1,0.84,1.0,-0.645,0.01602825,-0.66102825
KXPGAH2H-TRC26R3WCLASBUR-SBUR,Sports,"(0.5, 0.6]",-1,0.55,0.0,0.08500000000000008,0.005444250000000005,0.07955575000000006
KXMLBTB-26JUN271310NYYBOS-NYYBRICE22-3,Sports,"(0.2, 0.3]",-1,0.28,0.0,0.125,0.007656250000000001,0.11734375
KXMLBHRR-26JUN271310NYYBOS-NYYAROSARIO14-2,Sports,"(0.5, 0.6]",-1,0.51,0.0,0.020000000000000018,0.0013720000000000015,0.018628000000000016
KXMLBHRR-26JUN271310NYYBOS-BOSWABREU52-4,Sports,"(0.2, 0.3]",-1,0.22,0.0,0.10499999999999998,0.00657825,0.09842174999999999
KXMLBF5-26JUN271605CINPIT-TIE,Sports,"(0.1, 0.2]",1,0.18,1.0,0.3500000000000001,0.015925000000000005,0.33407500000000007
KXWCSOA-26JUN27CROGHA-GHAJAYEWNA,Sports,"(0.2, 0.3]",-1,0.23,0.0,-0.24,0.0006930000000000006,-0.240693
KXWCSCORE-26JUN27CROGHA-CRO0GHA0,Sports,"(0.1, 0.2]",1,0.11,0.0,-0.585,0.016994250000000002,-0.60199425
KXMLBHRR-26JUN271610KCCWS-CWSCMONTGOMERY12-2,Sports,"(0.5, 0.6]",-1,0.51,1.0,-0.565,0.017204250000000004,-0.58220425
KXMLBHIT-26JUN271507TEXTOR-TEXJJUNG6-2,Sports,"(0.2, 0.3]",-1,0.22,0.0,0.10499999999999998,0.00657825,0.09842174999999999
KXWCMENTION-26JUN27CROGHA-COME,Mentions,"(0.8, 0.9]",-1,0.83,1.0,-0.655,0.015818250000000002,-0.6708182500000001
KXWCMENTION-26JUN27CROGHA-CHAM,Mentions,"(0.4, 0.5]",-1,0.4793,1.0,-1.0057,0.0006930000000000006,-1.006393
KXWCMENTION-26JUN27CROGHA-CAPT,Mentions,"(0.8, 0.9]",-1,0.85,1.0,-0.635,0.016224250000000003,-0.6512242500000001
KXWCMENTION-26JUN27CROGHA-TRUM,Mentions,"(-0.001, 0.1]",1,0.07,0.0,-0.52,0.017472,-0.5374720000000001
KXWCMENTION-26JUN27CROGHA-POWE,Mentions,"(-0.001, 0.1]",1,0.04,0.0,-0.525,0.017456250000000003,-0.54245625
KXWCMENTION-26JUN27CROGHA-BICY,Mentions,"(0.2, 0.3]",-1,0.2064,0.0,-0.27859999999999996,0.0006930000000000006,-0.27929299999999996
KXWCMENTION-26JUN27CROGHA-VAR,Mentions,"(0.7, 0.8]",-1,0.73,1.0,-0.72,0.014112000000000001,-0.734112
KXWCMENTION-26JUN27PANENG-CAPT,Mentions,"(0.8, 0.9]",-1,0.84,0.0,0.355,0.01602825,0.33897174999999996
KXWCMENTION-26JUN27PANENG-RONA,Mentions,"(0.8, 0.9]",-1,0.81,1.0,-0.6749999999999999,0.015356250000000004,-0.6903562499999999
KXWCMENTION-26JUN27PANENG-NQE,Mentions,"(-0.001, 0.1]",1,0.01,0.0,-0.495,0.01749825,-0.51249825
KXWCMENTION-26JUN27PANENG-LENO,Mentions,"(0.2, 0.3]",-1,0.21,0.0,-0.2749999999999999,0.0006930000000000006,-0.2756929999999999
KXWCMENTION-26JUN27PANENG-METL,Mentions,"(-0.001, 0.1]",1,0.03,0.0,-0.515,0.017484250000000003,-0.53248425
KXBERNIEMENTION-26JUN27-NQE,Mentions,"(-0.001, 0.1]",1,0.0198,0.0,-0.49479999999999996,0.017498107200000005,-0.5122981072
KXBERNIEMENTION-26JUN27-SOCI,Mentions,"(0.2, 0.3]",-1,0.27,0.0,-0.20500000000000007,0.0006930000000000006,-0.20569300000000007
KXBERNIEMENTION-26JUN27-TUIT,Mentions,"(0.3, 0.4]",-1,0.3997,0.0,-0.07529999999999992,0.0006930000000000006,-0.07599299999999992
KXBERNIEMENTION-26JUN27-CHAT,Mentions,"(0.2, 0.3]",-1,0.25,0.0,-0.2250000000000001,0.0006930000000000006,-0.2256930000000001
KXNASCARRACE-PITB26-CODA,Sports,"(0.2, 0.3]",-1,0.23,0.0,0.10499999999999998,0.00657825,0.09842174999999999
KXNASCARTOP3-PITB26-COZI,Sports,"(0.2, 0.3]",-1,0.3,1.0,-0.7999999999999999,0.011200000000000003,-0.8111999999999999
KXMLBTB-26JUN271610PHINYM-PHIBMARSH16-4,Sports,"(0.2, 0.3]",-1,0.2012,0.0,0.09620000000000006,0.006086189200000004,0.09011381080000005
KXMLBKS-26JUN271910CHCMIL-CHCDPETERSON23-3,Sports,"(0.7, 0.8]",-1,0.8,0.0,0.31500000000000006,0.015104250000000003,0.29989575000000007
KXMLBHR-26JUN271605CINPIT-CINEDELACRUZ44-1,Sports,"(0.1, 0.2]",1,0.17,0.0,-0.24500000000000002,0.012948250000000001,-0.25794825000000005
KXWCMENTION-26JUN27CODUZB-COME,Mentions,"(0.4, 0.5]",-1,0.42,1.0,-1.065,0.0006930000000000006,-1.065693
KXWCMENTION-26JUN27CODUZB-HAND,Mentions,"(0.2, 0.3]",-1,0.2196,1.0,-1.2654,0.0006930000000000006,-1.2660930000000001
KXWCMENTION-26JUN27CODUZB-RECO,Mentions,"(0.3, 0.4]",-1,0.3597,1.0,-1.1253,0.0006930000000000006,-1.125993
KXWCMENTION-26JUN27CODUZB-CAPT,Mentions,"(0.5, 0.6]",-1,0.558,1.0,-0.9269999999999999,0.004736970000000004,-0.9317369699999999
KXWCMENTION-26JUN27CODUZB-TRUM,Mentions,"(0.8, 0.9]",-1,0.83,0.0,0.345,0.015818250000000002,0.32918175
KXWCMENTION-26JUN27CODUZB-POWE,Mentions,"(-0.001, 0.1]",1,0.09,0.0,-0.575,0.017106250000000003,-0.59210625
KXWCMENTION-26JUN27CODUZB-VISA,Mentions,"(0.9, 1.0]",-1,0.9054,1.0,-0.2046,0.0113917188,-0.2159917188
KXWCMENTION-26JUN27CODUZB-FALC,Mentions,"(0.8, 0.9]",-1,0.847,0.0,0.362,0.01616692,0.34583308
KXWCMENTION-26JUN27COLPOR-NUTM,Mentions,"(0.4, 0.5]",-1,0.42,0.0,-0.06499999999999995,0.0006930000000000006,-0.06569299999999995
KXWCMENTION-26JUN27COLPOR-VAR,Mentions,"(0.4, 0.5]",-1,0.49,1.0,-0.995,0.0006930000000000006,-0.995693
KXWCMENTION-26JUN27COLPOR-HRCK,Mentions,"(-0.001, 0.1]",1,0.05,0.0,-0.535,0.01741425,-0.55241425
KXMLBKS-26JUN271910SEACLE-SEALGILBERT36-8,Sports,"(0.2, 0.3]",-1,0.27,0.0,-0.21999999999999997,0.0006930000000000006,-0.22069299999999997
KXMLBKS-26JUN271910SEACLE-SEALGILBERT36-9,Sports,"(0.1, 0.2]",1,0.15,0.0,-0.64,0.016128000000000003,-0.656128
KXWCGROUPQUAL-26K-POR,Sports,"(0.9, 1.0]",-1,0.9119,1.0,-0.5781,0.017073027300000005,-0.5951730273
KXMLBTOTAL-26JUN271915MIASTL-3,Sports,"(0.9, 1.0]",-1,0.9533,1.0,-0.5367,0.0174057177,-0.5541057177
KXMLBSPREAD-26JUN271915MIASTL-MIA3,Sports,"(0.2, 0.3]",-1,0.23,1.0,-1.24,0.0006930000000000006,-1.240693
KXDOGE15M-26JUN272200-00,Crypto,"(0.2, 0.3]",-1,0.2265,0.0,0.21150000000000002,0.0116737425,0.19982625750000002
KXMLBHIT-26JUN271915MIASTL-STLJWALKER18-2,Sports,"(0.2, 0.3]",-1,0.28,0.0,0.13,0.007917,0.122083
KXMLBHIT-26JUN271915MIASTL-STLLNOOTBAAR21-2,Sports,"(0.2, 0.3]",-1,0.24,1.0,-0.89,0.006853,-0.896853
KXMLBGAME-26JUN271905WSHBAL-BAL,Sports,"(0.5, 0.6]",-1,0.55,0.0,0.1100000000000001,0.006853000000000006,0.10314700000000009
KXMLBKS-26JUN271905WSHBAL-WSHFGRIFFIN22-9,Sports,"(0.1, 0.2]",1,0.16,1.0,0.35,0.015925,0.33407499999999996
KXMLBKS-26JUN271905WSHBAL-WSHFGRIFFIN22-8,Sports,"(0.2, 0.3]",-1,0.28,1.0,-1.21,0.0006930000000000006,-1.210693
KXWNBA3PT-26JUN27LAIND-INDKMITCHELL0-3,Sports,"(0.5, 0.6]",-1,0.51,1.0,-0.98,0.0013720000000000015,-0.981372
KXWC1HSCORE-26JUN27DZAAUT-DZA0AUT0,Sports,"(0.2, 0.3]",-1,0.27,0.0,-0.20500000000000007,0.0006930000000000006,-0.20569300000000007
KXMLBHR-26JUN272105ATLSF-SFBELDRIDGE8-1,Sports,"(0.1, 0.2]",1,0.16,0.0,-0.245,0.012948250000000001,-0.25794825
KXMLBTOTAL-26JUN272105ATLSF-5,Sports,"(0.8, 0.9]",-1,0.84,1.0,-0.64,0.016128000000000003,-0.656128
KXETH15M-26JUN272330-30,Crypto,"(0.2, 0.3]",-1,0.2465,0.0,0.23649999999999993,0.012639742499999999,0.22386025749999994
KXMLBKS-26JUN272040LADSD-LADYYAMAMOTO18-6,Sports,"(0.5, 0.6]",-1,0.58,0.0,0.18999999999999995,0.010772999999999998,0.17922699999999994
KXAAAGASD-26JUN28-3.885,Economics,"(-0.001, 0.1]",1,0.01,0.0,-0.045,0.00300825,-0.048008249999999995
KXAAAGASD-26JUN28-3.840,Economics,"(0.9, 1.0]",-1,0.986,1.0,-0.039000000000000035,0.002623530000000003,-0.04162353000000004
KXAAAGASD-26JUN28-3.845,Economics,"(0.9, 1.0]",-1,0.99,1.0,-0.03500000000000003,0.002364250000000002,-0.037364250000000036
KXAAAGASD-26JUN28-3.850,Economics,"(0.9, 1.0]",-1,0.99,1.0,-0.03500000000000003,0.002364250000000002,-0.037364250000000036
KXWCMENTION-26JUN27DZAAUT-RECO,Mentions,"(0.2, 0.3]",-1,0.23,1.0,-1.255,0.0006930000000000006,-1.255693
KXWCMENTION-26JUN27DZAAUT-CAPT,Mentions,"(0.3, 0.4]",-1,0.3195,1.0,-1.1655,0.0006930000000000006,-1.166193
KXWCMENTION-26JUN27DZAAUT-TURF,Mentions,"(0.7, 0.8]",-1,0.76,0.0,0.275,0.013956250000000002,0.26104375
KXWCMENTION-26JUN27DZAAUT-SOCC,Mentions,"(0.3, 0.4]",-1,0.4,1.0,-1.085,0.0006930000000000006,-1.085693
KXWCMENTION-26JUN27DZAAUT-POWE,Mentions,"(-0.001, 0.1]",1,0.09,0.0,-0.575,0.017106250000000003,-0.59210625
KXMLBTB-26JUN272040LADSD-LADMMUNCY13-3,Sports,"(0.2, 0.3]",-1,0.25,1.0,-0.9,0.0063,-0.9063
KXWCMENTION-26JUN27JORARG-CAPT,Mentions,"(0.4, 0.5]",-1,0.4388,1.0,-1.0461999999999998,0.0006930000000000006,-1.0468929999999999
KXWCMENTION-26JUN27JORARG-RECO,Mentions,"(0.8, 0.9]",-1,0.84,1.0,-0.645,0.01602825,-0.66102825
KXWCMENTION-26JUN27JORARG-QATA,Mentions,"(0.2, 0.3]",-1,0.23,0.0,-0.2549999999999999,0.0006930000000000006,-0.2556929999999999
KXWCMENTION-26JUN27JORARG-RONA,Mentions,"(0.9, 1.0]",-1,0.9007,1.0,-0.5843,0.0170025457,-0.6013025457000001
KXWCMENTION-26JUN27JORARG-TRUM,Mentions,"(0.8, 0.9]",-1,0.83,0.0,0.345,0.015818250000000002,0.32918175
KXWCMENTION-26JUN27JORARG-VISA,Mentions,"(0.9, 1.0]",-1,0.9054,1.0,-0.2046,0.0113917188,-0.2159917188
KXWCMENTION-26JUN27JORARG-TURF,Mentions,"(0.9, 1.0]",-1,0.9007,1.0,-0.5843,0.0170025457,-0.6013025457000001
KXWCMENTION-26JUN27JORARG-GOLD,Mentions,"(0.8, 0.9]",-1,0.83,1.0,-0.655,0.015818250000000002,-0.6708182500000001
KXWCMENTION-26JUN27JORARG-NQE,Mentions,"(-0.001, 0.1]",1,0.01,0.0,-0.015,0.0010342500000000002,-0.01603425
KXWCMENTION-26JUN27JORARG-ATTS,Mentions,"(0.6, 0.7]",-1,0.64,0.0,0.15500000000000003,0.009168250000000001,0.14583175000000004
KXWCREGIONKO-26SA-1,Sports,"(0.9, 1.0]",-1,0.99,1.0,-0.5,0.0175,-0.5175
KXATPCHALLENGERMATCH-26JUN28POLPAL-PAL,Sports,"(0.5, 0.6]",-1,0.54,0.0,0.08000000000000007,0.005152000000000005,0.07484800000000007
KXBTC-26JUN2808-B60050,Crypto,"(0.2, 0.3]",-1,0.23,0.0,0.135,0.008174250000000001,0.12682575000000001
KXCS2MAP-26JUN270700SHIOME-2-SHI,Sports,"(0.5, 0.6]",-1,0.6,0.0,0.14,0.008428000000000001,0.13157200000000002
KXCODMAP-26JUN280800FAZPAR-1-FAZ,Sports,"(0.5, 0.6]",-1,0.59,1.0,-0.88,0.007392000000000001,-0.887392
KXCODMAP-26JUN270800MHPAR-2-PAR,Sports,"(0.5, 0.6]",-1,0.5738,1.0,-0.8962,0.006511789200000001,-0.9027117892
KXTRUMPACT-26JUN21-T2,Politics,"(0.8, 0.9]",-1,0.89,1.0,-0.355,0.01602825,-0.37102825
KXTRUMPACT-26JUN21-T1,Politics,"(0.9, 1.0]",-1,0.9376,1.0,-0.3074,0.014903366800000001,-0.3223033668
KXWCGSGOALS-26MOST-ENG,Sports,"(0.1, 0.2]",1,0.18,0.0,-0.675,0.01535625,-0.69035625
KXWCTEAMLEADGOAL-26TUR-CUZUN42,Sports,"(0.1, 0.2]",1,0.15,0.0,-0.64,0.016128000000000003,-0.656128
KXFNSMENTION-26JUN28-DEMO,Mentions,"(0.8, 0.9]",-1,0.85,1.0,-0.635,0.016224250000000003,-0.6512242500000001
KXFNSMENTION-26JUN28-TRUM,Mentions,"(0.2, 0.3]",-1,0.2292,1.0,-1.2508,0.0006930000000000006,-1.251493
KXSOLD-26JUN2811-T71.9999,Crypto,"(0.2, 0.3]",-1,0.2336,0.0,0.22360000000000002,0.012152212800000001,0.21144778720000001
KXWCTEAMH2H-26CROURU-URU,Sports,"(0.5, 0.6]",-1,0.53,0.0,0.040000000000000036,0.002688000000000003,0.03731200000000003
KXWCSTAGEOFELIM-26SCO-GS,Sports,"(0.2, 0.3]",-1,0.29,1.0,-1.2,0.0006930000000000006,-1.200693
KXFNSMENTION-26JUN28-SOCI,Mentions,"(0.4, 0.5]",-1,0.4809,0.0,-0.0040999999999999925,0.0006930000000000006,-0.0047929999999999934
KXFNSMENTION-26JUN28-CEAS,Mentions,"(0.4, 0.5]",-1,0.4541,0.0,-0.030899999999999928,0.0006930000000000006,-0.03159299999999993
KXWCMENTION-26JUN27COLPOR-CAPT,Mentions,"(0.4, 0.5]",-1,0.4894,0.0,0.46440000000000015,0.017411284800000003,0.44698871520000016
KXMLBMENTION-26JUN27NYYBOS-MVP,Mentions,"(0.6, 0.7]",-1,0.6516,0.0,0.38159999999999994,0.0165187008,0.36508129919999993
KXMLBMENTION-26JUN27NYYBOS-SWEE,Mentions,"(0.8, 0.9]",-1,0.82,0.0,0.41500000000000004,0.016994250000000002,0.39800575000000005
KXMLBMENTION-26JUN27NYYBOS-ROB,Mentions,"(0.5, 0.6]",-1,0.52,0.0,0.275,0.013956250000000002,0.26104375
KXMLBMENTION-26JUN27NYYBOS-PITC,Mentions,"(0.3, 0.4]",-1,0.34,0.0,0.18500000000000005,0.010554250000000003,0.17444575000000004
KXFOXNEWSMENTION-26JUN27-COMM,Mentions,"(0.7, 0.8]",-1,0.79,0.0,0.3400000000000001,0.015708000000000003,0.3242920000000001
KXMRBEASTMENTION-26JUN27C-BEAS,Mentions,"(0.4, 0.5]",-1,0.47,1.0,-0.935,0.004254249999999997,-0.9392542500000001
KXMRBEASTMENTION-26JUN27C-SPON,Mentions,"(0.5, 0.6]",-1,0.529,0.0,0.12400000000000011,0.007603680000000007,0.11639632000000011
KXMRBEASTMENTION-26JUN27C-TWIT,Mentions,"(0.6, 0.7]",-1,0.61,0.0,0.20500000000000007,0.011408250000000003,0.19359175000000006
KXATPCHALLENGERMATCH-26JUN28MACHAY-MAC,Sports,"(0.1, 0.2]",1,0.14,0.0,-0.6,0.016800000000000002,-0.6168
KXPGAH2H-TRC26R4MLEECAME-CAME,Sports,"(0.5, 0.6]",-1,0.57,1.0,-0.9,0.0063,-0.9063
KXWCGSGOALS-26FEWEST-ECU,Sports,"(0.1, 0.2]",1,0.17,0.0,-0.655,0.015818250000000002,-0.6708182500000001
KXWC1HSPREAD-26JUN28RSACAN-CAN2,Sports,"(0.1, 0.2]",1,0.15,0.0,-0.535,0.01741425,-0.55241425
KXDOGE15M-26JUN281600-00,Crypto,"(0.2, 0.3]",-1,0.2677,0.0,0.25270000000000004,0.013218989700000003,0.23948101030000002
KXMLBSPREAD-26JUN281340AZTB-AZ2,Sports,"(0.2, 0.3]",-1,0.25,0.0,-0.24,0.0006930000000000006,-0.240693
KXMLBKS-26JUN281337TEXTOR-TORSBIEBER57-5,Sports,"(0.5, 0.6]",-1,0.58,0.0,0.11499999999999999,0.00712425,0.10787574999999999
KXMLBHIT-26JUN281335WSHBAL-BALTWARD3-2,Sports,"(0.2, 0.3]",-1,0.3,0.0,0.14,0.008428000000000001,0.13157200000000002
KXMLBTB-26JUN281410COLMIN-MINBBUXTON25-4,Sports,"(0.2, 0.3]",-1,0.28,0.0,-0.125,0.0006930000000000006,-0.125693
KXMLBKS-26JUN281340PHINYM-PHIJLUZARDO44-7,Sports,"(0.5, 0.6]",-1,0.6,0.0,0.11499999999999999,0.00712425,0.10787574999999999
KXMLBHR-26JUN281340PHINYM-PHIKSCHWARBER12-1,Sports,"(0.2, 0.3]",-1,0.24,1.0,-0.87,0.007917,-0.877917
KXMLBKS-26JUN281340SEACLE-SEAEHANCOCK26-7,Sports,"(0.2, 0.3]",-1,0.22,0.0,-0.2549999999999999,0.0006930000000000006,-0.2556929999999999
KXWCMENTION-26JUN28RSACAN-COME,Mentions,"(0.7, 0.8]",-1,0.74,1.0,-0.71,0.014413000000000002,-0.724413
KXWCMENTION-26JUN28RSACAN-QATA,Mentions,"(0.5, 0.6]",-1,0.59,1.0,-0.8600000000000001,0.008427999999999996,-0.8684280000000001
KXWCMENTION-26JUN28RSACAN-GIAN,Mentions,"(0.3, 0.4]",-1,0.38,1.0,-1.07,0.0006930000000000006,-1.0706930000000001
KXWCMENTION-26JUN28RSACAN-NQE,Mentions,"(-0.001, 0.1]",1,0.01,0.0,-0.015,0.0010342500000000002,-0.01603425
KXPGAH2H-TRC26R4CGOTCMOR-CMOR,Sports,"(0.5, 0.6]",-1,0.5814,1.0,-0.8886,0.006929302800000004,-0.8955293028
KXMLBGAME-26JUN281335CINPIT-CIN,Sports,"(0.1, 0.2]",1,0.16,0.0,-0.6,0.016800000000000002,-0.6168
KXMLBSPREAD-26JUN281515ATHLAA-LAA7,Sports,"(0.2, 0.3]",-1,0.2815,0.0,0.22149999999999992,0.012070642499999997,0.2094293574999999
KXMLBHIT-26JUN281515ATHLAA-ATHLBUTLER4-1,Sports,"(0.5, 0.6]",-1,0.5775,1.0,-0.6975,0.014769562500000001,-0.7122695625000001
KXWCMENTION-26JUN28RSACAN-OWNG,Mentions,"(0.5, 0.6]",-1,0.59,0.0,0.1399999999999999,0.008427999999999996,0.1315719999999999
KXMLBMENTION-26JUN28ATHLAA-MVP,Mentions,"(0.5, 0.6]",-1,0.5969,0.0,0.1119,0.0069564873000000004,0.1049435127
KXMLBMENTION-26JUN28ATHLAA-BASE,Mentions,"(0.6, 0.7]",-1,0.63,1.0,-0.855,0.008678250000000002,-0.86367825
KXMLBMENTION-26JUN28ATHLAA-NQE,Mentions,"(-0.001, 0.1]",1,0.01,0.0,-0.495,0.01749825,-0.51249825
KXMLBHIT-26JUN281605ATLSF-SFRDEVERS16-1,Sports,"(0.5, 0.6]",-1,0.56,1.0,-0.9099999999999999,0.0057330000000000055,-0.9157329999999999
KXMLBHIT-26JUN281605ATLSF-SFWADAMES2-2,Sports,"(0.1, 0.2]",1,0.17,0.0,-0.265,0.013634250000000002,-0.27863425
KXWNBASPREAD-26JUN28PDXWSH-WSH7,Sports,"(0.1, 0.2]",1,0.2,0.0,-0.69,0.014973000000000004,-0.704973
KXWNBATOTAL-26JUN28PDXWSH-170,Sports,"(0.2, 0.3]",-1,0.22,1.0,-0.925,0.004856249999999999,-0.92985625
KXMLBHIT-26JUN281610LADSD-LADMBETTS50-2,Sports,"(0.2, 0.3]",-1,0.25,1.0,-0.88,0.007392000000000001,-0.887392
KXMLBHIT-26JUN281610LADSD-SDSTAYLOR-1,Sports,"(0.5, 0.6]",-1,0.55,0.0,0.28,0.014112000000000001,0.265888
KXXRPD-26JUN2820-T1.0399,Crypto,"(0.2, 0.3]",-1,0.2788,1.0,-0.7512000000000001,0.013082899199999998,-0.7642828992000001
KXETH15M-26JUN282015-15,Crypto,"(0.2, 0.3]",-1,0.2731,0.0,0.2681,0.013735567300000003,0.2543644327
KXPGAROUNDSCORE-TRAV26R4-VHOV67,Sports,"(0.5, 0.6]",-1,0.6,0.0,0.125,0.007656250000000001,0.11734375
KXMLBMENTION-26JUN28NYYBOS-PITC,Mentions,"(0.3, 0.4]",-1,0.34,1.0,-1.145,0.0006930000000000006,-1.145693
KXMLBMENTION-26JUN28NYYBOS-FENW,Mentions,"(0.9, 1.0]",-1,0.91,1.0,-0.575,0.017106250000000003,-0.59210625
KXMLBMENTION-26JUN28NYYBOS-SWEE,Mentions,"(0.6, 0.7]",-1,0.63,1.0,-0.855,0.008678250000000002,-0.86367825
KXAAAGASD-26JUN29-3.905,Economics,"(-0.001, 0.1]",1,0.01,0.0,-0.26,0.013468,-0.273468
KXAAAGASD-26JUN29-3.900,Economics,"(-0.001, 0.1]",1,0.01,0.0,-0.055,0.0036382500000000004,-0.05863825
KXAAAGASD-26JUN29-3.875,Economics,"(-0.001, 0.1]",1,0.1,0.0,-0.15000000000000002,0.008925000000000002,-0.15892500000000004
KXAAAGASD-26JUN29-3.855,Economics,"(0.9, 1.0]",-1,0.99,1.0,-0.015000000000000013,0.001034250000000001,-0.016034250000000014
KXAAAGASD-26JUN29-3.845,Economics,"(0.9, 1.0]",-1,0.9899,1.0,-0.06009999999999999,0.003954159299999999,-0.06405415929999998
KXAAAGASW-26JUN29-3.660,Economics,"(0.8, 0.9]",-1,0.82,1.0,-0.18500000000000005,0.010554250000000003,-0.19555425000000007
KXAAAGASW-26JUN29-3.680,Economics,"(0.8, 0.9]",-1,0.8052,1.0,-0.19979999999999998,0.0111915972,-0.2109915972
KXAAAGASW-26JUN29-3.700,Economics,"(0.8, 0.9]",-1,0.8115,1.0,-0.1935,0.010924042500000002,-0.2044240425
KXTSAW-26JUN28-A2.70,Economics,"(0.8, 0.9]",-1,0.8789,1.0,-0.16609999999999997,0.0096957553,-0.17579575529999997
KXTSAW-26JUN28-A2.90,Economics,"(-0.001, 0.1]",1,0.1,0.0,-0.595,0.01686825,-0.61186825
KXAAAGASW-26JUN29-3.900,Economics,"(0.4, 0.5]",-1,0.48,0.0,0.475,0.017456250000000003,0.45754374999999997
KXTSAW-26JUN28-A2.75,Economics,"(0.8, 0.9]",-1,0.89,1.0,-0.18,0.010332000000000001,-0.190332
KXAAAGASD-26JUN29-3.830,Economics,"(0.9, 1.0]",-1,0.99,1.0,-0.06,0.003948,-0.063948
KXAAAGASW-26JUN29-3.720,Economics,"(0.8, 0.9]",-1,0.8274,1.0,-0.17759999999999998,0.0102240768,-0.1878240768
KXAAAGASW-26JUN29-3.740,Economics,"(0.8, 0.9]",-1,0.8142,1.0,-0.19079999999999997,0.0108076752,-0.20160767519999997
KXAAAGASW-26JUN29-3.760,Economics,"(0.8, 0.9]",-1,0.8193,1.0,-0.23569999999999997,0.0126101857,-0.24831018569999996
KXAAAGASW-26JUN29-3.780,Economics,"(0.8, 0.9]",-1,0.8508,1.0,-0.1542,0.009129565200000002,-0.1633295652
KXAAAGASW-26JUN29-3.800,Economics,"(0.8, 0.9]",-1,0.814,1.0,-0.20100000000000007,0.011241930000000004,-0.21224193000000008
KXAAAGASW-26JUN29-3.820,Economics,"(0.8, 0.9]",-1,0.81,1.0,-0.21999999999999997,0.012012,-0.23201199999999997
KXAAAGASW-26JUN29-3.830,Economics,"(0.8, 0.9]",-1,0.82,1.0,-0.22000000000000003,0.012012000000000004,-0.23201200000000002
KXAAAGASW-26JUN29-3.850,Economics,"(0.8, 0.9]",-1,0.81,1.0,-0.23999999999999994,0.012767999999999996,-0.25276799999999994
KXAAAGASW-26JUN29-3.852,Economics,"(0.8, 0.9]",-1,0.81,1.0,-0.5999999999999999,0.016800000000000002,-0.6167999999999999
KXAAAGASW-26JUN29-3.856,Economics,"(0.8, 0.9]",-1,0.81,1.0,-0.5999999999999999,0.016800000000000002,-0.6167999999999999
KXAAAGASD-26JUN29-3.840,Economics,"(0.9, 1.0]",-1,0.9899,1.0,-0.06009999999999999,0.003954159299999999,-0.06405415929999998
KXAAAGASD-26JUN29-3.835,Economics,"(0.9, 1.0]",-1,0.99,1.0,-0.06,0.003948,-0.063948
KXAAAGASD-26JUN29-3.825,Economics,"(0.9, 1.0]",-1,0.99,1.0,-0.06,0.003948,-0.063948
KXAAAGASW-26JUN29-3.866,Economics,"(0.8, 0.9]",-1,0.8085,0.0,0.3985000000000001,0.016778842500000002,0.3817211575000001
KXAAAGASW-26JUN29-3.858,Economics,"(0.8, 0.9]",-1,0.82,1.0,-0.5900000000000001,0.016933,-0.6069330000000001
KXLOLMAP-26JUN282300KCT1-2-KC,Sports,"(0.2, 0.3]",-1,0.3,0.0,-0.1549999999999998,0.0006930000000000006,-0.1556929999999998
KXBTCD-26JUN2902-T59899.99,Crypto,"(0.2, 0.3]",-1,0.2105,1.0,-0.7945,0.011428882500000001,-0.8059288824999999
KXBERNIEMENTION-26JUN27-ROBO,Mentions,"(0.7, 0.8]",-1,0.7783,1.0,-0.6967,0.014791637700000002,-0.7114916377
KXMAMDANIMENTION-26JUN28-SOCI,Mentions,"(0.2, 0.3]",-1,0.24,1.0,-1.245,0.0006930000000000006,-1.2456930000000002
KXMAMDANIMENTION-26JUN28-TRUM,Mentions,"(0.7, 0.8]",-1,0.74,0.0,0.37,0.016317,0.35368299999999997
KXMAMDANIMENTION-26JUN28-NQE,Mentions,"(-0.001, 0.1]",1,0.02,0.0,-0.265,0.013634250000000002,-0.27863425
KXMAMDANIMENTION-26JUN28-FREE,Mentions,"(0.8, 0.9]",-1,0.8738,0.0,0.38880000000000003,0.016634419200000004,0.3721655808
KXMLBMENTION-26JUN28ATHLAA-ANGE,Mentions,"(0.9, 1.0]",-1,0.93,0.0,0.4650000000000001,0.017414250000000003,0.44758575000000006
KXLATENIGHTMENTION-26JUN29-MESS,Mentions,"(0.7, 0.8]",-1,0.792,0.0,0.30700000000000005,0.014892570000000004,0.29210743000000006
KXMLBMENTION-26JUN28ATHLAA-ERRO,Mentions,"(0.7, 0.8]",-1,0.75,0.0,0.725,0.013956250000000002,0.71104375
KXMLBMENTION-26JUN28NYYBOS-WILD,Mentions,"(0.4, 0.5]",-1,0.42,0.0,0.2599999999999999,0.013467999999999997,0.2465319999999999
KXWCMENTION-26JUN28RSACAN-VISA,Mentions,"(0.9, 1.0]",-1,0.91,0.0,0.845,0.00916825,0.83583175
KXTRUMPSAY-26JUN29-STUP,Mentions,"(0.2, 0.3]",-1,0.24,0.0,0.19999999999999996,0.0112,0.18879999999999997
KXTRUMPSAY-26JUN29-MARI,Mentions,"(-0.001, 0.1]",1,0.06,0.0,-0.1,0.006300000000000001,-0.1063
KXTRUMPSAY-26JUN29-CUBA,Mentions,"(0.3, 0.4]",-1,0.34,0.0,0.30000000000000004,0.014700000000000003,0.28530000000000005
KXTRUMPSAY-26JUN29-WHO,Mentions,"(0.9, 1.0]",-1,0.91,1.0,-0.12999999999999998,0.007916999999999999,-0.13791699999999998
KXTRUMPSAY-26JUN29-EPST,Mentions,"(0.8, 0.9]",-1,0.89,0.0,0.8500000000000001,0.008925,0.8410750000000001
KXXRPD-26JUN2910-T1.0599,Crypto,"(0.2, 0.3]",-1,0.3,0.0,0.27,0.013797000000000002,0.256203
KXTRUMPSAY-26JUN29-50,Mentions,"(0.8, 0.9]",-1,0.88,1.0,-0.135,0.008174250000000001,-0.14317425
KXCS2GAME-26JUN290900BKPAINA-PAINA,Sports,"(0.9, 1.0]",-1,0.91,1.0,-0.5449999999999999,0.017358250000000002,-0.56235825
KXGOLFNEXTWIN-SSCH-TRAC26,Sports,"(0.1, 0.2]",1,0.11,0.0,-0.335,0.015594250000000002,-0.35059425
KXPGATOP5-TRAV26-JPOS,Sports,"(0.1, 0.2]",1,0.13,0.0,-0.17,0.009877000000000002,-0.179877
KXPGATOP20-TRAV26-DMCC,Sports,"(0.1, 0.2]",1,0.17,1.0,0.7949999999999999,0.01140825,0.7835917499999999
KXTRUMPVSLAUGHTER,Politics,"(0.8, 0.9]",-1,0.9,1.0,-0.14,0.008428000000000001,-0.148428
KXTRUMPSLAUGHTERVOTE-26-6,Politics,"(0.8, 0.9]",-1,0.87,1.0,-0.15000000000000002,0.008925000000000002,-0.15892500000000004
KXTRUMPSAYMONTH-26JUL01-PALE,Mentions,"(0.7, 0.8]",-1,0.7287,1.0,-0.5613,0.0172369617,-0.5785369617
KXBTCD-26JUN2914-T59999.99,Crypto,"(0.2, 0.3]",-1,0.2147,1.0,-0.7903,0.0116008137,-0.8019008137
KXWTAMATCH-26JUN29KREKLU-KLU,Sports,"(0.1, 0.2]",1,0.13,0.0,-0.565,0.017204250000000004,-0.58220425
KXWTAMATCH-26JUN29TARTAG-TAG,Sports,"(0.5, 0.6]",-1,0.51,0.0,0.07499999999999996,0.004856249999999999,0.07014374999999996
KXPERSONPUBLIC-26JUL01-JROB,Politics,"(0.8, 0.9]",-1,0.8133,1.0,-0.22169999999999995,0.012078437699999998,-0.23377843769999995
KXWCMENTION-26JUN29BRAJPN-CHAM,Mentions,"(0.3, 0.4]",-1,0.3491,1.0,-1.0959,0.0006930000000000006,-1.0965930000000002
KXWCMENTION-26JUN29BRAJPN-RECO,Mentions,"(0.3, 0.4]",-1,0.3492,0.0,-0.09580000000000011,0.0006930000000000006,-0.0964930000000001
KXWCMENTION-26JUN29BRAJPN-CAPT,Mentions,"(0.6, 0.7]",-1,0.6389,1.0,-0.8061,0.0109411953,-0.8170411953000001
KXWCMENTION-26JUN29BRAJPN-HAND,Mentions,"(0.5, 0.6]",-1,0.51,1.0,-0.935,0.004254249999999997,-0.9392542500000001
KXWCMENTION-26JUN29BRAJPN-HATT,Mentions,"(0.4, 0.5]",-1,0.44,0.0,-0.010000000000000009,0.0006930000000000006,-0.01069300000000001
KXWCMENTION-26JUN29BRAJPN-POWE,Mentions,"(-0.001, 0.1]",1,0.09,0.0,-0.535,0.01741425,-0.55241425
KXWCMENTION-26JUN29BRAJPN-GIAN,Mentions,"(0.3, 0.4]",-1,0.35,0.0,-0.10000000000000009,0.0006930000000000006,-0.10069300000000009
KXWCMENTION-26JUN29BRAJPN-BICY,Mentions,"(0.2, 0.3]",-1,0.2467,0.0,-0.20330000000000004,0.0006930000000000006,-0.20399300000000004
KXWCMENTION-26JUN29BRAJPN-NQE,Mentions,"(-0.001, 0.1]",1,0.01,0.0,-0.015,0.0010342500000000002,-0.01603425
KXWCMENTION-26JUN29BRAJPN-PENA,Mentions,"(0.5, 0.6]",-1,0.5246,0.0,0.0746,0.0048324388,0.0697675612
KXWCMENTION-26JUN29BRAJPN-TEXA,Mentions,"(0.3, 0.4]",-1,0.33,1.0,-1.1199999999999999,0.0006930000000000006,-1.120693
KXTRUMPMENTION-26JUN29-250,Mentions,"(0.6, 0.7]",-1,0.6929,0.0,0.5529,0.0173041113,0.5355958887
KXTRUMPMENTION-26JUN29-BARA,Mentions,"(0.6, 0.7]",-1,0.6558,1.0,-0.46919999999999995,0.017433595200000002,-0.48663359519999994
KXTRUMPMENTION-26JUN29-SUPR,Mentions,"(0.6, 0.7]",-1,0.68,1.0,-0.45999999999999996,0.017388,-0.477388
KXTRUMPMENTION-26JUN29-SAVE,Mentions,"(0.6, 0.7]",-1,0.65,1.0,-0.48999999999999994,0.017492999999999998,-0.507493
KXTRUMPMENTION-26JUN29-DUMB,Mentions,"(0.7, 0.8]",-1,0.7225,0.0,0.5825,0.017023562500000002,0.5654764375
KXTRUMPMENTION-26JUN29-GAS,Mentions,"(0.4, 0.5]",-1,0.49,0.0,0.35,0.015925,0.33407499999999996
KXTRUMPMENTION-26JUN29-REFL,Mentions,"(0.4, 0.5]",-1,0.5,0.0,0.36,0.016128000000000003,0.34387199999999996
KXTRUMPMENTION-26JUN29-CRYP,Mentions,"(-0.001, 0.1]",1,0.08,0.0,-0.15000000000000002,0.008925000000000002,-0.15892500000000004
KXTRUMPMENTION-26JUN29-COMM,Mentions,"(0.3, 0.4]",-1,0.3416,1.0,-0.7934,0.011474150800000001,-0.8048741508
KXTRUMPMENTION-26JUN29-AMER,Mentions,"(0.2, 0.3]",-1,0.3,0.0,0.16000000000000003,0.009408000000000003,0.15059200000000003
KXINXU-26JUN29H1600-T6824.9999,Financials,"(0.9, 1.0]",-1,0.99,1.0,-0.505,0.017498250000000003,-0.52249825
KXNASDAQ100U-26JUN29H1600-T28099.99,Financials,"(0.9, 1.0]",-1,0.91,1.0,-0.09999999999999992,0.006299999999999997,-0.10629999999999992
KXWC1HSCORE-26JUN29GERPAR-GER1PAR0,Sports,"(0.2, 0.3]",-1,0.2672,0.0,0.1372,0.0082863312,0.1289136688
KXWCAST-26JUN29GERPAR-GERFNMECH8-1,Sports,"(0.1, 0.2]",1,0.17,0.0,-0.27,0.013797000000000002,-0.283797
KXBTCD-26JUN2918-T60399.99,Crypto,"(0.2, 0.3]",-1,0.2091,0.0,0.20410000000000006,0.011371023300000003,0.19272897670000005
KXBTC-26JUN2919-B60450,Crypto,"(0.2, 0.3]",-1,0.2555,0.0,0.22550000000000003,0.012225482500000003,0.21327451750000004
KXWCTCORNERS-26JUN29GERPAR-GER9,Sports,"(0.2, 0.3]",-1,0.26,1.0,-1.2349999999999999,0.0006930000000000006,-1.235693
KXWCGOAL-26JUN29GERPAR-GERJKIMMI6-1,Sports,"(0.1, 0.2]",1,0.13,0.0,-0.62,0.016492,-0.636492
